Date,adjclose,close,high,low,open,volume
2015-01-02,51.98142623901367,85.27796173095703,85.27796173095703,84.66130828857422,84.95968627929688,949439
2015-01-05,52.108734130859375,85.48683166503906,85.7752685546875,85.04920196533203,85.2381820678711,1351651
2015-01-06,51.71466445922851,84.84033203125,85.33763885498047,84.41265106201172,84.64141082763672,2477275
2015-01-07,51.59947204589844,84.65135955810547,85.02931213378906,84.09437561035156,84.85028076171875,2127190
2015-01-08,51.76923751831055,84.92984771728516,85.18844604492188,84.67124938964844,85.07904052734375,1997761
2015-01-09,52.16329574584961,85.57634735107422,86.0040283203125,85.1685562133789,85.90457153320312,2647416
2015-01-12,51.926856994628906,85.18844604492188,85.73548126220703,85.02931213378906,85.22823333740234,1329585
2015-01-13,51.71466445922851,84.84033203125,84.96963500976562,84.54195404052734,84.55189514160156,1841433
2015-01-14,50.73250579833984,83.22906494140625,84.74087524414062,83.22906494140625,84.72097778320312,4248481
2015-01-15,50.62944030761719,83.05998229980469,83.29869079589844,82.44332122802734,82.64224243164062,3671533
2015-01-16,50.66581726074219,83.11965942382812,83.63685607910156,82.44332122802734,82.69197082519531,2690154
2015-01-19,50.380863189697266,82.65219116210938,83.97502136230469,82.52288818359375,83.56723022460938,2515332
2015-01-20,50.62338638305664,83.05003356933594,83.38819885253906,82.59251403808594,82.6820297241211,2414127
2015-01-21,51.33271789550781,84.21372985839844,84.21372985839844,83.34841918945312,83.4478759765625,2420834
2015-01-22,51.67222595214844,84.77071380615234,84.9895248413086,84.50216674804688,84.7607650756836,2084315
2015-01-23,52.27849578857422,85.76531982421875,85.76531982421875,85.34758758544922,85.48683166503906,2140195
2015-01-27,53.12726211547851,87.15777587890625,87.17767333984375,85.81505584716797,85.88467407226562,2770732
2015-01-28,53.169715881347656,87.22740173339844,87.4959487915039,86.3322525024414,86.89917755126953,2075650
2015-01-29,53.812347412109375,88.28169250488281,88.5601806640625,86.79972076416016,86.89917755126953,3370837
2015-01-30,54.15792465209961,88.84861755371094,89.51500701904297,88.84861755371094,88.92818450927734,14169348
2015-02-02,54.370121002197266,89.19673156738281,89.41554260253906,88.66958618164062,88.81877899169922,2145318
2015-02-03,54.80662536621094,89.91284942626953,90.181396484375,88.39109802246094,89.46527862548828,3430360
2015-02-04,55.04308319091797,90.30075073242188,91.44454956054688,89.723876953125,91.12627410888672,3432166
2015-02-05,56.54662322998047,92.76738739013672,92.78727722167967,90.43004608154295,90.76821899414062,4524529
2015-02-06,56.37081527709961,92.47895050048828,93.45366668701172,92.15072631835938,93.2646942138672,4105866
2015-02-09,56.34048843383789,92.42921447753906,92.737548828125,91.60369110107422,92.25019073486328,2857655
2015-02-10,56.13436508178711,92.09104919433594,92.39938354492188,91.53406524658205,92.3595962524414,2156241
2015-02-11,55.69178009033203,91.36498260498048,92.49884033203124,91.10638427734376,92.49884033203124,2828941
2015-02-12,55.27951431274414,90.68864440917967,91.28541564941406,90.37037658691406,91.28541564941406,4786087
2015-02-13,56.47385787963867,92.64803314208984,93.08566284179688,90.9373016357422,91.35504150390624,3515916
2015-02-16,56.667877197265625,92.96630859375,93.41387939453124,91.67330932617188,92.69776153564452,2907971
2015-02-17,55.744991302490234,89.51500701904297,90.75827026367188,89.42549133300781,89.88301086425781,12418689
2015-02-18,56.18475341796875,90.22118377685548,90.30075073242188,89.40560150146484,90.13166809082033,2630013
2015-02-19,56.45109939575195,90.64886474609376,90.87762451171876,90.06204223632812,90.56929779052734,1999472
2015-02-20,55.875057220458984,89.723876953125,90.98703002929688,89.50505828857422,90.6588134765625,1542448
2015-02-23,55.998931884765625,89.92279815673828,90.41015625,89.68408966064453,90.01231384277344,1754129
2015-02-24,56.38916015625,90.54940032958984,90.7085418701172,89.63436126708984,90.01231384277344,2157809
2015-02-25,56.28385162353515,90.38031768798828,90.92735290527344,90.06204223632812,90.7085418701172,1592051
2015-02-26,56.005130767822266,89.93274688720703,90.45988464355467,89.73382568359375,90.43999481201172,2128938
2015-02-27,56.9342041015625,91.4246597290039,91.8026123046875,89.81339263916016,90.37037658691406,7409937
2015-03-02,57.32442092895508,92.05126953125,92.60824584960938,91.13622283935548,91.40476989746094,2130106
2015-03-03,56.9342041015625,91.4246597290039,92.97625732421876,90.83783721923828,92.17061614990234,2663772
2015-03-04,56.44489669799805,90.638916015625,91.7230453491211,90.0322036743164,91.70315551757812,1830215
2015-03-05,56.43870162963867,90.62897491455078,90.68864440917967,89.96258544921875,90.5096206665039,1687516
2015-03-06,56.420127868652344,90.59913635253906,91.1958999633789,89.96258544921875,90.49967193603516,1263953
2015-03-09,56.067081451416016,90.0322036743164,90.58421325683594,89.8034439086914,89.84323120117188,1377237
2015-03-10,56.166168212890625,90.19134521484376,90.7383804321289,89.83328247070312,90.21123504638672,1933147
2015-03-11,56.067081451416016,90.0322036743164,90.27091217041016,89.1171646118164,89.51500701904297,1898428
2015-03-12,56.87226867675781,91.32520294189452,91.4942855834961,89.66419982910156,89.66419982910156,1966227
2015-03-13,56.56257247924805,90.82789611816406,91.76282501220705,90.62897491455078,91.50422668457033,1755490
2015-03-16,56.85368728637695,91.2953643798828,91.5738525390625,90.2609634399414,90.5096206665039,1814882
2015-03-17,57.85709762573242,92.90663146972656,93.15528106689452,91.91201782226562,92.10099792480467,2773915
2015-03-18,57.84471893310547,92.8867416381836,92.98619842529295,91.94185638427734,92.60824584960938,3200946
2015-03-19,59.219749450683594,95.0947723388672,95.28375244140624,93.2945327758789,93.2945327758789,5135625
2015-03-20,59.65951156616211,95.80094909667967,96.07943725585938,94.4383316040039,94.68698120117188,5602495
2015-03-23,59.13922119140625,94.9654769897461,96.16895294189452,94.90579986572266,95.80094909667967,2148648
2015-03-24,58.89765930175781,94.57757568359376,95.24396514892578,94.52784729003906,94.9654769897461,1728933
2015-03-25,59.37460708618164,95.34342956542967,95.34342956542967,94.59747314453124,94.68698120117188,2459137
2015-03-26,58.12343978881836,93.33431243896484,94.5875244140625,93.33431243896484,94.57757568359376,3587132
2015-03-27,58.43313980102539,93.83161926269533,94.24935913085938,93.01603698730467,93.2945327758789,7619755
2015-03-30,57.665096282958984,92.59830474853516,93.47355651855467,92.4093246459961,93.2646942138672,2197553
2015-03-31,57.85091400146485,92.8966827392578,93.83161926269533,92.8966827392578,93.0956039428711,2242100
2015-04-01,57.80135345458984,92.8171157836914,92.8867416381836,92.09104919433594,92.29991912841795,2237986
2015-04-02,58.47028732299805,93.89129638671876,94.10016632080078,92.82706451416016,92.99614715576172,2216801
2015-04-07,58.35261535644531,93.70231628417967,95.2738037109375,93.26966094970705,94.5377960205078,3112971
2015-04-08,58.22254943847656,93.4934539794922,94.15984344482422,93.22490692138672,93.79183197021484,1718655
2015-04-09,58.1296272277832,93.3442611694336,94.07032775878906,93.20501708984376,93.4934539794922,1591248
2015-04-10,58.30306625366211,93.62274932861328,93.7669677734375,92.91658020019533,93.4934539794922,1260213
2015-04-13,58.284481048583984,93.59291076660156,94.2593002319336,93.54318237304688,93.7222137451172,1098362
2015-04-14,58.09867858886719,93.2945327758789,93.56307220458984,92.90663146972656,92.99614715576172,2040939
2015-04-15,57.25629425048828,91.94185638427734,93.31442260742188,91.87223815917967,93.28458404541016,3315916
2015-04-16,57.60932922363281,92.5087890625,92.98619842529295,92.22035217285156,92.98619842529295,1994590
2015-04-17,57.03330993652344,91.58380126953124,92.61819458007812,91.40476989746094,92.5087890625,2103024
2015-04-20,56.56876373291016,90.83783721923828,91.08649444580078,90.52951049804688,90.90746307373048,2247349
2015-04-21,56.84749984741211,91.28541564941406,91.74293518066406,91.0666046142578,91.66336822509766,2513493
2015-04-22,56.43870162963867,90.62897491455078,91.4942855834961,90.22118377685548,91.2456283569336,2356933
2015-04-23,56.19095230102539,90.23112487792967,90.89751434326172,90.01231384277344,90.75827026367188,2354448
2015-04-24,57.045711517333984,91.60369110107422,91.70315551757812,90.7085418701172,90.83783721923828,5636739
2015-04-27,57.42972183227539,92.22035217285156,92.24024200439452,91.4246597290039,92.0313720703125,1867077
2015-04-28,57.34299850463867,92.0811004638672,92.45905303955078,91.99159240722656,92.25019073486328,1928189
2015-04-29,56.098045349121094,90.08193969726562,92.36953735351562,90.08193969726562,91.82250213623048,2663435
2015-04-30,55.04508209228515,88.39109802246094,89.30613708496094,87.81422424316406,89.2464599609375,3951691
2015-05-01,55.0760383605957,88.44082641601562,88.8685073852539,87.7744369506836,87.92362976074219,2327562
2015-05-04,54.51240539550781,87.53572845458984,87.91865539550781,86.68036651611328,86.84944915771484,3019775
2015-05-05,54.51240539550781,87.53572845458984,87.53572845458984,87.53572845458984,87.53572845458984,0
2015-05-06,51.39687728881836,82.5328369140625,85.53656005859375,82.5328369140625,84.78065490722656,7237279
2015-05-07,51.477394104003906,82.6621322631836,83.17933654785156,80.56350708007812,80.86189270019531,6304381
2015-05-08,51.186279296875,82.19467163085938,84.154052734375,82.19467163085938,83.24895477294922,3205428
2015-05-11,50.895172119140625,81.72720336914062,83.239013671875,81.2696762084961,83.09976196289062,2882418
2015-05-12,51.334938049316406,82.4333724975586,82.73175811767578,81.35919189453125,81.72720336914062,3111821
2015-05-13,52.01626205444336,83.52745056152344,83.73631286621094,82.65219116210938,83.0898208618164,3056334
2015-05-14,51.79329681396485,83.16938781738281,83.74626159667969,82.59251403808594,83.39814758300781,3796619
2015-05-15,52.493202209472656,84.29329681396484,84.34302520751953,83.56723022460938,84.29329681396484,3820204
2015-05-18,51.40926361083984,82.55272674560547,84.41265106201172,82.55272674560547,84.3828125,3337301
2015-05-19,51.31635284423828,82.40353393554688,83.3683090209961,81.81671905517578,82.60246276855469,3105625
2015-05-20,51.09337615966797,82.04547882080078,82.89089965820312,81.90623474121094,82.10515594482422,2543185
2015-05-21,51.75612258911133,83.10971069335938,83.20917510986328,81.75704193115234,81.75704193115234,2889228
2015-05-22,51.477394104003906,82.6621322631836,83.43793487548828,82.33391571044922,83.43793487548828,1801985
2015-05-25,52.02864837646485,83.5473403930664,83.78604888916016,82.4333724975586,82.75164794921875,1497762
2015-05-26,52.42505645751953,84.18389129638672,84.29329681396484,83.41803741455078,83.5473403930664,2448977
2015-05-27,52.109169006347656,83.6766357421875,84.34302520751953,83.38819885253906,83.88550567626953,2235413
2015-05-28,51.71895980834961,83.05003356933594,83.97999572753906,82.77651977539062,83.91534423828125,2645842
2015-05-29,52.70378112792969,84.6314697265625,85.35752868652344,83.2191162109375,83.51750183105469,9148534
2015-06-01,52.325958251953125,84.02474975585938,84.54195404052734,83.09976196289062,84.3828125,2115325
2015-06-02,51.40926361083984,82.55272674560547,84.66130828857422,82.55272674560547,84.66130828857422,2626561
2015-06-03,50.523536682128906,81.13043212890625,82.2245101928711,81.12049102783203,82.055419921875,3746197
2015-06-04,49.88557052612305,80.10598754882812,82.04547882080078,80.03636169433594,81.0608139038086,3795236
2015-06-05,49.73072052001953,79.85733032226562,80.37452697753906,79.36002349853516,79.94684600830078,2906801
2015-06-09,49.43960952758789,79.38986206054688,80.79226684570312,79.3699722290039,79.86727905273438,2823264
2015-06-10,49.495357513427734,79.47937774658203,79.76781463623047,78.76325988769531,79.42964935302734,2251304
2015-06-11,50.424434661865234,80.97129821777344,81.05086517333984,79.86727905273438,79.86727905273438,2587719
2015-06-12,50.43063735961914,80.98123931884766,81.5183334350586,80.5833969116211,81.0608139038086,1838138
2015-06-15,50.72174835205078,81.4487075805664,81.45865631103516,79.78771209716797,80.46404266357422,2378550
2015-06-16,51.02524948120117,81.93607330322266,82.57262420654297,81.17021942138672,81.55812072753906,2007322
2015-06-17,52.189701080322266,83.80593872070312,84.0048599243164,82.87100219726562,83.05003356933594,3698895
2015-06-18,51.53314208984375,82.75164794921875,83.7761001586914,82.24440002441406,83.70647430419922,5371041
2015-06-19,52.31975936889648,84.01480865478516,84.03469848632812,83.4826889038086,83.73631286621094,3671190
2015-06-22,52.66043472290039,84.56184387207031,84.65633392333984,83.49761199951172,83.81588745117188,2092066
2015-06-23,53.73816680908203,86.29246520996094,86.43170928955078,85.5465087890625,85.99408721923828,2796516
2015-06-24,54.004486083984375,86.72015380859375,87.11799621582031,86.45160675048828,86.6107406616211,2961909
2015-06-25,54.066444396972656,86.81961059570312,87.12793731689453,85.73548126220703,86.16316986083984,2840331
2015-06-26,53.670040130615234,86.18305969238281,86.44165802001953,85.5465087890625,86.03386688232422,10063632
2015-06-29,52.45603561401367,84.2336196899414,84.99947357177734,83.90540313720703,84.92984771728516,2505051
2015-06-30,52.72855758666992,84.67124938964844,84.94974517822266,83.17933654785156,83.39814758300781,3217737
2015-07-01,53.27982711791992,85.55645751953125,86.11343383789062,84.6911392211914,84.6911392211914,2073836
2015-07-02,54.16554641723633,86.97875213623047,87.17767333984375,85.48683166503906,85.50672149658203,3133305
2015-07-03,53.67623519897461,86.19300842285156,87.02848052978516,85.67581176757812,87.02848052978516,2500992
2015-07-06,53.45323944091797,85.83494567871094,86.18305969238281,84.50714111328125,84.62152099609375,2049336
2015-07-07,54.3141975402832,87.21745300292969,87.52578735351562,85.98413848876953,86.03386688232422,3147763
2015-07-08,53.12495422363281,85.30780029296875,86.8395004272461,85.30780029296875,85.84489440917969,3983298
2015-07-09,53.01968002319336,85.13871765136719,85.45699310302734,83.75621032714844,84.154052734375,2788755
2015-07-10,53.13735580444336,85.32769775390625,86.1034927368164,85.2182846069336,85.99408721923828,1837185
2015-07-13,52.75954055786133,84.72097778320312,86.36209106445312,84.57179260253906,85.11882781982422,2029786
2015-07-14,53.42227935791016,85.78521728515625,86.26262664794922,85.24812316894531,85.95429992675781,2382827
2015-07-15,53.961151123046875,86.65052795410156,86.82955932617188,85.93441009521484,85.93441009521484,2491791
2015-07-16,54.4814338684082,87.48600006103516,87.93357849121094,87.12793731689453,87.52578735351562,2208707
2015-07-17,54.49380874633789,87.50588989257812,87.8739013671875,86.94891357421875,87.81422424316406,1428452
2015-07-20,54.72919845581055,87.88384246826172,87.94351959228516,87.2472915649414,87.52578735351562,1257916
2015-07-21,54.568153381347656,87.625244140625,88.40104675292969,87.33680725097656,88.35131072998047,2018897
2015-07-22,53.657657623291016,86.16316986083984,86.95885467529297,86.16316986083984,86.65052795410156,2890237
2015-07-23,53.45323944091797,85.83494567871094,86.57096099853516,85.56639862060547,86.03386688232422,2193242
2015-07-24,53.14973831176758,85.34758758544922,86.4615478515625,85.03925323486328,85.53656005859375,2277294
2015-07-27,53.32317352294922,85.6260757446289,85.68575286865234,84.65135955810547,84.9895248413086,2295120
2015-07-28,53.48420333862305,85.88467407226562,86.37203979492188,84.81049346923828,84.81049346923828,2519049
2015-07-29,53.639068603515625,86.13333129882812,87.11799621582031,86.13333129882812,86.62068939208984,2316921
2015-07-30,53.93636703491211,86.6107406616211,86.95885467529297,86.16316986083984,86.4615478515625,1950087
2015-07-31,54.23367691040039,87.0881576538086,87.30696868896484,86.64057922363281,87.0881576538086,6791348
2015-08-03,54.115997314453125,86.89917755126953,87.2671890258789,86.34219360351562,87.2472915649414,1329067
2015-08-04,54.52479934692383,87.55562591552734,87.89379119873047,86.57096099853516,86.89917755126953,2279121
2015-08-05,54.115997314453125,86.89917755126953,87.51583862304688,86.4615478515625,87.15777587890625,2501631
2015-08-06,52.36932373046875,84.09437561035156,85.53656005859375,83.6766357421875,85.53656005859375,4513030
2015-08-07,50.35629653930664,80.86189270019531,82.96051788330078,80.86189270019531,82.35380554199219,5242740
2015-08-10,50.876590728759766,81.6973648071289,82.2046127319336,80.06620025634766,80.71269989013672,3397134
2015-08-11,50.864200592041016,81.6774673461914,82.54278564453125,81.30946350097656,82.51294708251953,3869099
2015-08-12,50.864200592041016,81.6774673461914,81.6774673461914,81.6774673461914,81.6774673461914,0
2015-08-13,50.864200592041016,81.6774673461914,81.6774673461914,81.6774673461914,81.6774673461914,0
2015-08-14,50.864200592041016,81.6774673461914,81.6774673461914,81.6774673461914,81.6774673461914,0
2015-08-17,50.610443115234375,81.2699966430664,81.73999786376953,80.37000274658203,80.5,8127186
2015-08-18,49.24034881591797,76.91000366210938,79.52999877929688,76.91000366210938,79.30999755859375,7498212
2015-08-19,50.11107635498047,78.2699966430664,78.83999633789062,76.94999694824219,77.08000183105469,5726975
2015-08-20,48.753780364990234,76.1500015258789,77.94999694824219,75.76000213623047,77.0,6306169
2015-08-21,48.39524841308594,75.58999633789062,75.58999633789062,74.16000366210938,75.08999633789062,6935842
2015-08-24,46.39772033691406,72.47000122070312,74.36000061035156,72.47000122070312,73.5999984741211,6916599
2015-08-25,48.0687255859375,75.08000183105469,75.36000061035156,71.41999816894531,71.44999694824219,8131178
2015-08-26,48.740962982177734,76.12999725341797,76.26000213623047,73.51000213623047,73.55000305175781,6033884
2015-08-27,48.93303680419922,76.43000030517578,77.4800033569336,76.43000030517578,77.0,4834405
2015-08-28,48.88822937011719,76.36000061035156,77.3499984741211,75.5999984741211,77.30000305175781,8807049
2015-08-31,48.0687255859375,75.08000183105469,75.70999908447266,74.12000274658203,75.70999908447266,4715040
2015-09-01,46.92910385131836,73.30000305175781,75.08999633789062,73.25,74.98999786376953,4332533
2015-09-02,47.140384674072266,73.62999725341797,73.76000213623047,72.22000122070312,72.6500015258789,4509276
2015-09-03,46.077606201171875,71.97000122070312,74.87000274658203,71.97000122070312,74.62999725341797,3937578
2015-09-04,46.19284439086914,72.1500015258789,72.33000183105469,71.26000213623047,71.95999908447266,6328120
2015-09-07,46.30167770385742,72.31999969482422,72.37999725341797,71.33999633789062,71.9000015258789,4570660
2015-09-08,47.486114501953125,74.16999816894531,74.16999816894531,72.3499984741211,72.58999633789062,3999324
2015-09-09,49.11871337890625,76.72000122070312,76.83999633789062,75.76000213623047,75.80999755859375,5549748
2015-09-10,48.100738525390625,75.12999725341797,76.5,74.81999969482422,74.9000015258789,4595034
2015-09-11,48.100738525390625,75.12999725341797,75.12999725341797,75.12999725341797,75.12999725341797,0
2015-09-14,47.72940444946289,74.55000305175781,75.30000305175781,74.0199966430664,75.05000305175781,5378705
2015-09-15,47.00593566894531,73.41999816894531,74.9800033569336,73.2699966430664,74.66999816894531,4209355
2015-09-16,48.2415885925293,75.3499984741211,75.47000122070312,74.0999984741211,74.98999786376953,5551703
2015-09-17,48.39524841308594,75.58999633789062,76.48999786376953,75.51000213623047,76.19999694824219,5142469
2015-09-18,48.54889678955078,75.83000183105469,76.37000274658203,74.3499984741211,75.73999786376953,4131169
2015-09-21,47.13398742675781,73.62000274658203,74.77999877929688,73.05000305175781,74.61000061035156,3651808
2015-09-22,47.24922561645508,73.80000305175781,74.55000305175781,73.19999694824219,74.0,2229040
2015-09-23,45.84071350097656,71.5999984741211,73.20999908447266,71.44999694824219,73.0,5680792
2015-09-24,46.41692733764648,72.5,72.80000305175781,71.8499984741211,71.97000122070312,3215885
2015-09-25,45.7382698059082,71.44000244140625,73.29000091552734,71.4000015258789,72.80000305175781,8362078
2015-09-28,46.544960021972656,72.69999694824219,73.05999755859375,71.55000305175781,71.55999755859375,2151950
2015-09-29,44.912376403808594,70.1500015258789,71.93000030517578,70.1500015258789,71.5,4504678
2015-09-30,46.55777359008789,72.72000122070312,72.93000030517578,70.83000183105469,70.8499984741211,4795052
2015-10-01,47.55013275146485,74.2699966430664,74.3550033569336,72.66000366210938,73.38999938964844,3277220
2015-10-02,46.986724853515625,73.38999938964844,74.44000244140625,73.11000061035156,73.38999938964844,2392470
2015-10-05,47.60774993896485,74.36000061035156,74.83999633789062,74.19999694824219,74.44000244140625,1619838
2015-10-06,47.99189758300781,74.95999908447266,75.83000183105469,74.77999877929688,75.25,2595262
2015-10-07,48.01750946044922,75.0,75.27999877929688,73.70999908447266,75.0,2523405
2015-10-08,48.254390716552734,75.37000274658203,75.9000015258789,75.02999877929688,75.69999694824219,1998171
2015-10-09,48.356834411621094,75.52999877929688,76.25,75.0,76.0,2428907
2015-10-12,47.79342269897461,74.6500015258789,75.52999877929688,74.33000183105469,75.5,2185101
2015-10-13,47.52451705932617,74.2300033569336,74.87999725341797,73.2699966430664,74.5,2371617
2015-10-14,47.735801696777344,74.55999755859375,75.0,73.44999694824219,73.44999694824219,2682858
2015-10-15,48.27360153198242,75.4000015258789,75.56999969482422,74.01000213623047,74.86000061035156,2302705
2015-10-16,49.009864807128906,76.55000305175781,77.0,75.97000122070312,76.0,3732096
2015-10-19,48.93303680419922,76.43000030517578,77.0999984741211,76.05999755859375,77.0,1963338
2015-10-20,48.4848747253418,75.7300033569336,76.44999694824219,75.5999984741211,76.1500015258789,1995934
2015-10-21,48.53609848022461,75.80999755859375,76.12000274658203,74.51000213623047,75.3499984741211,1914141
2015-10-22,48.90743637084961,76.38999938964844,76.69999694824219,75.30000305175781,75.5,1734973
2015-10-23,49.52205276489258,77.3499984741211,78.0999984741211,77.0999984741211,77.69999694824219,3063301
2015-10-26,49.61808395385742,77.5,77.93000030517578,77.37000274658203,77.88999938964844,2251288
2015-10-27,49.77173614501953,77.73999786376953,78.0999984741211,77.54000091552734,77.61000061035156,2424679
2015-10-28,49.70771026611328,77.63999938964844,77.81999969482422,77.02999877929688,77.75,2108346
2015-10-29,49.40681076049805,77.16999816894531,78.25,77.05000305175781,78.20999908447266,2637207
2015-10-30,49.12510299682617,76.7300033569336,77.31999969482422,76.12999725341797,76.51000213623047,6229906
2015-11-02,48.08152770996094,75.0999984741211,76.98999786376953,75.01000213623047,76.8499984741211,3023142
2015-11-03,48.95225143432617,76.45999908447266,76.5,75.30000305175781,75.5,1949984
2015-11-04,49.02906799316406,76.58000183105469,77.9000015258789,76.3499984741211,77.08000183105469,2574174
2015-11-05,48.56170272827149,75.8499984741211,77.44000244140625,75.11000061035156,76.80999755859375,2951072
2015-11-06,49.03548049926758,76.58999633789062,76.86000061035156,75.51000213623047,75.83000183105469,2169524
2015-11-09,48.38884353637695,75.58000183105469,76.6500015258789,75.0199966430664,76.18000030517578,2288971
2015-11-10,47.86384201049805,74.76000213623047,75.6500015258789,73.75,75.5,3464540
2015-11-11,48.657745361328125,76.0,76.29000091552734,74.8499984741211,74.8499984741211,2720061
2015-11-12,49.55406951904297,77.4000015258789,77.69000244140625,75.5199966430664,75.5999984741211,2560501
2015-11-13,48.50408172607422,75.76000213623047,76.19000244140625,75.02999877929688,75.66000366210938,2885084
2015-11-16,47.87665939331055,74.77999877929688,75.5199966430664,74.62999725341797,74.63999938964844,2114256
2015-11-17,49.3427848815918,77.06999969482422,77.06999969482422,75.58000183105469,75.98999786376953,2930849
2015-11-18,49.83576202392578,77.83999633789062,78.25,76.37999725341797,76.47000122070312,3150721
2015-11-19,50.66807174682617,79.13999938964844,79.18000030517578,78.16000366210938,78.58999633789062,3267766
2015-11-20,51.109825134277344,79.83000183105469,80.2300033569336,78.91000366210938,79.3499984741211,2950873
2015-11-23,51.474761962890625,80.4000015258789,80.69000244140625,79.5199966430664,80.0,2001482
2015-11-24,50.988189697265625,79.63999938964844,80.69999694824219,79.5199966430664,79.80000305175781,2604415
2015-11-25,50.57843399047851,79.0,79.61000061035156,78.69999694824219,79.61000061035156,2373029
2015-11-26,51.359527587890625,80.22000122070312,80.61000061035156,79.20999908447266,79.2699966430664,3292309
2015-11-27,51.295509338378906,80.12000274658203,81.0,79.5999984741211,80.94999694824219,5545776
2015-11-30,50.85373306274414,79.43000030517578,80.58999633789062,79.3499984741211,80.25,4247367
2015-12-01,51.852500915527344,80.98999786376953,81.45999908447266,79.4000015258789,79.45999908447266,3556546
2015-12-02,52.34549331665039,81.76000213623047,81.87999725341797,80.77999877929688,81.05000305175781,2445536
2015-12-03,52.17902755737305,81.5,81.72000122070312,80.58999633789062,80.94000244140625,1902582
2015-12-04,51.359527587890625,80.22000122070312,80.44000244140625,79.55999755859375,79.95999908447266,3408806
2015-12-07,51.54520034790039,80.51000213623047,81.80999755859375,80.5,81.5,2028151
2015-12-08,51.30830383300781,80.13999938964844,80.69000244140625,79.75,80.01000213623047,2474404
2015-12-09,51.404335021972656,80.29000091552734,80.9000015258789,79.5199966430664,79.86000061035156,2497690
2015-12-10,50.51441192626953,78.9000015258789,80.0,77.87999725341797,79.69999694824219,4186508
2015-12-11,50.54643249511719,78.94999694824219,79.3499984741211,78.1500015258789,78.5,2284470
2015-12-14,49.57966995239258,77.44000244140625,78.41999816894531,77.33000183105469,77.94999694824219,2914971
2015-12-15,49.21474075317383,76.87000274658203,78.23999786376953,76.87000274658203,77.9800033569336,2701611
2015-12-16,50.63605499267578,79.08999633789062,79.08999633789062,77.5999984741211,77.80000305175781,3102407
2015-12-17,51.66042709350586,80.69000244140625,80.9000015258789,80.16999816894531,80.5,5445628
2015-12-18,52.223838806152344,81.56999969482422,81.56999969482422,79.5250015258789,79.9000015258789,7936255
2015-12-21,52.44792556762695,81.91999816894531,81.97000122070312,80.7699966430664,80.7699966430664,2198137
2015-12-22,52.28785705566406,81.66999816894531,82.5199966430664,81.27999877929688,82.47000122070312,2092679
2015-12-23,52.531150817871094,82.05000305175781,82.58999633789062,81.80999755859375,82.48999786376953,2522546
2015-12-24,53.34423828125,83.31999969482422,83.41999816894531,82.83000183105469,83.0999984741211,1620353
2015-12-28,53.34423828125,83.31999969482422,83.31999969482422,83.31999969482422,83.31999969482422,0
2015-12-29,54.099727630615234,84.5,84.5,83.0199966430664,83.47000122070312,1840762
2015-12-30,54.7847900390625,85.56999969482422,85.78500366210938,84.9000015258789,85.0,2623161
2015-12-31,54.759159088134766,85.52999877929688,85.8499984741211,85.0999984741211,85.48999786376953,1800609
2016-01-04,54.074119567871094,84.45999908447266,85.52999877929688,84.2300033569336,85.44000244140625,2230040
2016-01-05,53.20980453491211,83.11000061035156,83.62999725341797,83.01000213623047,83.18000030517578,2761614
2016-01-06,52.56957244873047,82.11000061035156,83.33999633789062,81.88999938964844,83.12999725341797,2477040
2016-01-07,51.481170654296875,80.41000366210938,82.30000305175781,79.91000366210938,81.69999694824219,3320993
2016-01-08,50.84732437133789,79.41999816894531,80.3499984741211,77.6500015258789,79.0,3791303
2016-01-11,50.34796142578125,78.63999938964844,79.19999694824219,77.7300033569336,78.4800033569336,2588229
2016-01-12,50.828128814697266,79.38999938964844,80.3499984741211,78.95999908447266,79.0,2927025
2016-01-13,51.858909606933594,81.0,81.2699966430664,79.58000183105469,80.11000061035156,3143955
2016-01-14,50.84732437133789,79.41999816894531,79.9800033569336,78.80999755859375,79.5,2147488
2016-01-15,50.501617431640625,78.87999725341797,80.93000030517578,78.5199966430664,80.87999725341797,2701597
2016-01-18,50.18790054321289,78.38999938964844,78.83999633789062,77.25,77.73999786376953,2460969
2016-01-19,50.70009231567383,79.19000244140625,79.20999908447266,78.06999969482422,78.5999984741211,2300055
2016-01-20,49.68851089477539,77.61000061035156,79.7699966430664,77.47000122070312,79.19999694824219,3383000
2016-01-21,49.17632293701172,76.80999755859375,79.16000366210938,76.80999755859375,78.7699966430664,5261645
2016-01-22,49.01627349853515,76.55999755859375,77.4000015258789,75.9800033569336,77.4000015258789,3581094
2016-01-25,50.57843399047851,79.0,79.0,77.5,77.91999816894531,2932402
2016-01-27,49.682106018066406,77.5999984741211,79.0,77.2300033569336,79.0,3232392
2016-01-28,49.829368591308594,77.83000183105469,78.05999755859375,76.55999755859375,77.58000183105469,3143338
2016-01-29,50.367164611816406,78.66999816894531,78.66999816894531,76.69000244140625,77.79000091552734,7035866
2016-02-01,50.07905197143555,78.22000122070312,79.58999633789062,78.04000091552734,79.5,3603114
2016-02-02,49.95100021362305,78.0199966430664,78.76499938964844,77.80000305175781,78.52999877929688,2339438
2016-02-03,48.4848747253418,75.7300033569336,77.22000122070312,75.62000274658203,76.7300033569336,3758642
2016-02-04,49.5284538269043,77.36000061035156,77.62999725341797,76.05000305175781,76.30000305175781,3125514
2016-02-05,49.0418815612793,76.5999984741211,77.13999938964844,76.01000213623047,77.0,2267961
2016-02-08,48.90101623535156,76.37999725341797,76.61000061035156,75.8499984741211,76.06999969482422,2222535
2016-02-09,46.65380859375,72.87000274658203,75.75,72.87000274658203,75.62000274658203,4592593
2016-02-10,47.50531768798828,74.19999694824219,75.69999694824219,72.58000183105469,74.97000122070312,6540751
2016-02-11,47.569339752197266,74.30000305175781,75.19000244140625,73.12999725341797,75.0999984741211,2862170
2016-02-12,46.94831848144531,73.33000183105469,74.45999908447266,73.06999969482422,73.69000244140625,4264022
2016-02-15,47.569339752197266,74.30000305175781,75.4000015258789,73.11000061035156,75.4000015258789,5367415
2016-02-16,47.75351333618164,72.5999984741211,72.73999786376953,70.75,72.5,5455758
2016-02-17,47.575927734375,72.33000183105469,73.54000091552734,71.8499984741211,73.19000244140625,3410164
2016-02-18,48.85855865478515,74.27999877929688,74.27999877929688,73.0,73.30999755859375,3165062
2016-02-19,48.29946517944336,73.43000030517578,74.12999725341797,73.02999877929688,73.8499984741211,1768177
2016-02-22,48.832237243652344,74.23999786376953,74.41999816894531,73.16000366210938,73.19999694824219,2074363
2016-02-23,48.20079803466797,73.27999877929688,75.0,73.02999877929688,74.01000213623047,2571840
2016-02-24,46.87211608886719,71.26000213623047,72.70999908447266,71.0,72.62000274658203,3957518
2016-02-25,46.70109558105469,71.0,71.54000091552734,70.06999969482422,71.5,5357879
2016-02-26,46.51692962646485,70.72000122070312,71.75,70.3499984741211,71.5,4861345
2016-02-29,46.13541793823242,70.13999938964844,71.48999786376953,70.08999633789062,70.8499984741211,4476962
2016-03-01,46.97078704833984,71.41000366210938,71.4800033569336,70.08999633789062,70.11000061035156,3667485
2016-03-02,48.63492202758789,73.94000244140625,74.63999938964844,72.63999938964844,72.8499984741211,3667940
2016-03-03,49.2729377746582,74.91000366210938,74.91000366210938,74.01000213623047,74.16000366210938,3042379
2016-03-04,49.818885803222656,75.73999786376953,76.05000305175781,75.33999633789062,75.70999908447266,2660545
2016-03-07,50.575313568115234,76.88999938964844,77.16500091552734,75.73999786376953,76.19000244140625,2691887
2016-03-08,49.62813186645508,75.44999694824219,76.9800033569336,75.05000305175781,76.68000030517578,3363994
2016-03-09,50.19380187988281,76.30999755859375,76.30999755859375,75.0,75.19999694824219,2661641
2016-03-10,50.08198547363281,76.13999938964844,77.18000030517578,76.05000305175781,76.5999984741211,1786282
2016-03-11,50.233280181884766,76.37000274658203,76.75,75.41999816894531,76.30000305175781,1774934
2016-03-14,50.55558013916016,76.86000061035156,77.44999694824219,76.62999725341797,76.87999725341797,4135863
2016-03-15,49.62813186645508,75.44999694824219,76.86000061035156,75.25,76.83999633789062,1647922
2016-03-16,50.016204833984375,76.04000091552734,76.55000305175781,75.19999694824219,75.5,1764992
2016-03-17,50.89760971069336,77.37999725341797,77.95999908447266,76.25,76.6500015258789,4715401
2016-03-18,51.41066360473633,78.16000366210938,78.52999877929688,77.6500015258789,78.0,4505834
2016-03-21,50.7397575378418,77.13999938964844,78.1500015258789,76.73999786376953,78.11000061035156,1781730
2016-03-22,50.58846664428711,76.91000366210938,77.48999786376953,76.87000274658203,77.30000305175781,2824264
2016-03-23,50.45033645629883,76.69999694824219,77.0,76.16999816894531,76.76000213623047,2729654
2016-03-24,49.213748931884766,74.81999969482422,76.30999755859375,74.1500015258789,76.01000213623047,8965297
2016-03-29,48.09555435180664,73.12000274658203,74.80000305175781,72.91000366210938,74.80000305175781,2545930
2016-03-30,48.22053146362305,73.30999755859375,74.37000274658203,72.69999694824219,73.62999725341797,2249949
2016-03-31,49.279518127441406,74.91999816894531,75.16999816894531,73.55999755859375,74.29000091552734,3039143
2016-04-01,48.01004409790039,72.98999786376953,74.12000274658203,72.59500122070312,73.80999755859375,2904635
2016-04-04,47.96400451660156,72.91999816894531,73.94999694824219,72.91000366210938,73.19999694824219,1953640
2016-04-05,46.865535736083984,71.25,73.01000213623047,71.0,73.0,4361540
2016-04-06,46.79975509643555,71.1500015258789,71.69000244140625,70.61000061035156,71.2300033569336,2732316
2016-04-07,46.69451904296875,70.98999786376953,71.7699966430664,70.76000213623047,71.55000305175781,2312789
2016-04-08,46.54323196411133,70.76000213623047,71.31999969482422,69.79000091552734,70.27999877929688,3270663
2016-04-11,46.50376510620117,70.69999694824219,71.06999969482422,70.31999969482422,71.0,2349021
2016-04-12,47.50356674194336,72.22000122070312,72.22000122070312,70.51000213623047,70.51000213623047,2033939
2016-04-13,48.49678421020508,73.7300033569336,73.7300033569336,72.5199966430664,73.05999755859375,2815308
2016-04-14,49.14138412475586,74.70999908447266,74.9000015258789,74.0,74.66000366210938,3222694
2016-04-15,49.3321418762207,75.0,75.0199966430664,73.76000213623047,74.54000091552734,2341707
2016-04-18,48.79278564453125,74.18000030517578,75.0199966430664,73.8499984741211,74.5199966430664,2220565
2016-04-19,49.13481903076172,74.69999694824219,75.44999694824219,74.6500015258789,75.0,3916364
2016-04-20,49.03615188598633,74.55000305175781,75.16000366210938,73.9000015258789,75.0,2357210
2016-04-21,49.64786148071289,75.4800033569336,75.55999755859375,74.9000015258789,75.0,3324504
2016-04-22,49.35845947265625,75.04000091552734,75.62999725341797,74.7300033569336,75.0,2164070
2016-04-26,49.739959716796875,75.62000274658203,75.81999969482422,75.0999984741211,75.4000015258789,2401173
2016-04-27,48.51651382446289,73.76000213623047,76.16000366210938,73.45999908447266,75.9800033569336,3288270
2016-04-28,48.57571792602539,73.8499984741211,74.37999725341797,73.52999877929688,74.0,3085777
2016-04-29,48.60202407836914,73.88999938964844,74.4000015258789,73.52999877929688,73.94000244140625,4300511
2016-05-02,47.58249282836914,72.33999633789062,73.2699966430664,71.30000305175781,73.0,2968523
2016-05-03,49.34529113769531,75.0199966430664,75.0199966430664,71.51000213623047,71.5999984741211,3868830
2016-05-04,49.07561111450195,74.61000061035156,75.31999969482422,73.80999755859375,74.69999694824219,2441957
2016-05-05,49.23346328735352,74.8499984741211,75.33000183105469,74.5199966430664,74.73999786376953,3250863
2016-05-06,48.90459442138672,74.3499984741211,74.6500015258789,73.5,74.37999725341797,3800504
2016-05-09,49.84519958496094,75.77999877929688,75.83999633789062,73.55000305175781,74.3499984741211,3557188
2016-05-10,51.305416107177734,78.0,78.0,75.70999908447266,75.75,6650553
2016-05-11,51.29884338378906,77.98999786376953,79.19999694824219,77.55000305175781,78.5999984741211,3550798
2016-05-12,51.463287353515625,78.23999786376953,78.5,77.58999633789062,77.83000183105469,3738026
2016-05-13,50.90420150756836,77.38999938964844,78.5999984741211,76.94000244140625,78.5999984741211,3048547
2016-05-16,51.305416107177734,78.0,78.0,76.75,77.05000305175781,2483761
2016-05-17,51.76585006713867,78.69999694824219,78.75,78.01000213623047,78.01000213623047,2116261
2016-05-18,51.05548858642578,77.62000274658203,78.44999694824219,77.42500305175781,78.29000091552734,2963445
2016-05-19,51.14756774902344,77.76000213623047,78.33999633789062,77.37999725341797,78.30000305175781,2549139
2016-05-20,51.384368896484375,78.12000274658203,78.33000183105469,77.29000091552734,77.80000305175781,1820366
2016-05-23,51.279109954833984,77.95999908447266,78.55999755859375,77.41999816894531,78.30000305175781,2494097
2016-05-24,51.016021728515625,77.55999755859375,78.33000183105469,77.55999755859375,77.70999908447266,1814339
2016-05-25,51.561954498291016,78.38999938964844,78.93000030517578,78.33000183105469,78.66999816894531,3577527
2016-05-26,51.693511962890625,78.58999633789062,78.94999694824219,77.8499984741211,78.4000015258789,2442257
2016-05-27,51.89741516113281,78.9000015258789,79.18000030517578,78.68000030517578,78.8499984741211,4315925
2016-05-30,51.42383575439453,78.18000030517578,79.08999633789062,78.0199966430664,79.0,1747369
2016-05-31,50.93050384521485,77.43000030517578,78.2300033569336,77.3499984741211,78.16999816894531,3681704
2016-06-01,50.318790435791016,76.5,77.02999877929688,76.1500015258789,76.30999755859375,3007983
2016-06-02,49.71364974975586,75.58000183105469,76.98999786376953,75.30999755859375,76.98999786376953,2038099
2016-06-03,49.82547378540039,75.75,76.2699966430664,75.20999908447266,76.22000122070312,2302717
2016-06-06,50.38456344604492,76.5999984741211,76.73999786376953,75.44000244140625,75.7300033569336,1807334
2016-06-07,50.871307373046875,77.33999633789062,77.95500183105469,76.80000305175781,76.88999938964844,2888613
2016-06-08,50.64109802246094,76.98999786376953,77.20999908447266,76.30000305175781,76.81999969482422,2665616
2016-06-09,50.18723678588867,76.30000305175781,77.25,75.86000061035156,77.25,2295385
2016-06-10,49.65443420410156,75.48999786376953,75.86000061035156,75.0,75.62000274658203,1774102
2016-06-14,48.358646392822266,73.5199966430664,74.5,73.22000122070312,74.37999725341797,3266702
2016-06-15,47.49040222167969,72.19999694824219,73.43000030517578,72.19999694824219,73.19999694824219,3934390
2016-06-16,47.22731018066406,71.80000305175781,72.98999786376953,71.63999938964844,72.73999786376953,4469989
2016-06-17,47.37858581542969,72.02999877929688,72.73999786376953,71.88999938964844,72.4000015258789,2866818
2016-06-20,48.80592346191406,74.19999694824219,74.19999694824219,73.0,73.19999694824219,2386284
2016-06-21,49.384769439697266,75.08000183105469,75.3499984741211,74.25,74.5999984741211,2977266
2016-06-22,49.3781852722168,75.06999969482422,75.58000183105469,74.62999725341797,75.0,2374310
2016-06-23,49.34529113769531,75.0199966430664,75.56999969482422,74.80000305175781,75.18000030517578,2371206
2016-06-24,47.73377990722656,72.56999969482422,75.83999633789062,71.66000366210938,75.6500015258789,7780996
2016-06-27,47.88507080078125,72.80000305175781,72.87999725341797,71.01000213623047,71.98999786376953,3227055
2016-06-28,48.0823974609375,73.0999984741211,73.31500244140625,71.5999984741211,71.72000122070312,4109344
2016-06-29,48.319190979003906,73.45999908447266,74.4000015258789,73.26000213623047,74.20999908447266,2828505
2016-06-30,48.91774368286133,74.37000274658203,74.68000030517578,73.9800033569336,74.0999984741211,4275739
2016-07-01,48.56256103515625,73.83000183105469,74.66000366210938,73.55999755859375,74.29000091552734,2354129
2016-07-04,48.266563415527344,73.37999725341797,73.37999725341797,72.55999755859375,73.19999694824219,2746700
2016-07-05,47.72719955444336,72.55999755859375,73.3499984741211,72.3949966430664,73.30000305175781,2719389
2016-07-06,47.33913040161133,71.97000122070312,72.30000305175781,71.26000213623047,72.30000305175781,3518493
2016-07-07,47.687740325927734,72.5,73.0999984741211,72.01000213623047,72.75,3003488
2016-07-08,47.628536224365234,72.41000366210938,72.56999969482422,72.05999755859375,72.45999908447266,1831048
2016-07-11,48.74015426635742,74.0999984741211,74.19999694824219,73.33999633789062,73.5,3227781
2016-07-12,49.003265380859375,74.5,75.16999816894531,74.41000366210938,74.5,2770717
2016-07-13,49.25978469848633,74.88999938964844,75.25,74.72000122070312,75.16000366210938,2111221
2016-07-14,49.73339080810547,75.61000061035156,75.62000274658203,75.0999984741211,75.1500015258789,2148285
2016-07-15,49.950439453125,75.94000244140625,76.43000030517578,75.69000244140625,75.93000030517578,2021505
2016-07-18,50.0556755065918,76.0999984741211,76.4000015258789,75.73999786376953,76.19999694824219,1790811
2016-07-19,50.003047943115234,76.0199966430664,76.3499984741211,75.33999633789062,76.3499984741211,1906157
2016-07-20,50.48980712890625,76.76000213623047,76.87000274658203,75.9000015258789,76.19999694824219,2447338
2016-07-21,50.66739654541016,77.02999877929688,77.58000183105469,76.69000244140625,77.55999755859375,3282688
2016-07-22,50.7397575378418,77.13999938964844,77.20999908447266,76.55999755859375,76.98999786376953,1858980
2016-07-25,51.00944519042969,77.55000305175781,77.97000122070312,77.31999969482422,77.37999725341797,1978433
2016-07-26,51.305416107177734,78.0,78.0,77.16000366210938,77.70999908447266,2646167
2016-07-27,51.265968322753906,77.94000244140625,78.37000274658203,77.44000244140625,78.33000183105469,2730664
2016-07-28,51.17387771606445,77.80000305175781,78.06999969482422,77.72000122070312,77.97000122070312,2126310
2016-07-29,50.87788391113281,77.3499984741211,77.75,76.87000274658203,77.75,7235387
2016-08-01,51.29227828979492,77.9800033569336,78.4000015258789,77.20999908447266,77.43000030517578,2044844
2016-08-02,51.03575134277344,77.58999633789062,78.29000091552734,77.53500366210938,77.81999969482422,2991283
2016-08-03,50.009639739990234,76.02999877929688,76.93000030517578,76.02999877929688,76.70999908447266,3144785
2016-08-04,49.76627731323242,75.66000366210938,76.4000015258789,75.56999969482422,76.4000015258789,2939161
2016-08-05,50.08857727050781,76.1500015258789,76.51000213623047,75.83999633789062,76.25,1922629
2016-08-08,50.77921676635742,77.19999694824219,77.52999877929688,76.70999908447266,76.70999908447266,2543616
2016-08-09,51.57511520385742,78.41000366210938,78.48999786376953,77.19999694824219,77.19999694824219,2757764
2016-08-10,50.91077423095703,77.4000015258789,79.08999633789062,77.20999908447266,78.0,4090305
2016-08-11,49.957008361816406,75.94999694824219,76.84500122070312,75.55999755859375,76.7300033569336,4329874
2016-08-12,49.9964714050293,76.01000213623047,76.69999694824219,75.5,76.68000030517578,4395273
2016-08-15,50.18723678588867,76.30000305175781,76.68000030517578,75.66999816894531,76.19999694824219,2708901
2016-08-16,49.98991012573242,76.0,76.72000122070312,76.0,76.72000122070312,3271475
2016-08-17,50.16606140136719,74.04000091552734,74.19999694824219,73.44000244140625,73.5,6372697
2016-08-18,49.542724609375,73.12000274658203,74.38999938964844,73.08000183105469,73.97000122070312,4316515
2016-08-19,49.76630401611328,73.44999694824219,73.66000366210938,72.7699966430664,73.12000274658203,2114342
2016-08-22,49.542724609375,73.12000274658203,73.69000244140625,73.0,73.45999908447266,2485948
2016-08-23,50.03733825683594,73.8499984741211,73.98999786376953,73.44999694824219,73.58999633789062,2596089
2016-08-24,50.45064163208008,74.45999908447266,74.79000091552734,74.0,74.0,2530008
2016-08-25,50.13896942138672,74.0,74.49500274658203,73.93000030517578,74.47000122070312,2072246
2016-08-26,49.63758087158203,73.26000213623047,74.16000366210938,73.25,74.12999725341797,4685969
2016-08-29,49.21748733520508,72.63999938964844,73.3499984741211,72.47000122070312,73.0999984741211,2904787
2016-08-30,49.39365768432617,72.9000015258789,73.26000213623047,72.83999633789062,73.05999755859375,2403744
2016-08-31,48.65511703491211,71.80999755859375,72.61000061035156,71.68499755859375,72.52999877929688,6289559
2016-09-01,48.45185852050781,71.51000213623047,71.93000030517578,71.13999938964844,71.62000274658203,2982612
2016-09-02,48.04532241821289,70.91000366210938,71.44999694824219,70.81999969482422,71.37999725341797,3370159
2016-09-05,48.993896484375,72.30999755859375,72.30999755859375,71.43000030517578,71.62000274658203,2493060
2016-09-06,48.62125396728515,71.76000213623047,72.47000122070312,71.61000061035156,72.47000122070312,2054767
2016-09-07,49.16328811645508,72.55999755859375,72.55999755859375,71.80999755859375,72.19999694824219,3360622
2016-09-08,48.82450866699219,72.05999755859375,72.66000366210938,71.51000213623047,72.5999984741211,3063887
2016-09-09,48.01822280883789,70.87000274658203,71.5999984741211,70.87000274658203,71.5,3309369
2016-09-12,47.57781219482422,70.22000122070312,70.45999908447266,69.70999908447266,69.94000244140625,5017120
2016-09-13,47.08997344970703,69.5,71.27999877929688,69.31999969482422,70.9000015258789,4800065
2016-09-14,47.53717041015625,70.16000366210938,70.2300033569336,69.22000122070312,69.31999969482422,4627086
2016-09-15,48.4450798034668,71.5,71.68000030517578,69.87999725341797,69.94999694824219,5687281
2016-09-16,48.94646453857422,72.23999786376953,72.4000015258789,71.66000366210938,71.83999633789062,4693510
2016-09-19,48.92615509033203,72.20999908447266,72.20999908447266,71.68000030517578,72.1500015258789,683497
2016-09-20,49.20394134521485,72.62000274658203,72.62000274658203,71.72000122070312,71.9000015258789,2664324
2016-09-21,49.38688278198242,72.88999938964844,73.05500030517578,72.27999877929688,72.62000274658203,3203713
2016-09-22,49.38011169433594,72.87999725341797,73.54000091552734,72.87999725341797,73.48999786376953,1993643
2016-09-23,49.7324333190918,73.4000015258789,73.58999633789062,72.8499984741211,72.86000061035156,3604714
2016-09-26,49.7324333190918,73.4000015258789,73.62999725341797,72.95999908447266,73.0,1815203
2016-09-27,49.25813674926758,72.69999694824219,72.94000244140625,72.19999694824219,72.7300033569336,3196255
2016-09-28,49.41398239135742,72.93000030517578,73.4000015258789,72.7300033569336,73.0,2214260
2016-09-29,49.80018997192383,73.5,73.5,73.05000305175781,73.3499984741211,2286690
2016-09-30,49.05487823486328,72.4000015258789,73.0999984741211,72.4000015258789,72.8499984741211,5952567
2016-10-03,49.80018997192383,73.5,73.83999633789062,72.91999816894531,72.94000244140625,1991620
2016-10-04,49.66466522216797,73.30000305175781,73.43499755859375,72.80000305175781,73.3499984741211,2115443
2016-10-05,49.86116790771485,73.58999633789062,73.79000091552734,73.01000213623047,73.04000091552734,2102700
2016-10-06,50.24738693237305,74.16000366210938,74.20999908447266,73.66000366210938,73.91999816894531,2179318
2016-10-07,50.39642333984375,74.37999725341797,74.54000091552734,74.0,74.30000305175781,2420408
2016-10-10,50.55905532836914,74.62000274658203,74.81999969482422,74.4800033569336,74.55000305175781,3195090
2016-10-11,50.552268981933594,74.61000061035156,75.12999725341797,74.52999877929688,74.87000274658203,2358190
2016-10-12,50.80974578857422,74.98999786376953,75.0,74.0,74.16000366210938,2726864
2016-10-13,50.49806594848633,74.52999877929688,74.81500244140625,74.33999633789062,74.5999984741211,2513524
2016-10-14,50.53194046020508,74.58000183105469,74.79000091552734,74.27999877929688,74.5999984741211,2258314
2016-10-17,50.38966751098633,74.37000274658203,74.9800033569336,74.36000061035156,74.58000183105469,2544333
2016-10-18,50.538719177246094,74.58999633789062,74.66999816894531,73.80999755859375,74.4000015258789,2662749
2016-10-19,50.64036178588867,74.73999786376953,74.96499633789062,74.41999816894531,74.68000030517578,2343519
2016-10-20,50.538719177246094,74.58999633789062,75.08999633789062,74.45999908447266,74.86000061035156,2268146
2016-10-21,50.74877166748047,74.9000015258789,74.97000122070312,74.38999938964844,74.88999938964844,2682010
2016-10-24,50.59293365478515,74.66999816894531,74.83000183105469,74.11000061035156,74.80000305175781,1762900
2016-10-25,50.97235107421875,75.2300033569336,75.30999755859375,74.7300033569336,74.88999938964844,2230946
2016-10-26,50.26769256591797,74.19000244140625,74.94000244140625,73.79000091552734,74.94000244140625,3041064
2016-10-27,49.45463943481445,72.98999786376953,74.5,72.95999908447266,74.30000305175781,2904062
2016-10-28,49.292030334472656,72.75,73.02999877929688,72.30000305175781,72.93000030517578,3877835
2016-10-31,49.72566223144531,73.38999938964844,73.63999938964844,72.41999816894531,72.5,2401480
2016-11-01,49.29880142211914,72.76000213623047,73.22000122070312,72.33000183105469,72.7699966430664,1849870
2016-11-02,48.8990364074707,72.16999816894531,72.33000183105469,71.5199966430664,72.13999938964844,2477399
2016-11-03,48.51961135864258,71.61000061035156,72.25,71.41999816894531,71.5,2329571
2016-11-04,48.09952926635742,70.98999786376953,71.69000244140625,70.8550033569336,71.26000213623047,2421960
2016-11-07,49.14295959472656,72.52999877929688,72.72000122070312,71.26000213623047,71.66000366210938,2374165
2016-11-08,48.831295013427734,72.06999969482422,72.80999755859375,71.30999755859375,72.80000305175781,2526134
2016-11-09,48.031768798828125,70.88999938964844,73.83000183105469,69.63999938964844,72.4000015258789,5019098
2016-11-10,49.63758087158203,73.26000213623047,73.26000213623047,72.67500305175781,72.7699966430664,3332425
2016-11-11,51.345008850097656,75.77999877929688,75.77999877929688,73.61000061035156,73.63999938964844,6081494
2016-11-14,51.61603546142578,76.18000030517578,76.18000030517578,75.0,75.80000305175781,3449889
2016-11-15,51.78541564941406,76.43000030517578,76.52999877929688,75.63999938964844,75.91000366210938,3319291
2016-11-16,52.09709167480469,76.88999938964844,77.2300033569336,76.5,76.75,3244508
2016-11-17,51.93448638916016,76.6500015258789,76.8499984741211,75.93000030517578,76.33000183105469,3214291
2016-11-18,52.0767707824707,76.86000061035156,77.27999877929688,76.62000274658203,76.91000366210938,3018377
2016-11-21,52.08354568481445,76.87000274658203,77.20999908447266,76.26000213623047,76.79000091552734,1922951
2016-11-22,52.43587493896485,77.38999938964844,77.73999786376953,77.0199966430664,77.30000305175781,2581461
2016-11-23,53.13374710083008,78.41999816894531,78.52999877929688,77.58999633789062,77.66000366210938,3158139
2016-11-24,53.14052963256836,78.43000030517578,79.05000305175781,78.37000274658203,78.80000305175781,2365516
2016-11-25,52.96435546875,78.16999816894531,78.56999969482422,77.93000030517578,78.5,5692079
2016-11-28,52.36812210083008,77.29000091552734,78.25,77.29000091552734,78.19000244140625,1692415
2016-11-29,52.68656539916992,77.76000213623047,78.41000366210938,76.86000061035156,76.91000366210938,3441918
2016-11-30,53.289581298828125,78.6500015258789,78.6500015258789,77.7699966430664,77.79000091552734,5108199
2016-12-01,53.88584899902344,79.52999877929688,79.52999877929688,78.55000305175781,78.80000305175781,3388408
2016-12-02,53.255714416503906,78.5999984741211,79.48999786376953,78.5999984741211,79.29000091552734,2369831
2016-12-05,52.632354736328125,77.68000030517578,78.44999694824219,77.37000274658203,78.36000061035156,1973841
2016-12-06,52.85596466064453,78.01000213623047,78.87000274658203,78.01000213623047,78.30000305175781,2213262
2016-12-07,53.72999954223633,79.30000305175781,79.31999969482422,78.5,78.88999938964844,2427876
2016-12-08,54.02134323120117,79.7300033569336,80.08000183105469,79.66999816894531,79.87999725341797,2708344
2016-12-09,54.65823745727539,80.66999816894531,80.91999816894531,79.73500061035156,79.83999633789062,3383119
2016-12-12,54.82762908935547,80.91999816894531,81.36000061035156,80.4800033569336,80.66999816894531,2327789
2016-12-13,54.46175003051758,80.37999725341797,80.73999786376953,80.26000213623047,80.5,2324519
2016-12-14,55.003807067871094,81.18000030517578,81.3499984741211,80.76000213623047,81.0999984741211,2872286
2016-12-15,54.63792419433594,80.63999938964844,81.38999938964844,80.16999816894531,81.18000030517578,4138194
2016-12-16,54.92250442504883,81.05999755859375,81.2300033569336,80.2300033569336,80.94000244140625,4286670
2016-12-19,55.173187255859375,81.43000030517578,81.63999938964844,80.75,81.05000305175781,2525178
2016-12-20,55.74232482910156,82.2699966430664,82.5999984741211,81.61000061035156,81.75,2530423
2016-12-21,55.6203727722168,82.08999633789062,82.75,82.08000183105469,82.48999786376953,2089953
2016-12-22,56.026912689208984,82.69000244140625,82.69000244140625,82.0,82.11000061035156,2482097
2016-12-23,55.898170471191406,82.5,82.98999786376953,82.44999694824219,82.8499984741211,7066628
2016-12-28,56.44698715209961,83.30999755859375,83.4800033569336,82.78500366210938,82.94999694824219,1962525
2016-12-29,56.57572937011719,83.5,83.5,82.51000213623047,83.19000244140625,1437162
2016-12-30,55.83720779418945,82.41000366210938,83.17500305175781,82.37999725341797,83.08000183105469,1468794
2017-01-03,56.21662139892578,82.97000122070312,83.16000366210938,82.30999755859375,82.4000015258789,1967692
2017-01-04,56.65025329589844,83.61000061035156,83.76000213623047,83.19999694824219,83.5,2086820
2017-01-05,56.812862396240234,83.8499984741211,84.12000274658203,83.58999633789062,83.98999786376953,2049692
2017-01-06,57.00258255004883,84.12999725341797,84.18000030517578,83.62000274658203,83.9800033569336,2648142
2017-01-09,57.76820755004883,85.26000213623047,85.6500015258789,84.17500305175781,84.27999877929688,2742640
2017-01-10,57.470096588134766,84.81999969482422,85.16000366210938,84.43000030517578,84.98999786376953,2345467
2017-01-11,57.592063903808594,85.0,85.20999908447266,84.56999969482422,84.69999694824219,2342921
2017-01-12,57.61237335205078,85.02999877929688,85.58999633789062,84.69999694824219,85.0,2215463
2017-01-13,56.81964111328125,83.86000061035156,85.04000091552734,83.33999633789062,85.04000091552734,2522301
2017-01-16,56.97548294067383,84.08999633789062,84.41000366210938,83.75,84.29000091552734,1338272
2017-01-17,56.47407913208008,83.3499984741211,83.62000274658203,83.11000061035156,83.5,2778153
2017-01-18,56.006587982177734,82.66000366210938,83.0999984741211,82.16000366210938,83.0,2758586
2017-01-19,56.01334762573242,82.66999816894531,83.19999694824219,82.19999694824219,82.94000244140625,1861604
2017-01-20,55.27483367919922,81.58000183105469,82.08000183105469,81.30999755859375,81.94999694824219,2537711
2017-01-23,55.200294494628906,81.47000122070312,82.6500015258789,81.16000366210938,82.0999984741211,2956811
2017-01-24,55.40354919433594,81.7699966430664,82.01499938964844,81.30000305175781,81.48999786376953,2697276
2017-01-25,55.71523666381836,82.2300033569336,82.68000030517578,82.08000183105469,82.5,6214145
2017-01-27,56.2234001159668,82.9800033569336,83.41999816894531,82.3499984741211,82.4800033569336,1928520
2017-01-30,55.688133239746094,82.19000244140625,82.68000030517578,81.77999877929688,82.56999969482422,1591614
2017-01-31,55.32903289794922,81.66000366210938,82.13999938964844,81.30000305175781,81.9000015258789,3193325
2017-02-01,55.57294845581055,82.0199966430664,82.16000366210938,81.12000274658203,81.66000366210938,1807741
2017-02-02,55.5661735534668,82.01000213623047,82.44000244140625,81.68000030517578,82.25,2300935
2017-02-03,55.34257888793945,81.68000030517578,82.33000183105469,81.5199966430664,82.01000213623047,1758749
2017-02-06,55.49842071533203,81.91000366210938,82.91000366210938,81.86000061035156,82.44999694824219,2495052
2017-02-07,55.22739791870117,81.51000213623047,81.94000244140625,81.05000305175781,81.8499984741211,2538039
2017-02-08,55.79654312133789,82.3499984741211,82.54000091552734,81.62000274658203,81.7699966430664,2112168
2017-02-09,55.51197052001953,81.93000030517578,82.51000213623047,81.61000061035156,82.31999969482422,2526443
2017-02-10,56.16919708251953,82.9000015258789,82.93000030517578,82.30000305175781,82.63999938964844,2276343
2017-02-13,56.33857727050781,83.1500015258789,83.19999694824219,82.5999984741211,83.0,1688054
2017-02-14,55.98625183105469,82.62999725341797,83.6500015258789,82.52999877929688,83.4800033569336,2153710
2017-02-15,57.27360916137695,84.52999877929688,84.83000183105469,83.25,83.5999984741211,4017264
2017-02-16,57.646270751953125,85.08000183105469,85.1500015258789,84.41999816894531,85.1500015258789,3781716
2017-02-17,57.85628890991211,85.38999938964844,85.5,85.16000366210938,85.19999694824219,3780383
2017-02-20,58.208621978759766,85.91000366210938,85.9800033569336,85.20999908447266,85.4000015258789,2384410
2017-02-21,58.22895431518555,85.94000244140625,86.08999633789062,85.61000061035156,85.95999908447266,3305349
2017-02-22,58.0624885559082,83.70999908447266,83.9000015258789,83.33000183105469,83.81999969482422,7963927
2017-02-23,57.90296936035156,83.4800033569336,83.77999877929688,83.26000213623047,83.5999984741211,3228480
2017-02-24,57.58388900756836,83.0199966430664,83.61000061035156,82.81999969482422,83.20999908447266,4220843
2017-02-27,57.04287338256836,82.23999786376953,82.9000015258789,81.94999694824219,82.58999633789062,3312611
2017-02-28,57.09836196899414,82.31999969482422,83.08999633789062,82.1500015258789,82.48999786376953,3728828
2017-03-01,57.438236236572266,82.80999755859375,82.80999755859375,81.75,81.9800033569336,2778610
2017-03-02,58.166534423828125,83.86000061035156,84.04000091552734,83.5199966430664,83.9000015258789,2440705
2017-03-03,57.70874786376953,83.19999694824219,83.54000091552734,82.8499984741211,83.4000015258789,1754994
2017-03-06,57.91683197021485,83.5,83.80000305175781,82.9000015258789,83.75,1419448
2017-03-07,57.94457244873047,83.54000091552734,83.72000122070312,83.04000091552734,83.4000015258789,2161261
2017-03-08,57.72955322265625,83.2300033569336,83.66999816894531,83.02999877929688,83.5,2020119
2017-03-09,57.93764114379883,83.52999877929688,83.86000061035156,83.05000305175781,83.2300033569336,1824392
2017-03-10,58.61044692993164,84.5,84.5,83.7699966430664,83.9000015258789,3148541
2017-03-13,58.47172546386719,84.30000305175781,84.5,84.0199966430664,84.5,1510473
2017-03-14,58.6035041809082,84.48999786376953,84.48999786376953,84.0199966430664,84.30000305175781,2388381
2017-03-15,58.83240509033203,84.81999969482422,84.87999725341797,84.06999969482422,84.38999938964844,2187578
2017-03-16,58.6381950378418,84.54000091552734,85.19999694824219,84.05000305175781,84.98999786376953,5042921
2017-03-17,58.797725677490234,84.7699966430664,84.98999786376953,84.33999633789062,84.69999694824219,2872248
2017-03-20,58.5618782043457,84.43000030517578,84.62999725341797,84.02999877929688,84.4000015258789,1200277
2017-03-21,58.55495834350586,84.41999816894531,84.41999816894531,83.88999938964844,84.38999938964844,1817155
2017-03-22,57.36886978149414,82.70999908447266,83.4000015258789,82.4800033569336,83.26000213623047,3185116
2017-03-23,57.53533554077149,82.94999694824219,82.94999694824219,82.30999755859375,82.5999984741211,2794213
2017-03-24,57.83358383178711,83.37999725341797,83.88999938964844,82.68000030517578,83.0,2079658
2017-03-27,57.84745788574219,83.4000015258789,83.5999984741211,82.5,82.73999786376953,2770782
2017-03-28,59.137577056884766,85.26000213623047,85.26000213623047,83.7249984741211,83.75,4359013
2017-03-29,59.74796676635742,86.13999938964844,86.27999877929688,85.3499984741211,85.4000015258789,3605758
2017-03-30,60.01153564453125,86.5199966430664,86.5999984741211,85.5999984741211,86.12999725341797,2691755
2017-03-31,59.58843994140625,85.91000366210938,86.6500015258789,85.91000366210938,86.16000366210938,5692472
2017-04-03,59.92137908935547,86.38999938964844,86.44000244140625,85.26000213623047,85.43000030517578,1753298
2017-04-04,59.6023063659668,85.93000030517578,86.26000213623047,85.58000183105469,86.12000274658203,1752542
2017-04-05,59.6439323425293,85.98999786376953,86.5199966430664,85.3499984741211,86.48999786376953,3171203
2017-04-06,58.81159210205078,84.79000091552734,85.62000274658203,84.44999694824219,85.5,2770424
2017-04-07,58.797725677490234,84.7699966430664,85.5199966430664,84.08999633789062,85.19999694824219,2630263
2017-04-10,59.29712677001953,85.48999786376953,85.5,84.97000122070312,85.20999908447266,2156492
2017-04-11,59.720218658447266,86.0999984741211,86.33999633789062,85.2699966430664,85.58000183105469,2693938
2017-04-12,60.122520446777344,86.68000030517578,86.68000030517578,85.9800033569336,86.37000274658203,2830371
2017-04-13,59.82427978515625,86.25,86.5,86.0,86.27999877929688,1787101
2017-04-18,59.31098175048828,85.51000213623047,86.54000091552734,85.21499633789062,86.3499984741211,2575349
2017-04-19,58.69367980957031,84.62000274658203,85.25,84.5,84.95999908447266,4178388
2017-04-20,59.047420501708984,85.12999725341797,85.30999755859375,84.76000213623047,84.93000030517578,2038116
2017-04-21,59.40116500854492,85.63999938964844,86.0,85.47000122070312,85.48999786376953,1959863
2017-04-24,59.81040573120117,86.2300033569336,86.45999908447266,85.75,85.9800033569336,2042180
2017-04-26,60.420772552490234,87.11000061035156,87.38999938964844,86.66999816894531,86.69999694824219,3687917
2017-04-27,60.80226135253906,87.66000366210938,87.68000030517578,87.0199966430664,87.0999984741211,3015091
2017-04-28,60.62192916870117,87.4000015258789,87.73999786376953,86.55000305175781,87.66000366210938,5588829
2017-05-01,60.663536071777344,87.45999908447266,87.69000244140625,86.77999877929688,87.08999633789062,2857545
2017-05-02,60.226566314697266,86.83000183105469,87.20999908447266,86.23500061035156,87.19999694824219,3788195
2017-05-03,59.20001220703125,85.3499984741211,86.94000244140625,85.19999694824219,86.5199966430664,3504467
2017-05-04,58.70061492919922,84.62999725341797,85.80000305175781,84.31999969482422,85.80000305175781,3812058
2017-05-05,58.54108047485352,84.4000015258789,85.4800033569336,83.94999694824219,85.0,3176468
2017-05-08,59.16532516479492,85.30000305175781,85.44000244140625,84.51000213623047,85.31999969482422,3038821
2017-05-09,56.890281677246094,82.0199966430664,84.27999877929688,81.91999816894531,84.0,6053564
2017-05-10,56.68912124633789,81.7300033569336,82.58499908447266,79.55000305175781,79.88999938964844,5545634
2017-05-11,56.92496490478515,82.06999969482422,82.97000122070312,81.91500091552734,82.20999908447266,3514061
2017-05-12,56.64750671386719,81.66999816894531,82.2699966430664,80.9000015258789,81.7699966430664,2360590
2017-05-15,57.04287338256836,82.23999786376953,82.4000015258789,81.04000091552734,81.55999755859375,2715933
2017-05-16,57.299530029296875,82.61000061035156,82.9000015258789,82.29000091552734,82.62000274658203,2487053
2017-05-17,56.161983489990234,80.97000122070312,82.29000091552734,80.8499984741211,82.22000122070312,2517183
2017-05-18,56.0510139465332,80.80999755859375,80.93000030517578,79.93000030517578,80.0,3755954
2017-05-19,55.64870834350586,80.2300033569336,81.19000244140625,80.05000305175781,80.80000305175781,2778823
2017-05-22,56.370059967041016,81.2699966430664,81.47000122070312,80.80000305175781,80.9000015258789,2390744
2017-05-23,56.14117431640625,80.94000244140625,81.83999633789062,80.80000305175781,81.29000091552734,1957715
2017-05-24,56.18279266357422,81.0,81.44999694824219,80.7699966430664,81.37999725341797,2510225
2017-05-25,56.363136291503906,81.26000213623047,81.30000305175781,80.05999755859375,80.91000366210938,2409723
2017-05-26,55.58627700805664,80.13999938964844,81.30000305175781,80.13999938964844,81.30000305175781,5605604
2017-05-29,54.71925735473633,78.88999938964844,80.29000091552734,78.88999938964844,80.29000091552734,3602822
2017-05-30,55.10075378417969,79.44000244140625,79.66000366210938,78.5,78.94999694824219,2882295
2017-05-31,55.24641799926758,79.6500015258789,80.46499633789062,79.12999725341797,79.5,5964569
2017-06-01,55.22559356689453,79.62000274658203,80.13999938964844,79.1500015258789,79.5,2564771
2017-06-02,55.752742767333984,80.37999725341797,80.4800033569336,79.72000122070312,80.0,2916748
2017-06-05,55.01058578491211,79.30999755859375,80.12000274658203,79.0,80.12000274658203,3534212
2017-06-06,54.20598983764648,78.1500015258789,79.08000183105469,78.1500015258789,79.0,3629209
2017-06-07,54.448768615722656,78.5,78.88999938964844,77.6500015258789,78.22000122070312,2732421
2017-06-08,54.83024978637695,79.05000305175781,79.30000305175781,77.97000122070312,78.01000213623047,2149650
2017-06-09,54.92734909057617,79.19000244140625,79.45999908447266,78.66000366210938,78.9800033569336,2233945
2017-06-13,56.2729606628418,81.12999725341797,81.12999725341797,79.45999908447266,79.5,4117682
2017-06-14,57.08448791503906,82.30000305175781,82.30000305175781,81.30000305175781,81.33000183105469,5736170
2017-06-15,56.6683235168457,81.69999694824219,82.62999725341797,81.5,82.5999984741211,10569256
2017-06-16,56.7793083190918,81.86000061035156,82.19999694824219,81.62999725341797,81.69999694824219,2920351
2017-06-19,57.424354553222656,82.79000091552734,82.79000091552734,81.91000366210938,81.94000244140625,2477905
2017-06-20,57.04287338256836,82.23999786376953,83.05999755859375,81.88999938964844,82.87000274658203,4348940
2017-06-21,56.044071197509766,80.80000305175781,81.7300033569336,80.7300033569336,81.69000244140625,3260528
2017-06-22,56.79316711425781,81.87999725341797,82.23500061035156,81.0,81.01000213623047,2808912
2017-06-23,56.35618591308594,81.25,81.77999877929688,80.91000366210938,81.69999694824219,2976353
2017-06-26,56.56428527832031,81.55000305175781,81.72000122070312,81.19999694824219,81.33999633789062,2923487
2017-06-27,56.93189239501953,82.08000183105469,82.31999969482422,81.55000305175781,81.55000305175781,2265951
2017-06-28,57.36886978149414,82.70999908447266,82.87000274658203,81.63999938964844,81.80000305175781,2878203
2017-06-29,58.27751159667969,84.0199966430664,84.37000274658203,83.79000091552734,83.97000122070312,3805387
2017-06-30,57.438236236572266,82.80999755859375,83.4800033569336,82.80999755859375,83.45999908447266,7045122
2017-07-03,57.18159866333008,82.44000244140625,83.19000244140625,82.1500015258789,82.83000183105469,2255385
2017-07-04,58.263633728027344,84.0,84.2699966430664,83.33000183105469,83.41999816894531,4322331
2017-07-05,58.013938903808594,83.63999938964844,83.88999938964844,83.37000274658203,83.86000061035156,2363393
2017-07-06,57.57695770263672,83.01000213623047,83.95999908447266,82.91000366210938,83.91999816894531,2456675
2017-07-07,56.96656799316406,82.12999725341797,82.62000274658203,81.80000305175781,82.13999938964844,3770476
2017-07-10,57.438228607177734,82.80999755859375,83.1500015258789,82.48999786376953,82.5999984741211,2873284
2017-07-11,57.528411865234375,82.94000244140625,83.27999877929688,82.0999984741211,82.5,2325760
2017-07-12,56.959625244140625,82.12000274658203,82.75,81.77999877929688,82.73999786376953,3007799
2017-07-13,57.26482772827149,82.55999755859375,82.91000366210938,82.18000030517578,82.80000305175781,2903674
2017-07-14,57.65325927734375,83.12000274658203,83.19999694824219,82.68000030517578,82.80000305175781,2669648
2017-07-17,57.528411865234375,82.94000244140625,83.27999877929688,82.5999984741211,82.9000015258789,1406194
2017-07-18,56.460235595703125,81.4000015258789,83.08000183105469,81.30000305175781,82.9800033569336,3623819
2017-07-19,58.1318473815918,83.80999755859375,84.0999984741211,83.01000213623047,83.08999633789062,5554084
2017-07-20,58.652061462402344,84.55999755859375,85.05000305175781,84.05000305175781,84.9800033569336,4596038
2017-07-21,58.24281692504883,83.97000122070312,84.62000274658203,83.43000030517578,83.62000274658203,2540691
2017-07-24,57.96537399291992,83.56999969482422,83.56999969482422,82.9800033569336,83.2300033569336,2062552
2017-07-25,58.457855224609375,84.27999877929688,84.5999984741211,83.69000244140625,83.79000091552734,2286026
2017-07-26,58.82545852661133,84.80999755859375,85.0999984741211,84.65499877929688,84.94999694824219,2021200
2017-07-27,58.9919319152832,85.05000305175781,85.12000274658203,84.54000091552734,84.80999755859375,1862642
2017-07-28,58.097171783447266,83.76000213623047,84.58999633789062,83.54000091552734,84.30000305175781,5459225
2017-07-31,58.076358795166016,83.7300033569336,84.27999877929688,83.5,83.98999786376953,2217082
2017-08-01,58.63818359375,84.54000091552734,84.68499755859375,83.91999816894531,83.91999816894531,3191137
2017-08-02,58.42316436767578,84.2300033569336,84.9000015258789,83.9800033569336,84.80000305175781,1636016
2017-08-03,58.24281692504883,83.97000122070312,84.69000244140625,83.77999877929688,84.08999633789062,2372029
2017-08-04,55.988582611083984,80.72000122070312,82.6500015258789,80.56999969482422,82.51000213623047,9239819
2017-08-07,56.5434684753418,81.5199966430664,82.0,80.0,80.11000061035156,4595336
2017-08-08,55.94002914428711,80.6500015258789,81.98999786376953,80.37000274658203,81.69999694824219,3861332
2017-08-09,56.259090423583984,81.11000061035156,81.77999877929688,80.73999786376953,81.19000244140625,4336391
2017-08-10,56.217472076416016,81.05000305175781,81.69999694824219,80.81999969482422,81.26000213623047,5300676
2017-08-11,55.83597946166992,80.5,80.80000305175781,79.94999694824219,80.41999816894531,4740282
2017-08-14,56.397823333740234,81.30999755859375,81.69000244140625,80.75,80.83999633789062,3023668
2017-08-15,56.3561897277832,81.25,81.94999694824219,81.13999938964844,81.93000030517578,2846024
2017-08-16,56.99148178100586,79.83999633789062,79.83999633789062,78.1500015258789,78.16000366210938,4991112
2017-08-17,56.78448867797851,79.55000305175781,80.62000274658203,79.16000366210938,80.44999694824219,3543830
2017-08-18,56.45612335205078,79.08999633789062,79.26000213623047,78.33000183105469,78.5,3307759
2017-08-21,55.970733642578125,78.41000366210938,78.83999633789062,77.58999633789062,78.83999633789062,4785442
2017-08-22,56.14918899536133,78.66000366210938,78.66000366210938,77.93000030517578,78.4000015258789,2779226
2017-08-23,55.82797622680664,78.20999908447266,79.25,78.01000213623047,79.11000061035156,3888666
2017-08-24,55.35684967041016,77.55000305175781,77.97000122070312,77.2300033569336,77.62000274658203,4899752
2017-08-25,55.47819137573242,77.72000122070312,77.87000274658203,76.97000122070312,77.19999694824219,4825992
2017-08-28,54.735816955566406,76.68000030517578,77.48999786376953,76.47000122070312,77.48999786376953,4353930
2017-08-29,54.05769729614258,75.7300033569336,76.08000183105469,75.30000305175781,76.0,5740096
2017-08-30,53.80071640014648,75.37000274658203,75.77999877929688,75.04000091552734,75.69999694824219,4795687
2017-08-31,54.107662200927734,75.80000305175781,75.95999908447266,75.16000366210938,75.2699966430664,4751356
2017-09-01,53.87923431396485,75.4800033569336,76.19999694824219,75.08000183105469,76.0,4684590
2017-09-04,53.115447998046875,74.41000366210938,75.29000091552734,73.62999725341797,75.0999984741211,3810853
2017-09-05,53.243927001953125,74.58999633789062,74.58999633789062,73.58999633789062,74.4000015258789,5131918
2017-09-06,52.60862731933594,73.69999694824219,74.27999877929688,73.4800033569336,74.22000122070312,3618617
2017-09-07,52.80849838256836,73.9800033569336,74.44000244140625,73.83000183105469,73.8499984741211,3214877
2017-09-08,52.280277252197266,73.23999786376953,74.11000061035156,73.19999694824219,74.05000305175781,3349581
2017-09-11,53.00837707519531,74.26000213623047,74.38999938964844,73.5,73.5,2813596
2017-09-12,54.19331359863281,75.91999816894531,75.94999694824219,74.62000274658203,74.6500015258789,4825830
2017-09-13,54.64301681518555,76.55000305175781,77.0,76.20999908447266,76.9000015258789,2788007
2017-09-14,54.78578567504883,76.75,77.0999984741211,76.13999938964844,76.75,2968713
2017-09-15,54.45029830932617,76.27999877929688,76.62999725341797,75.94999694824219,76.0,3774238
2017-09-18,54.74296569824219,76.69000244140625,77.02999877929688,76.66999816894531,76.75,2991037
2017-09-19,54.45029830932617,76.27999877929688,77.30000305175781,76.27999877929688,76.94999694824219,2185898
2017-09-20,54.45742416381836,76.29000091552734,76.33999633789062,75.6500015258789,76.0,1621577
2017-09-21,54.30038833618164,76.06999969482422,76.88999938964844,75.9000015258789,76.0,4104401
2017-09-22,54.692989349365234,76.62000274658203,77.05000305175781,76.18000030517578,76.19999694824219,2170239
2017-09-25,54.114803314208984,75.80999755859375,77.2699966430664,75.73999786376953,77.02999877929688,2003512
2017-09-26,53.60798263549805,75.0999984741211,75.86000061035156,75.08000183105469,75.80000305175781,2552948
2017-09-27,53.42952728271485,74.8499984741211,75.3499984741211,74.61000061035156,75.08000183105469,2688235
2017-09-28,53.62226104736328,75.12000274658203,75.37000274658203,74.86000061035156,75.3499984741211,2961838
2017-09-29,53.71505355834961,75.25,75.45999908447266,74.4000015258789,75.01000213623047,4989845
2017-10-02,54.49311828613281,76.33999633789062,76.4800033569336,75.5199966430664,75.80999755859375,2356243
2017-10-03,53.65081405639648,75.16000366210938,76.6500015258789,75.1500015258789,76.55000305175781,3317515
2017-10-04,53.82212448120117,75.4000015258789,75.5,74.66000366210938,75.19999694824219,3880298
2017-10-05,53.7650260925293,75.31999969482422,75.88999938964844,74.83000183105469,75.54000091552734,1854762
2017-10-06,54.46457290649414,76.30000305175781,76.30000305175781,75.76000213623047,76.08000183105469,2659635
2017-10-09,54.75722885131836,76.70999908447266,76.91999816894531,76.3499984741211,76.5999984741211,2033172
2017-10-10,54.50025939941406,76.3499984741211,76.6500015258789,76.05999755859375,76.3499984741211,1578815
2017-10-11,54.50025939941406,76.3499984741211,76.68000030517578,76.06999969482422,76.2300033569336,2088704
2017-10-12,54.54308319091797,76.41000366210938,76.44999694824219,75.83000183105469,76.37999725341797,1863391
2017-10-13,54.72154235839844,76.66000366210938,76.91999816894531,76.1500015258789,76.30000305175781,1728054
2017-10-16,55.10700225830078,77.19999694824219,77.45999908447266,76.86000061035156,76.94999694824219,2349172
2017-10-17,55.85651779174805,78.25,78.25,77.5199966430664,77.5199966430664,3051278
2017-10-18,55.94219207763672,78.37000274658203,78.58499908447266,77.79000091552734,78.2699966430664,2040078
2017-10-19,56.2062873840332,78.73999786376953,79.0999984741211,78.44999694824219,78.94999694824219,2991650
2017-10-20,56.37046813964844,78.97000122070312,79.19000244140625,78.4000015258789,78.6500015258789,1830548
2017-10-23,56.17059326171875,78.69000244140625,79.36000061035156,78.62000274658203,79.2300033569336,1604897
2017-10-24,56.14918899536133,78.66000366210938,78.94999694824219,78.04499816894531,78.73999786376953,1627596
2017-10-25,56.12776565551758,78.62999725341797,79.27999877929688,78.37000274658203,79.04000091552734,1788933
2017-10-26,56.38474655151367,78.98999786376953,78.98999786376953,78.23999786376953,78.68000030517578,2283904
2017-10-27,55.8493766784668,78.23999786376953,79.08000183105469,77.81999969482422,79.05000305175781,4046736
2017-10-30,55.76372528076172,78.12000274658203,78.52999877929688,77.72000122070312,78.5199966430664,1583550
2017-10-31,55.413944244384766,77.62999725341797,78.20999908447266,77.62999725341797,78.12000274658203,1887247
2017-11-01,55.442501068115234,77.66999816894531,78.29000091552734,77.30000305175781,77.79000091552734,2665668
2017-11-02,55.25691223144531,77.41000366210938,77.87000274658203,77.11000061035156,77.87000274658203,1989473
2017-11-03,55.52815628051758,77.79000091552734,77.88999938964844,77.20999908447266,77.47000122070312,1382869
2017-11-06,55.249759674072266,77.4000015258789,77.79499816894531,77.12999725341797,77.79000091552734,1712484
2017-11-07,55.82082748413086,78.19999694824219,78.25,77.44000244140625,77.66999816894531,1956778
2017-11-08,57.298439025878906,80.2699966430664,80.4800033569336,78.5199966430664,78.87999725341797,5921525
2017-11-09,57.77669525146485,80.94000244140625,81.0,80.16000366210938,80.93000030517578,3575732
2017-11-10,57.71245193481445,80.8499984741211,81.0,80.43000030517578,80.51000213623047,1869028
2017-11-13,58.190704345703125,81.5199966430664,81.55999755859375,80.88999938964844,80.97000122070312,2477127
2017-11-14,57.691043853759766,80.81999969482422,81.37000274658203,80.62999725341797,81.04000091552734,2305322
2017-11-15,57.519737243652344,80.58000183105469,81.29000091552734,80.47000122070312,80.80000305175781,2686552
2017-11-16,57.691043853759766,80.81999969482422,81.08999633789062,80.3499984741211,80.37999725341797,2280307
2017-11-17,57.76241683959961,80.91999816894531,81.37999725341797,80.79000091552734,81.25,1810176
2017-11-20,57.541141510009766,80.61000061035156,80.76000213623047,80.26000213623047,80.4800033569336,1964641
2017-11-21,57.519737243652344,80.58000183105469,80.93000030517578,80.33000183105469,80.87999725341797,1968535
2017-11-22,57.855224609375,81.05000305175781,81.33000183105469,80.66999816894531,81.0,2826948
2017-11-23,57.73387145996094,80.87999725341797,81.0,80.44999694824219,80.9000015258789,2280393
2017-11-24,57.51258850097656,80.56999969482422,80.80000305175781,80.37000274658203,80.80000305175781,4357002
2017-11-27,57.46261215209961,80.5,80.93000030517578,80.22000122070312,80.4000015258789,1984410
2017-11-28,57.369834899902344,80.37000274658203,80.80000305175781,80.19999694824219,80.19999694824219,2758590
2017-11-29,57.80524826049805,80.9800033569336,81.41000366210938,80.83999633789062,80.87999725341797,2455168
2017-11-30,56.69883728027344,79.43000030517578,79.69999694824219,78.76000213623047,79.69999694824219,7647062
2017-12-01,56.51323318481445,79.16999816894531,79.94999694824219,78.87999725341797,79.70999908447266,2462019
2017-12-04,56.33477783203125,78.91999816894531,79.33999633789062,78.5,79.31999969482422,2255875
2017-12-05,56.2062873840332,78.73999786376953,78.73999786376953,78.0,78.5,2002301
2017-12-06,56.10636901855469,78.5999984741211,79.05999755859375,78.48999786376953,78.5,2528041
2017-12-07,56.37046813964844,78.97000122070312,79.02999877929688,78.30000305175781,78.47000122070312,2897735
2017-12-08,56.83446502685547,79.62000274658203,79.8499984741211,78.86000061035156,79.04000091552734,1646492
2017-12-11,57.105716705322266,80.0,80.30999755859375,79.83000183105469,80.0,2437262
2017-12-12,57.36268997192383,80.36000061035156,80.36000061035156,80.01000213623047,80.05999755859375,1774262
2017-12-13,57.32698440551758,80.30999755859375,80.83999633789062,80.0,80.36000061035156,2179700
2017-12-14,57.41979217529297,80.44000244140625,80.5,79.55000305175781,79.69999694824219,2587433
2017-12-15,57.06287384033203,79.94000244140625,80.19999694824219,79.73999786376953,80.12999725341797,3591509
2017-12-18,57.11285781860352,80.01000213623047,80.52999877929688,79.91999816894531,80.48999786376953,2198711
2017-12-19,57.319854736328125,80.30000305175781,80.55000305175781,80.12999725341797,80.25,2519546
2017-12-20,57.51258850097656,80.56999969482422,80.75,80.22000122070312,80.22000122070312,2436692
2017-12-21,56.97007751464844,79.80999755859375,80.5999984741211,79.80999755859375,79.94999694824219,4684411
2017-12-22,57.38409805297851,80.38999938964844,80.68000030517578,79.94999694824219,80.0,5288058
2017-12-27,57.21991729736328,80.16000366210938,80.66999816894531,80.02999877929688,80.51000213623047,1054327
2017-12-28,57.45547866821289,80.48999786376953,80.68000030517578,80.33000183105469,80.4800033569336,1610000
2017-12-29,57.34840393066406,80.33999633789062,80.67500305175781,80.04000091552734,80.5999984741211,1459457
2018-01-02,57.26274871826172,80.22000122070312,80.33000183105469,79.77999877929688,80.30000305175781,1284609
2018-01-03,57.20563888549805,80.13999938964844,80.6449966430664,80.05999755859375,80.47000122070312,1349269
2018-01-04,57.08430099487305,79.97000122070312,80.4800033569336,79.80999755859375,80.4800033569336,1596303
2018-01-05,57.93375396728515,81.16000366210938,81.25,80.37000274658203,80.54000091552734,2208531
2018-01-08,58.26210403442383,81.62000274658203,81.75,81.30000305175781,81.4000015258789,1293549
2018-01-09,58.66897201538086,82.19000244140625,82.45999908447266,81.9800033569336,81.98999786376953,3283522
2018-01-10,58.25495910644531,81.61000061035156,82.66000366210938,81.61000061035156,82.47000122070312,1944703
2018-01-11,58.033687591552734,81.30000305175781,81.73999786376953,81.08000183105469,81.73999786376953,2791094
2018-01-12,57.73387145996094,80.87999725341797,81.5,80.69000244140625,81.37999725341797,1781313
2018-01-15,57.940879821777344,81.16999816894531,81.41500091552734,80.72000122070312,81.30000305175781,1431419
2018-01-16,57.519737243652344,80.58000183105469,81.19000244140625,80.5,81.0199966430664,1518213
2018-01-17,57.18422317504883,80.11000061035156,80.38999938964844,79.86000061035156,80.20999908447266,2066964
2018-01-18,57.03433609008789,79.9000015258789,80.5,79.9000015258789,80.29000091552734,2093401
2018-01-19,56.98435592651367,79.83000183105469,80.41999816894531,79.83000183105469,80.0999984741211,1557603
2018-01-22,56.28480529785156,78.8499984741211,79.72000122070312,78.62999725341797,79.69999694824219,2414568
2018-01-23,56.570335388183594,79.25,79.58000183105469,79.0999984741211,79.11000061035156,2033594
2018-01-24,56.142059326171875,78.6500015258789,79.4800033569336,78.6500015258789,79.30000305175781,1923320
2018-01-25,56.142059326171875,78.6500015258789,78.66999816894531,78.02999877929688,78.45999908447266,3723004
2018-01-29,56.52751541137695,79.19000244140625,79.54000091552734,78.52999877929688,78.98999786376953,2385820
2018-01-30,56.45612335205078,79.08999633789062,79.45999908447266,78.75,78.80999755859375,1702998
2018-01-31,56.2990837097168,78.87000274658203,79.31999969482422,78.62000274658203,78.76000213623047,2953798
2018-02-01,57.11285781860352,80.01000213623047,80.15499877929688,78.9000015258789,79.0,2965072
2018-02-02,57.66963195800781,80.79000091552734,81.18000030517578,79.9000015258789,79.9000015258789,2631703
2018-02-05,56.96294403076172,79.80000305175781,80.2699966430664,79.5199966430664,79.95999908447266,2393475
2018-02-06,55.249759674072266,77.4000015258789,78.5,76.69000244140625,78.44000244140625,5684063
2018-02-07,54.81433868408203,76.79000091552734,78.95999908447266,76.7699966430664,78.61000061035156,5676630
2018-02-08,54.614479064941406,76.51000213623047,77.20999908447266,76.51000213623047,76.80000305175781,3493180
2018-02-09,54.42886734008789,76.25,76.47000122070312,75.4800033569336,75.75,3621859
2018-02-12,54.164764404296875,75.87999725341797,76.5,75.55999755859375,76.38999938964844,3411170
2018-02-13,54.46457290649414,76.30000305175781,76.73999786376953,75.87999725341797,76.2300033569336,3334988
2018-02-14,54.22998809814453,73.9800033569336,74.30000305175781,73.76000213623047,74.19999694824219,4217278
2018-02-15,54.142032623291016,73.86000061035156,74.29000091552734,73.73999786376953,74.25,3596362
2018-02-16,54.25931167602539,74.0199966430664,74.88999938964844,74.0,74.0,2222914
2018-02-19,54.537879943847656,74.4000015258789,74.58999633789062,74.0199966430664,74.0999984741211,1449284
2018-02-20,54.43525695800781,74.26000213623047,74.37999725341797,73.83000183105469,74.25,2238370
2018-02-21,54.486572265625,74.33000183105469,74.6500015258789,73.91999816894531,74.27999877929688,2210925
2018-02-22,54.721134185791016,74.6500015258789,74.80000305175781,74.06999969482422,74.5199966430664,2473068
2018-02-23,55.314884185791016,75.45999908447266,75.68000030517578,74.41000366210938,75.0199966430664,4526316
2018-02-26,56.15055847167969,76.5999984741211,76.5999984741211,75.5999984741211,75.9800033569336,3450024
2018-02-27,56.26782989501953,76.76000213623047,77.23999786376953,76.70999908447266,77.0,2736893
2018-02-28,55.99660873413086,76.38999938964844,76.88999938964844,76.12000274658203,76.5999984741211,3744085
2018-03-01,55.75470352172851,76.05999755859375,76.38999938964844,75.91000366210938,76.05999755859375,1695236
2018-03-02,55.512821197509766,75.7300033569336,76.19999694824219,75.12000274658203,75.81999969482422,2447987
2018-03-05,54.99968338012695,75.02999877929688,75.7300033569336,74.80000305175781,75.7300033569336,1541207
2018-03-06,55.48349380493164,75.69000244140625,76.05000305175781,75.48999786376953,75.69999694824219,2280493
2018-03-07,55.08032989501953,75.13999938964844,75.68000030517578,75.05000305175781,75.20999908447266,2458242
2018-03-08,55.83534622192383,76.16999816894531,76.19999694824219,75.51000213623047,75.72000122070312,3278343
2018-03-09,56.34846878051758,76.87000274658203,76.94999694824219,76.19999694824219,76.3499984741211,2944053
2018-03-12,56.7076530456543,77.36000061035156,77.66000366210938,77.16999816894531,77.48999786376953,2828994
2018-03-13,56.48042678833008,77.05000305175781,77.41000366210938,76.66999816894531,77.30000305175781,2990565
2018-03-14,56.11390686035156,76.55000305175781,76.63999938964844,76.16000366210938,76.5,3068664
2018-03-15,55.549461364746094,75.77999877929688,77.0,75.6500015258789,77.0,4006228
2018-03-16,55.22692108154297,75.33999633789062,76.25,75.0250015258789,75.97000122070312,3791783
2018-03-19,54.89705657958984,74.88999938964844,75.9800033569336,74.88999938964844,75.66000366210938,2364077
2018-03-20,55.11697769165039,75.19000244140625,75.58000183105469,74.61000061035156,74.87999725341797,2354537
2018-03-21,55.549461364746094,75.77999877929688,75.83000183105469,75.1500015258789,75.41000366210938,1926293
2018-03-22,54.88240051269531,74.87000274658203,75.44000244140625,74.66000366210938,75.43000030517578,2530879
2018-03-23,53.372337341308594,72.80999755859375,74.16000366210938,72.80999755859375,74.0999984741211,3617914
2018-03-26,52.793243408203125,72.0199966430664,72.6500015258789,71.70999908447266,72.4000015258789,3114044
2018-03-27,53.09380340576172,72.43000030517578,72.87000274658203,72.2699966430664,72.62000274658203,2576258
2018-03-28,52.675968170166016,71.86000061035156,72.4000015258789,71.81999969482422,72.33999633789062,3132651
2018-03-29,53.00582504272461,72.30999755859375,72.76000213623047,72.01000213623047,72.12999725341797,5292851
2018-04-03,52.96917724609375,72.26000213623047,72.43000030517578,71.44999694824219,71.58999633789062,2576796
2018-04-04,53.365013122558594,72.80000305175781,72.80000305175781,71.80999755859375,72.1500015258789,3646590
2018-04-05,54.09806442260742,73.80000305175781,73.91999816894531,72.33000183105469,72.69999694824219,3530929
2018-04-06,53.87081527709961,73.48999786376953,73.83000183105469,73.30999755859375,73.76000213623047,2268366
2018-04-09,53.914794921875,73.55000305175781,73.91999816894531,73.11000061035156,73.12999725341797,1313607
2018-04-10,54.50855255126953,74.36000061035156,74.5,72.8499984741211,73.11000061035156,1945119
2018-04-11,53.98076629638672,73.63999938964844,74.30000305175781,73.37999725341797,74.0,2523325
2018-04-12,53.57759475708008,73.08999633789062,73.62000274658203,72.91999816894531,73.30999755859375,2959474
2018-04-13,53.628910064697266,73.16000366210938,73.41999816894531,73.0,73.33000183105469,1251461
2018-04-16,53.23307418823242,72.62000274658203,73.55000305175781,72.61000061035156,73.25,2001961
2018-04-17,53.335689544677734,72.76000213623047,73.20999908447266,72.6500015258789,72.75,1905309
2018-04-18,53.07912826538086,72.41000366210938,72.68000030517578,72.16000366210938,72.5,1826752
2018-04-19,53.07181167602539,72.4000015258789,72.77999877929688,72.29000091552734,72.7699966430664,3139245
2018-04-20,52.82256317138672,72.05999755859375,72.56999969482422,71.93000030517578,72.19999694824219,2148031
2018-04-23,53.269718170166016,72.66999816894531,72.94000244140625,71.7699966430664,71.86000061035156,2343315
2018-04-24,53.84882354736328,73.45999908447266,73.7300033569336,72.72000122070312,72.72000122070312,3665086
2018-04-26,52.96184921264648,72.25,73.77999877929688,72.11000061035156,73.5199966430664,4384515
2018-04-27,52.44139099121094,71.54000091552734,72.62999725341797,71.08999633789062,72.5999984741211,5975530
2018-04-30,52.64663314819336,71.81999969482422,72.0999984741211,71.20999908447266,71.25,3843213
2018-05-01,53.6362419128418,73.16999816894531,73.25,71.30999755859375,71.81999969482422,4045489
2018-05-02,53.84882354736328,73.45999908447266,73.69000244140625,72.26000213623047,72.9800033569336,2476471
2018-05-03,54.17869186401367,73.91000366210938,74.01000213623047,73.27999877929688,73.93000030517578,2782258
2018-05-04,53.335689544677734,72.76000213623047,73.9800033569336,72.58000183105469,73.9800033569336,2546384
2018-05-07,53.29903793334961,72.70999908447266,73.19999694824219,72.56999969482422,73.01000213623047,2111927
2018-05-08,53.878135681152344,73.5,73.76000213623047,72.57499694824219,73.08999633789062,2956389
2018-05-09,52.34610366821289,71.41000366210938,72.0,70.80000305175781,71.91000366210938,6582126
2018-05-10,52.0308952331543,70.9800033569336,71.77999877929688,70.9800033569336,71.7699966430664,3695222
2018-05-11,51.701026916503906,70.52999877929688,71.2300033569336,70.19999694824219,70.5199966430664,3779356
2018-05-14,51.89894104003906,70.80000305175781,70.92500305175781,70.05999755859375,70.18000030517578,3586761
2018-05-15,51.98691177368164,70.91999816894531,71.77999877929688,70.91999816894531,71.29000091552734,2937818
2018-05-16,51.891605377197266,70.79000091552734,71.56999969482422,70.68000030517578,70.97000122070312,3869986
2018-05-17,52.16284942626953,71.16000366210938,71.27999877929688,70.47000122070312,70.7699966430664,4310845
2018-05-18,51.67904281616211,70.5,71.23999786376953,70.4000015258789,71.23999786376953,3110054
2018-05-21,51.37848663330078,70.08999633789062,70.45999908447266,70.0,70.4000015258789,2261388
2018-05-22,51.49577713012695,70.25,70.27999877929688,69.62999725341797,70.01000213623047,3279548
2018-05-23,51.17323303222656,69.80999755859375,70.3499984741211,69.70999908447266,70.0,2601288
2018-05-24,51.011966705322266,69.58999633789062,69.87000274658203,69.11000061035156,69.61000061035156,2763549
2018-05-25,51.21721649169922,69.87000274658203,70.12999725341797,69.19999694824219,69.37000274658203,3450605
2018-05-28,51.026634216308594,69.61000061035156,70.08999633789062,69.38999938964844,69.77999877929688,2140947
2018-05-29,51.5690803527832,70.3499984741211,70.58999633789062,69.55999755859375,69.69999694824219,2498273
2018-05-30,51.01929473876953,69.5999984741211,69.8550033569336,69.33000183105469,69.80000305175781,3208843
2018-05-31,50.79938888549805,69.30000305175781,70.0199966430664,69.20999908447266,70.0,3404730
2018-06-01,50.35956954956055,68.69999694824219,69.22000122070312,68.69999694824219,69.20999908447266,2428795
2018-06-04,51.08528137207031,69.69000244140625,70.3550033569336,69.48999786376953,69.91999816894531,3049958
2018-06-05,51.5984001159668,70.38999938964844,70.67500305175781,69.52999877929688,69.69000244140625,3837080
2018-06-06,50.74808883666992,69.2300033569336,70.5,69.0999984741211,70.44999694824219,3993516
2018-06-07,50.77006530761719,69.26000213623047,69.80000305175781,68.97000122070312,69.30000305175781,2381711
2018-06-08,50.8507080078125,69.37000274658203,69.73999786376953,69.2699966430664,69.33000183105469,1568016
2018-06-12,50.46951675415039,68.8499984741211,69.5,68.77999877929688,69.44999694824219,4098851
2018-06-13,49.97837829589844,68.18000030517578,68.87000274658203,68.01000213623047,68.8499984741211,3075419
2018-06-14,49.443260192871094,67.44999694824219,67.91999816894531,67.22000122070312,67.87999725341797,3419047
2018-06-15,50.564823150634766,68.9800033569336,69.0,67.66999816894531,67.69999694824219,5922177
2018-06-18,51.09259796142578,69.69999694824219,70.0,69.23500061035156,69.2699966430664,2366307
2018-06-19,51.22454833984375,69.87999725341797,70.47000122070312,69.69999694824219,70.0999984741211,3044721
2018-06-20,52.712623596191406,71.91000366210938,71.94999694824219,70.41999816894531,70.6500015258789,4092599
2018-06-21,53.43831253051758,72.9000015258789,72.98999786376953,72.29000091552734,72.97000122070312,7428730
2018-06-22,54.142032623291016,73.86000061035156,73.86000061035156,72.7699966430664,72.8499984741211,4421609
2018-06-25,52.8958740234375,72.16000366210938,74.69999694824219,71.87999725341797,73.83000183105469,3647015
2018-06-26,53.372337341308594,72.80999755859375,73.27999877929688,71.68000030517578,72.02999877929688,2708542
2018-06-27,53.22574234008789,72.61000061035156,73.37000274658203,72.61000061035156,73.04000091552734,2981498
2018-06-28,53.68022537231445,73.2300033569336,73.29000091552734,72.12999725341797,72.69999694824219,2567273
2018-06-29,53.41633605957031,72.87000274658203,73.66999816894531,72.86000061035156,73.4800033569336,6091515
2018-07-02,53.291709899902344,72.69999694824219,73.16999816894531,72.37999725341797,72.69999694824219,2049487
2018-07-03,54.22267150878906,73.97000122070312,74.19999694824219,72.61000061035156,73.1500015258789,3661537
2018-07-04,53.944114685058594,73.58999633789062,73.9800033569336,73.44999694824219,73.91000366210938,2065495
2018-07-05,54.58185577392578,74.45999908447266,74.54000091552734,73.63999938964844,73.80000305175781,2899406
2018-07-06,55.46883010864258,75.66999816894531,75.69999694824219,74.55000305175781,74.80000305175781,3410925
2018-07-09,55.784034729003906,76.0999984741211,76.73999786376953,75.91999816894531,76.0,4637959
2018-07-10,54.55986785888672,74.43000030517578,76.5,74.05000305175781,76.30000305175781,4469531
2018-07-11,54.28130340576172,74.05000305175781,74.27999877929688,73.54000091552734,74.25,3101381
2018-07-12,55.13163375854492,75.20999908447266,75.62999725341797,74.13999938964844,74.5,2733149
2018-07-13,54.86774063110352,74.8499984741211,75.73999786376953,74.26000213623047,75.66999816894531,2677839
2018-07-16,54.42058563232422,74.23999786376953,75.5999984741211,74.11000061035156,75.33999633789062,2301570
2018-07-17,54.60384368896485,74.48999786376953,74.86000061035156,74.05999755859375,74.37999725341797,2326849
2018-07-18,54.99235534667969,75.0199966430664,75.22000122070312,74.41000366210938,74.61000061035156,2298934
2018-07-19,55.263580322265625,75.38999938964844,75.76000213623047,74.83999633789062,75.56999969482422,2279376
2018-07-20,55.63742446899414,75.9000015258789,76.0999984741211,75.30999755859375,75.30999755859375,2547182
2018-07-23,55.153621673583984,75.23999786376953,75.9000015258789,75.05000305175781,75.72000122070312,1861469
2018-07-24,55.10231399536133,75.16999816894531,75.80000305175781,75.01000213623047,75.80000305175781,2128578
2018-07-25,54.8017692565918,74.76000213623047,75.25,74.58499908447266,75.12999725341797,2599361
2018-07-26,54.85308074951172,74.83000183105469,75.01000213623047,74.37000274658203,74.79000091552734,3159476
2018-07-27,55.2415885925293,75.36000061035156,75.62999725341797,74.91999816894531,75.33000183105469,4827208
2018-07-30,54.90439987182617,74.9000015258789,75.08000183105469,74.73999786376953,75.05000305175781,1998436
2018-07-31,54.823760986328125,74.79000091552734,75.43000030517578,74.79000091552734,75.19999694824219,2548855
2018-08-01,54.032081604003906,73.70999908447266,74.61000061035156,73.66000366210938,74.37999725341797,3369098
2018-08-02,54.01008987426758,73.68000030517578,74.23999786376953,73.43000030517578,74.0,2325541
2018-08-03,53.38700485229492,72.83000183105469,74.0999984741211,72.75,73.98999786376953,3884428
2018-08-06,53.922122955322266,73.55999755859375,73.86000061035156,73.0,73.04000091552734,2113075
2018-08-07,53.43099212646485,72.88999938964844,73.79000091552734,72.6500015258789,73.5999984741211,4048916
2018-08-08,54.838409423828125,74.80999755859375,74.92500305175781,73.20999908447266,74.18000030517578,5165542
2018-08-09,55.24892044067383,75.37000274658203,75.69000244140625,74.62999725341797,75.18000030517578,3201984
2018-08-10,55.263580322265625,75.38999938964844,76.0,75.37000274658203,75.70999908447266,3958293
2018-08-13,54.933719635009766,74.94000244140625,75.4000015258789,74.6500015258789,75.3499984741211,2641443
2018-08-14,55.60810852050781,75.86000061035156,75.98999786376953,75.19999694824219,75.44999694824219,4051537
2018-08-15,55.94075775146485,73.98999786376953,73.98999786376953,73.0199966430664,73.25,6162789
2018-08-16,56.0390510559082,74.12000274658203,74.30999755859375,73.37999725341797,73.7699966430664,4713252
2018-08-17,56.1675910949707,74.29000091552734,74.6500015258789,73.7699966430664,74.12000274658203,2242154
2018-08-20,55.653472900390625,73.61000061035156,74.44000244140625,73.33999633789062,74.44000244140625,3469377
2018-08-21,55.15446472167969,72.94999694824219,73.7699966430664,72.81999969482422,73.61000061035156,3141486
2018-08-22,54.34548568725586,71.87999725341797,72.79000091552734,71.52999877929688,72.6500015258789,2967965
2018-08-23,53.49113082885742,70.75,71.6500015258789,70.55000305175781,71.61000061035156,3832474
2018-08-24,53.596981048583984,70.88999938964844,71.79000091552734,70.0,70.44000244140625,4531175
2018-08-27,53.82381057739258,71.19000244140625,71.31999969482422,70.0999984741211,70.88999938964844,2531178
2018-08-28,54.23207473754883,71.7300033569336,72.30999755859375,71.44999694824219,71.44999694824219,3550699
2018-08-29,55.36616516113281,73.2300033569336,73.25,71.77999877929688,72.0,5119217
2018-08-30,54.54962158203125,72.1500015258789,73.55999755859375,72.05999755859375,73.52999877929688,3989330
2018-08-31,53.861610412597656,71.23999786376953,72.4800033569336,71.23999786376953,72.02999877929688,5114799
2018-09-03,53.83892822265625,71.20999908447266,71.72000122070312,71.08000183105469,71.23999786376953,1750708
2018-09-04,53.47602462768555,70.7300033569336,71.20999908447266,70.51000213623047,71.0999984741211,2475205
2018-09-05,53.00725936889648,70.11000061035156,70.8499984741211,70.02999877929688,70.80000305175781,1933291
2018-09-06,53.02995300292969,70.13999938964844,70.58000183105469,69.77999877929688,70.0,3140755
2018-09-07,53.309696197509766,70.51000213623047,70.69000244140625,69.80999755859375,69.80999755859375,2662882
2018-09-10,53.49113082885742,70.75,70.77999877929688,69.81999969482422,70.13999938964844,2011655
2018-09-11,54.33793258666992,71.87000274658203,72.12999725341797,71.05999755859375,71.13999938964844,3061454
2018-09-12,54.38328552246094,71.93000030517578,72.20999908447266,71.62999725341797,72.0,4798543
2018-09-13,53.81624984741211,71.18000030517578,71.80999755859375,71.05999755859375,71.4800033569336,2708851
2018-09-14,54.05818939208984,71.5,71.63999938964844,71.18000030517578,71.30999755859375,2823428
2018-09-17,54.247196197509766,71.75,72.0,71.1050033569336,71.5,1690695
2018-09-18,54.37574005126953,71.91999816894531,72.2300033569336,71.51000213623047,71.54000091552734,2245087
2018-09-19,54.50425338745117,72.08999633789062,72.0999984741211,71.62999725341797,72.0,2382725
2018-09-20,54.34548568725586,71.87999725341797,72.19000244140625,71.54000091552734,71.55000305175781,3783393
2018-09-21,54.39085006713867,71.94000244140625,72.4800033569336,71.6500015258789,72.0999984741211,4081456
2018-09-24,54.11109924316406,71.56999969482422,71.66999816894531,71.25,71.54000091552734,1951825
2018-09-25,53.5289421081543,70.80000305175781,71.41999816894531,70.51000213623047,71.18000030517578,1982367
2018-09-26,53.0601921081543,70.18000030517578,70.7699966430664,70.0199966430664,70.6500015258789,3399090
2018-09-27,52.98458480834961,70.08000183105469,70.41999816894531,69.9800033569336,70.01000213623047,2499328
2018-09-28,53.99014663696289,71.41000366210938,72.19000244140625,69.91999816894531,69.94999694824219,5646364
2018-10-01,53.24163055419922,70.41999816894531,71.37000274658203,70.12999725341797,71.12999725341797,2063204
2018-10-02,52.59898376464844,69.56999969482422,70.68000030517578,69.31999969482422,70.68000030517578,3539461
2018-10-03,52.62923812866211,69.61000061035156,70.2300033569336,69.5999984741211,69.66999816894531,1927070
2018-10-04,52.86360549926758,69.91999816894531,70.25,69.80000305175781,70.0,1960153
2018-10-05,52.92410659790039,70.0,70.25,69.6500015258789,69.9000015258789,2107747
2018-10-08,52.43265151977539,69.3499984741211,70.06999969482422,69.30000305175781,70.0,2036713
2018-10-09,51.979026794433594,68.75,69.66999816894531,68.66999816894531,69.3499984741211,2950342
2018-10-10,52.145362854003906,68.97000122070312,69.11000061035156,68.08000183105469,68.75,2663207
2018-10-11,50.655914306640625,67.0,68.36000061035156,67.0,68.0,3629075
2018-10-12,50.67860412597656,67.02999877929688,67.2699966430664,66.06999969482422,66.43000030517578,4588852
2018-10-15,49.62012481689453,65.62999725341797,67.0,65.2300033569336,66.80000305175781,3114956
2018-10-16,49.7259635925293,65.7699966430664,66.55000305175781,65.5,65.63999938964844,2766720
2018-10-17,50.580322265625,66.9000015258789,67.2300033569336,66.58999633789062,66.68000030517578,2588079
2018-10-18,50.82225036621094,67.22000122070312,67.37000274658203,66.58499908447266,66.94999694824219,2772564
2018-10-19,51.35149765014648,67.91999816894531,67.94000244140625,66.5199966430664,66.91999816894531,2694039
2018-10-22,50.91297912597656,67.33999633789062,67.9800033569336,66.91000366210938,67.48999786376953,2152964
2018-10-23,50.361061096191406,66.61000061035156,67.91999816894531,66.61000061035156,67.29000091552734,2236402
2018-10-24,50.55007553100586,66.86000061035156,67.25,66.41000366210938,66.4800033569336,2234525
2018-10-25,49.34794235229492,65.2699966430664,66.2300033569336,65.2699966430664,66.12999725341797,3656808
2018-10-26,49.7562141418457,65.80999755859375,66.11000061035156,65.26000213623047,65.55999755859375,6297268
2018-10-29,50.38373947143555,66.63999938964844,66.70999908447266,66.0,66.0999984741211,1962573
2018-10-30,51.53295135498047,68.16000366210938,68.16000366210938,66.68000030517578,66.69000244140625,2835199
2018-10-31,52.34193420410156,69.2300033569336,69.27999877929688,68.02999877929688,68.5199966430664,4697573
2018-11-01,52.122676849365234,68.94000244140625,69.55000305175781,68.19999694824219,69.30000305175781,4650596
2018-11-02,51.67659759521485,68.3499984741211,68.79000091552734,67.6500015258789,68.5999984741211,3697329
2018-11-05,51.396873474121094,67.9800033569336,68.58000183105469,67.30999755859375,68.08999633789062,2088395
2018-11-06,52.13023376464844,68.94999694824219,69.2300033569336,67.8499984741211,68.13999938964844,1731764
2018-11-07,52.43265151977539,69.3499984741211,69.9000015258789,68.91999816894531,69.0,3047152
2018-11-08,53.39285659790039,70.62000274658203,70.63999938964844,69.51000213623047,69.8499984741211,3533519
2018-11-09,53.642356872558594,70.94999694824219,70.94999694824219,70.3499984741211,70.44999694824219,2818344
2018-11-12,54.262325286865234,71.7699966430664,71.77999877929688,70.45999908447266,70.7300033569336,2384638
2018-11-13,53.60454559326172,70.9000015258789,71.27999877929688,70.5199966430664,70.9000015258789,3900383
2018-11-14,52.326812744140625,69.20999908447266,71.25,69.05999755859375,71.0,3378631
2018-11-15,52.06218338012695,68.86000061035156,69.4000015258789,67.75,69.29000091552734,3253977
2018-11-16,52.092430114746094,68.9000015258789,69.69999694824219,68.9000015258789,69.1500015258789,2008024
2018-11-19,51.79000473022461,68.5,68.9000015258789,68.29000091552734,68.86000061035156,2192091
2018-11-20,52.31925201416016,69.19999694824219,69.19999694824219,67.72000122070312,68.19999694824219,3281333
2018-11-21,52.969459533691406,70.05999755859375,70.05999755859375,68.47000122070312,68.75,3504716
2018-11-22,53.40040588378906,70.62999725341797,70.86000061035156,69.91999816894531,70.11000061035156,2633051
2018-11-23,53.90697479248047,71.30000305175781,71.56999969482422,70.31999969482422,70.33000183105469,3277567
2018-11-26,53.952335357666016,71.36000061035156,71.83000183105469,70.88999938964844,71.22000122070312,4536943
2018-11-27,54.59498596191406,72.20999908447266,72.20999908447266,70.95999908447266,71.97000122070312,3378679
2018-11-28,54.50425338745117,72.08999633789062,72.48999786376953,71.81500244140625,72.29000091552734,2672431
2018-11-29,54.761322021484375,72.43000030517578,73.05000305175781,72.18000030517578,72.73999786376953,3424908
2018-11-30,53.85405731201172,71.2300033569336,72.7300033569336,71.2300033569336,72.08999633789062,7590949
2018-12-03,54.09598922729492,71.55000305175781,72.2699966430664,71.26000213623047,72.05999755859375,2476218
2018-12-04,53.5289421081543,70.80000305175781,71.79000091552734,70.69999694824219,71.29000091552734,2685903
2018-12-05,52.92410659790039,70.0,70.08000183105469,69.12000274658203,69.5199966430664,2666241
2018-12-06,52.67460250854492,69.66999816894531,69.77999877929688,69.0199966430664,69.3499984741211,2910742
2018-12-07,53.20383834838867,70.37000274658203,70.69999694824219,69.30000305175781,69.80999755859375,2548553
2018-12-10,51.61610794067383,68.2699966430664,69.38999938964844,68.19999694824219,69.08000183105469,3969241
2018-12-11,51.73708724975586,68.43000030517578,68.8499984741211,67.91999816894531,68.52999877929688,2558095
2018-12-12,52.98458480834961,70.08000183105469,70.08000183105469,68.3499984741211,68.77999877929688,3753951
2018-12-13,53.0601921081543,70.18000030517578,70.98999786376953,69.55999755859375,70.25,2098764
2018-12-14,52.024383544921875,68.80999755859375,69.9000015258789,68.51000213623047,69.62999725341797,3842203
2018-12-17,52.36460876464844,69.26000213623047,69.58000183105469,68.16000366210938,68.30999755859375,3069368
2018-12-18,51.865623474121094,68.5999984741211,69.33000183105469,68.22000122070312,68.33999633789062,3125139
2018-12-19,52.47045135498047,69.4000015258789,69.98999786376953,68.69999694824219,68.91999816894531,4300599
2018-12-20,52.10755920410156,68.91999816894531,69.91000366210938,68.69999694824219,68.86000061035156,4793001
2018-12-21,51.77488708496094,68.4800033569336,69.63999938964844,67.5999984741211,69.11000061035156,9441177
2018-12-24,51.903419494628906,68.6500015258789,68.80000305175781,67.55000305175781,67.55000305175781,1285325
2018-12-27,53.17359924316406,70.33000183105469,70.33999633789062,69.19999694824219,69.5,2558888
2018-12-28,54.3681755065918,71.91000366210938,71.91000366210938,70.3499984741211,70.5999984741211,3546188
2018-12-31,54.7310791015625,72.38999938964844,72.72000122070312,71.94000244140625,71.94999694824219,2208331
2019-01-02,53.657474517822266,70.97000122070312,72.47000122070312,70.7699966430664,72.3499984741211,2858639
2019-01-03,54.315242767333984,71.83999633789062,71.9800033569336,70.86000061035156,71.25,3345567
2019-01-04,54.353050231933594,71.88999938964844,71.95999908447266,71.08000183105469,71.5,3501951
2019-01-07,54.86716842651367,72.56999969482422,72.98999786376953,72.44999694824219,72.5,2615597
2019-01-08,54.79156875610352,72.47000122070312,72.80000305175781,72.00499725341797,72.37999725341797,2363648
2019-01-09,54.68570709228515,72.33000183105469,72.75,72.05500030517578,72.62999725341797,2317350
2019-01-10,54.77643966674805,72.44999694824219,72.44999694824219,71.70999908447266,72.37999725341797,2617459
2019-01-11,54.17915725708008,71.66000366210938,72.48999786376953,71.66000366210938,72.4800033569336,2187613
2019-01-14,54.37574005126953,71.91999816894531,72.27999877929688,71.5999984741211,71.93000030517578,2511661
2019-01-15,54.92765426635742,72.6500015258789,72.80000305175781,72.29000091552734,72.4800033569336,2350615
2019-01-16,54.85205841064453,72.55000305175781,72.98999786376953,72.13999938964844,72.77999877929688,2463396
2019-01-17,55.01837921142578,72.7699966430664,73.08499908447266,72.55999755859375,72.91000366210938,2510233
2019-01-18,55.36616516113281,73.2300033569336,73.41999816894531,72.93000030517578,73.08999633789062,1943242
2019-01-21,55.230072021484375,73.05000305175781,73.55000305175781,72.93000030517578,73.41999816894531,1412257
2019-01-22,54.572296142578125,72.18000030517578,72.94000244140625,71.91999816894531,72.68000030517578,2142852
2019-01-23,54.53449630737305,72.12999725341797,72.41999816894531,71.63999938964844,71.9000015258789,1979598
2019-01-24,54.821815490722656,72.51000213623047,72.55000305175781,71.86000061035156,72.38999938964844,1862511
2019-01-25,54.84449005126953,72.54000091552734,72.95999908447266,72.29000091552734,72.66999816894531,5756348
2019-01-29,53.94477081298828,71.3499984741211,72.37000274658203,71.27999877929688,72.0199966430664,2569527
2019-01-30,53.861610412597656,71.23999786376953,71.33499908447266,70.82499694824219,71.2300033569336,3204973
2019-01-31,52.856056213378906,69.91000366210938,71.44999694824219,69.91000366210938,71.23999786376953,4965542
2019-02-01,52.74264907836914,69.76000213623047,70.2699966430664,69.1500015258789,69.2300033569336,3144898
2019-02-04,53.15092086791992,70.30000305175781,70.91999816894531,69.22000122070312,69.44999694824219,2595413
2019-02-05,55.645904541015625,73.5999984741211,73.88999938964844,72.41000366210938,73.69000244140625,7693619
2019-02-06,54.889854431152344,72.5999984741211,74.25,72.0199966430664,73.9000015258789,5414328
2019-02-07,55.993690490722656,74.05999755859375,74.25,72.5,72.58999633789062,4119932
2019-02-08,56.51537322998047,74.75,74.94499969482422,73.44999694824219,73.44999694824219,5082651
2019-02-11,55.8122444152832,73.81999969482422,74.75,73.33999633789062,74.58999633789062,2926427
2019-02-12,55.441776275634766,73.33000183105469,74.12999725341797,73.1500015258789,73.79000091552734,3431996
2019-02-13,55.34850311279297,71.20999908447266,71.75,70.94999694824219,71.75,6133536
2019-02-14,54.86659622192383,70.58999633789062,71.33999633789062,70.55000305175781,71.20999908447266,2787802
2019-02-15,55.03759002685547,70.80999755859375,71.03500366210938,70.25,70.5,2578410
2019-02-18,55.16196060180664,70.97000122070312,71.4800033569336,70.66000366210938,71.47000122070312,2057522
2019-02-19,55.70603942871094,71.66999816894531,71.8499984741211,70.72000122070312,70.72000122070312,2952891
2019-02-20,55.698272705078125,71.66000366210938,72.19000244140625,71.16999816894531,71.5,2514470
2019-02-21,56.8175163269043,73.0999984741211,73.22000122070312,71.9800033569336,72.19999694824219,4539658
2019-02-22,57.40045928955078,73.8499984741211,73.8499984741211,72.7300033569336,73.20999908447266,4838373
2019-02-25,57.33051300048828,73.76000213623047,73.93000030517578,73.05000305175781,73.80000305175781,2485374
2019-02-26,56.85638427734375,73.1500015258789,73.69000244140625,72.80000305175781,73.69000244140625,2069074
2019-02-27,57.244998931884766,73.6500015258789,73.70999908447266,73.1500015258789,73.43000030517578,2223896
2019-02-28,57.47819519042969,73.94999694824219,73.94999694824219,73.16000366210938,73.51000213623047,3968439
2019-03-01,57.78907775878906,74.3499984741211,74.6500015258789,73.9000015258789,73.94999694824219,3554240
2019-03-04,57.55592346191406,74.05000305175781,74.81500244140625,73.9800033569336,74.55000305175781,2261615
2019-03-05,57.56367111206055,74.05999755859375,74.2300033569336,73.55000305175781,73.69000244140625,2616966
2019-03-06,58.09999465942383,74.75,74.75,74.01000213623047,74.08999633789062,3025463
2019-03-07,58.04558563232422,74.68000030517578,75.0,74.51000213623047,74.9800033569336,3135990
2019-03-08,56.879695892333984,73.18000030517578,74.13999938964844,73.0999984741211,74.0,3624931
2019-03-11,56.77865982055664,73.05000305175781,73.27999877929688,72.5999984741211,72.68000030517578,2164041
2019-03-12,57.276100158691406,73.69000244140625,74.0,73.51000213623047,73.69000244140625,2355849
2019-03-13,56.50661087036133,72.69999694824219,73.1500015258789,72.2699966430664,73.12999725341797,2971382
2019-03-14,56.3900260925293,72.55000305175781,73.38999938964844,72.51000213623047,73.38999938964844,2031806
2019-03-15,56.20348358154297,72.30999755859375,73.33999633789062,72.02999877929688,73.33999633789062,5551817
2019-03-18,55.768218994140625,71.75,72.61000061035156,71.5199966430664,72.02999877929688,3044657
2019-03-19,55.4417724609375,71.33000183105469,72.30000305175781,71.26000213623047,72.30000305175781,2978248
2019-03-20,55.02204513549805,70.79000091552734,71.31999969482422,70.69999694824219,71.01000213623047,3282179
2019-03-21,55.28631591796875,71.12999725341797,71.19000244140625,70.51000213623047,70.52999877929688,4797875
2019-03-22,55.519500732421875,71.43000030517578,71.8499984741211,71.0,71.30000305175781,1612285
2019-03-25,55.014278411865234,70.77999877929688,70.91000366210938,70.30000305175781,70.62999725341797,2792861
2019-03-26,54.959869384765625,70.70999908447266,70.95999908447266,70.47000122070312,70.73999786376953,2274251
2019-03-27,55.06092071533203,70.83999633789062,70.83999633789062,70.19999694824219,70.5999984741211,2413219
2019-03-28,55.11532974243164,70.91000366210938,71.04000091552734,70.30000305175781,70.81999969482422,2981799
2019-03-29,54.905460357666016,70.63999938964844,71.0,70.37999725341797,70.77999877929688,5134907
2019-04-01,55.465087890625,71.36000061035156,71.7699966430664,71.0,71.0,1893435
2019-04-02,55.48063659667969,71.37999725341797,72.16000366210938,71.25499725341797,71.9000015258789,2267274
2019-04-03,55.4884147644043,71.38999938964844,71.69000244140625,71.05000305175781,71.51000213623047,2582854
2019-04-04,55.36405563354492,71.2300033569336,71.58000183105469,70.95999908447266,71.5199966430664,2364739
2019-04-05,55.09977722167969,70.88999938964844,71.25,70.62999725341797,71.05999755859375,2601681
2019-04-08,54.92877960205078,70.66999816894531,71.06999969482422,70.5,71.01000213623047,2086127
2019-04-09,54.60233688354492,70.25,70.5999984741211,69.72000122070312,70.55999755859375,2741284
2019-04-10,54.99095916748047,70.75,71.02999877929688,70.02999877929688,70.13999938964844,2079661
2019-04-11,54.610107421875,70.26000213623047,70.45999908447266,70.0,70.2699966430664,3282063
2019-04-12,55.67494583129883,71.62999725341797,71.73999786376953,70.79499816894531,70.94000244140625,3170599
2019-04-15,56.1102180480957,72.19000244140625,72.27999877929688,71.86000061035156,71.94000244140625,2279880
2019-04-16,56.49884414672851,72.69000244140625,72.80999755859375,72.0,72.08999633789062,2535090
2019-04-17,56.96519470214844,73.29000091552734,73.44999694824219,72.77999877929688,72.80000305175781,2583116
2019-04-18,57.0584716796875,73.41000366210938,73.83000183105469,73.08000183105469,73.6500015258789,2739790
2019-04-23,57.67249298095703,74.19999694824219,74.33000183105469,73.29000091552734,73.58000183105469,3027492
2019-04-24,58.41867446899414,75.16000366210938,75.33999633789062,74.43000030517578,74.5,6661349
2019-04-26,58.644073486328125,75.44999694824219,75.5,74.87000274658203,75.08999633789062,2906927
2019-04-29,58.37980651855469,75.11000061035156,75.44999694824219,74.69999694824219,75.4000015258789,1673023
2019-04-30,57.92122268676758,74.5199966430664,75.06999969482422,74.51499938964844,74.91000366210938,2336279
2019-05-01,58.68293762207031,75.5,75.86000061035156,74.69999694824219,74.80999755859375,2275425
2019-05-02,58.185489654541016,74.86000061035156,75.02999877929688,74.45999908447266,75.0,1967634
2019-05-03,58.27876281738281,74.9800033569336,75.375,74.44999694824219,74.91999816894531,2066251
2019-05-06,58.2476692199707,74.94000244140625,75.23999786376953,74.29000091552734,74.47000122070312,1621358
2019-05-07,57.991172790527344,74.61000061035156,75.6500015258789,74.61000061035156,75.06999969482422,1890973
2019-05-08,58.09221267700195,74.73999786376953,74.80000305175781,74.1500015258789,74.20999908447266,1569921
2019-05-09,58.42644119262695,75.16999816894531,75.29000091552734,74.41999816894531,74.41999816894531,1893374
2019-05-10,58.6052131652832,75.4000015258789,75.4800033569336,74.80000305175781,75.18000030517578,2007443
2019-05-13,57.12841796875,73.5,74.0,73.08999633789062,73.9000015258789,3217303
2019-05-14,56.40556335449219,72.56999969482422,72.9000015258789,72.01499938964844,72.76000213623047,3135573
2019-05-15,56.38225936889648,72.54000091552734,72.88999938964844,72.22000122070312,72.69000244140625,2903634
2019-05-16,56.99628829956055,73.33000183105469,73.33000183105469,72.41000366210938,72.93000030517578,3245252
2019-05-17,56.607662200927734,72.83000183105469,73.98999786376953,72.73500061035156,73.9000015258789,2939669
2019-05-20,60.15973663330078,77.4000015258789,77.72000122070312,75.0,76.95999908447266,10224511
2019-05-21,61.38002014160156,78.97000122070312,79.79000091552734,77.05000305175781,79.5999984741211,6145587
2019-05-22,61.403343200683594,79.0,79.0,78.16000366210938,78.69999694824219,3539248
2019-05-23,60.742671966552734,78.1500015258789,78.93000030517578,78.02999877929688,78.93000030517578,3187084
2019-05-24,60.76598358154297,78.18000030517578,78.18000030517578,77.30999755859375,77.75,2851840
2019-05-27,60.34627151489258,77.63999938964844,78.12000274658203,77.51000213623047,77.51000213623047,1439079
2019-05-28,60.65715789794922,78.04000091552734,78.33999633789062,77.75,77.83999633789062,4145532
2019-05-29,60.540584564208984,77.88999938964844,77.98999786376953,77.3499984741211,77.52999877929688,2732763
2019-05-30,60.78154373168945,78.19999694824219,78.41999816894531,77.37999725341797,77.37999725341797,3465876
2019-05-31,61.0224723815918,78.51000213623047,78.54000091552734,77.72000122070312,77.94999694824219,6604404
2019-06-03,60.55613327026367,77.91000366210938,78.55999755859375,77.80999755859375,78.05999755859375,2379890
2019-06-04,60.95252227783203,78.41999816894531,78.7300033569336,77.4000015258789,77.91999816894531,3000157
2019-06-05,61.70645904541016,79.38999938964844,79.5,78.81999969482422,79.0,3016640
2019-06-06,61.96296310424805,79.72000122070312,80.0,79.44999694824219,79.47000122070312,3028387
2019-06-07,62.18059158325195,80.0,80.0,79.5,79.98999786376953,2342094
2019-06-11,62.91898727416992,80.94999694824219,81.0,80.0199966430664,80.0999984741211,2954049
2019-06-12,62.07954406738281,79.87000274658203,81.25,79.86000061035156,81.0,2880475
2019-06-13,62.50703048706055,80.41999816894531,80.48999786376953,80.0,80.1500015258789,2020161
2019-06-14,62.001808166503906,79.7699966430664,79.91999816894531,79.12999725341797,79.80999755859375,2314464
2019-06-17,62.328277587890625,80.19000244140625,80.69000244140625,79.70999908447266,79.80000305175781,2277090
2019-06-18,63.307621002197266,81.44999694824219,81.44999694824219,80.69000244140625,80.69999694824219,5192688
2019-06-19,63.96828079223633,82.30000305175781,82.3949966430664,81.66000366210938,81.69999694824219,5180862
2019-06-20,64.4268569946289,82.88999938964844,83.0,81.97000122070312,82.77999877929688,4528129
2019-06-21,63.921653747558594,82.23999786376953,82.98999786376953,81.9000015258789,82.88999938964844,5058429
2019-06-24,64.27918243408203,82.69999694824219,82.69999694824219,81.91000366210938,82.0,1606761
2019-06-25,64.03046417236328,82.37999725341797,82.69000244140625,82.04000091552734,82.66000366210938,1997999
2019-06-26,63.882789611816406,82.19000244140625,82.37999725341797,81.84500122070312,82.29000091552734,3256761
2019-06-27,64.51235961914062,83.0,83.0,81.93000030517578,81.9800033569336,2587665
2019-06-28,64.34136962890625,82.77999877929688,83.98999786376953,82.5,83.19999694824219,7376177
2019-07-01,63.98383712768555,82.31999969482422,83.5199966430664,81.87999725341797,83.5,2964519
2019-07-02,62.996707916259766,81.05000305175781,82.43000030517578,80.5199966430664,82.22000122070312,3516402
2019-07-03,62.91898727416992,80.94999694824219,81.19000244140625,80.12000274658203,80.54000091552734,3356436
2019-07-04,63.400882720947266,81.56999969482422,82.19999694824219,81.2300033569336,81.44000244140625,2785014
2019-07-05,63.93718719482422,82.26000213623047,82.55000305175781,81.62999725341797,82.0199966430664,2886920
2019-07-08,63.175479888916016,81.27999877929688,82.13999938964844,81.27999877929688,82.0,1900273
2019-07-09,62.934532165527344,80.97000122070312,81.02999877929688,80.4000015258789,80.69000244140625,2473175
2019-07-10,63.14439010620117,81.23999786376953,81.94999694824219,81.01000213623047,81.5,1696610
2019-07-11,63.14439010620117,81.23999786376953,81.47000122070312,80.56999969482422,80.87999725341797,2098294
2019-07-12,63.36202621459961,81.5199966430664,82.0,80.91000366210938,81.23999786376953,3140331
2019-07-15,63.004486083984375,81.05999755859375,81.44499969482422,80.80000305175781,80.91000366210938,1575737
2019-07-16,62.84125900268555,80.8499984741211,81.19999694824219,80.8499984741211,80.94999694824219,1435095
2019-07-17,63.206581115722656,81.31999969482422,81.44000244140625,80.5999984741211,80.7699966430664,1339322
2019-07-18,63.25321578979492,81.37999725341797,81.44999694824219,80.9000015258789,81.1500015258789,1503108
2019-07-19,63.8050651550293,82.08999633789062,82.2699966430664,81.37000274658203,81.5,2208256
2019-07-22,63.618526458740234,81.8499984741211,82.19999694824219,81.51000213623047,82.1500015258789,1390532
2019-07-23,63.38534927368164,81.55000305175781,82.11000061035156,81.51000213623047,81.9000015258789,2316067
2019-07-24,64.00715637207031,82.3499984741211,82.3499984741211,81.5999984741211,82.0,3329560
2019-07-25,64.51235961914062,83.0,83.0,82.37000274658203,82.7300033569336,3721233
2019-07-26,64.19367980957031,82.58999633789062,83.29000091552734,82.52999877929688,82.98999786376953,6715835
2019-07-29,64.70668029785156,83.25,83.44999694824219,82.37999725341797,82.80000305175781,3280357
2019-07-30,64.8232650756836,83.4000015258789,83.69999694824219,83.0,83.48999786376953,3120288
2019-07-31,63.96828079223633,82.30000305175781,83.43000030517578,82.30000305175781,83.08999633789062,3304674
2019-08-01,63.67293930053711,81.91999816894531,82.3499984741211,81.33499908447266,81.5,3129406
2019-08-02,63.6418342590332,81.87999725341797,82.18000030517578,81.20999908447266,81.75,2428468
2019-08-05,63.12106704711914,81.20999908447266,82.43000030517578,81.1500015258789,82.0,1373507
2019-08-06,62.025150299072266,79.80000305175781,80.29000091552734,79.19999694824219,79.83999633789062,4177911
2019-08-07,61.17015838623047,78.69999694824219,79.47000122070312,77.47000122070312,77.80999755859375,6919201
2019-08-08,61.37224960327149,78.95999908447266,78.95999908447266,77.5,77.5999984741211,4315824
2019-08-09,61.729793548583984,79.41999816894531,79.80000305175781,79.08999633789062,79.61000061035156,4335354
2019-08-12,62.13394927978515,79.94000244140625,79.98999786376953,79.13500213623047,79.45999908447266,2131570
2019-08-13,61.7608757019043,79.45999908447266,80.0,79.25,79.55999755859375,3347281
2019-08-14,61.34459686279297,76.62999725341797,77.41000366210938,76.33000183105469,77.4000015258789,6351228
2019-08-15,59.51138687133789,74.33999633789062,75.80000305175781,74.33999633789062,75.0999984741211,5335767
2019-08-16,60.13579559326172,75.12000274658203,75.25,74.44999694824219,74.44999694824219,3014001
2019-08-19,61.07241439819336,76.29000091552734,76.29000091552734,75.80000305175781,75.94000244140625,2682547
2019-08-20,61.74485778808594,77.12999725341797,77.25,76.43000030517578,76.69999694824219,3950231
2019-08-21,61.65679931640625,77.0199966430664,77.125,76.55000305175781,76.87000274658203,2970370
2019-08-22,61.720848083496094,77.0999984741211,77.4800033569336,76.98999786376953,77.4800033569336,1964387
2019-08-23,61.96101760864258,77.4000015258789,77.4000015258789,76.61000061035156,77.0199966430664,1815994
2019-08-26,61.44866943359375,76.76000213623047,76.76000213623047,75.80999755859375,76.30999755859375,1815254
2019-08-27,61.760860443115234,77.1500015258789,77.25,76.7300033569336,76.80000305175781,2359061
2019-08-28,61.48069381713867,76.80000305175781,76.81999969482422,76.31999969482422,76.61000061035156,1997056
2019-08-29,61.96902084350586,77.41000366210938,77.4800033569336,76.91999816894531,77.0,2988307
2019-08-30,63.281883239746094,79.05000305175781,79.05000305175781,77.5199966430664,77.7699966430664,6147476
2019-09-02,63.19381332397461,78.94000244140625,79.29000091552734,78.63999938964844,78.9000015258789,1826554
2019-09-03,63.06573867797851,78.77999877929688,79.2699966430664,78.44999694824219,78.97000122070312,1701064
2019-09-04,62.993690490722656,78.69000244140625,78.69000244140625,77.79000091552734,77.88999938964844,2505318
2019-09-05,63.44198226928711,79.25,79.58999633789062,78.80999755859375,79.0,2099227
2019-09-06,63.67414474487305,79.54000091552734,79.70999908447266,79.41999816894531,79.51000213623047,2777704
2019-09-09,63.89027404785156,79.80999755859375,80.0,79.3499984741211,79.4000015258789,2167582
2019-09-10,63.954322814941406,79.88999938964844,80.33000183105469,79.68000030517578,79.98999786376953,2718563
2019-09-11,64.5226821899414,80.5999984741211,80.5999984741211,80.01000213623047,80.1500015258789,2757774
2019-09-12,65.12310028076172,81.3499984741211,81.45999908447266,81.0999984741211,81.29000091552734,2795277
2019-09-13,65.7555160522461,82.13999938964844,82.23999786376953,81.70999908447266,81.75,3497608
2019-09-16,65.39527893066406,81.69000244140625,81.94000244140625,81.37000274658203,81.61000061035156,2992334
2019-09-17,65.8355712890625,82.23999786376953,82.23999786376953,81.20999908447266,81.4000015258789,3399399
2019-09-18,65.43529510498047,81.73999786376953,82.3499984741211,81.44000244140625,82.0999984741211,2664207
2019-09-19,65.78752899169922,82.18000030517578,82.63999938964844,81.81999969482422,82.33999633789062,5445784
2019-09-20,65.78752899169922,82.18000030517578,82.55000305175781,81.81999969482422,82.1500015258789,4427114
2019-09-23,65.68346405029297,82.05000305175781,82.55999755859375,81.7699966430664,82.38999938964844,1928322
2019-09-24,65.7234878540039,82.0999984741211,82.55000305175781,82.0999984741211,82.2300033569336,3297104
2019-09-25,65.30722045898438,81.58000183105469,81.88999938964844,81.34500122070312,81.70999908447266,3461785
2019-09-26,64.98699951171875,81.18000030517578,81.98999786376953,80.87999725341797,81.5999984741211,3127123
2019-09-27,65.27520751953125,81.54000091552734,81.80000305175781,81.19000244140625,81.37999725341797,5336753
2019-09-30,64.70681762695312,80.83000183105469,81.54000091552734,80.83000183105469,81.51000213623047,2520880
2019-10-01,65.06704711914062,81.27999877929688,81.36000061035156,80.12000274658203,80.95999908447266,2799927
2019-10-02,63.722171783447266,79.5999984741211,80.26000213623047,79.51000213623047,80.0,3237695
2019-10-03,61.91297912597656,77.33999633789062,78.05999755859375,77.33999633789062,78.0,3919413
2019-10-04,62.11312103271485,77.58999633789062,77.83000183105469,77.0,77.51000213623047,2516609
2019-10-07,62.39329147338867,77.94000244140625,78.38999938964844,77.7249984741211,78.27999877929688,1021796
2019-10-08,62.92163848876953,78.5999984741211,78.66999816894531,78.12999725341797,78.38999938964844,1884181
2019-10-09,62.585411071777344,78.18000030517578,78.19000244140625,77.6500015258789,77.80000305175781,1503988
2019-10-10,62.521366119384766,78.0999984741211,78.5199966430664,77.70999908447266,78.0,1635549
2019-10-11,63.05773162841797,78.7699966430664,78.95999908447266,78.4000015258789,78.83999633789062,2361404
2019-10-14,63.297889709472656,79.06999969482422,79.6449966430664,78.98999786376953,79.19999694824219,1212377
2019-10-15,63.49002456665039,79.30999755859375,79.3499984741211,78.80000305175781,78.95999908447266,957243
2019-10-16,64.3866195678711,80.43000030517578,80.5,79.72000122070312,79.80000305175781,2907048
2019-10-17,64.13043975830078,80.11000061035156,80.75499725341797,79.8550033569336,80.68000030517578,3174599
2019-10-18,63.75419616699219,79.63999938964844,79.79000091552734,79.16999816894531,79.6500015258789,2038298
2019-10-21,63.87425994873047,79.79000091552734,79.79000091552734,79.02999877929688,79.19999694824219,1422877
2019-10-22,63.77021026611328,79.66000366210938,79.87999725341797,79.48999786376953,79.69000244140625,1442971
2019-10-23,63.994346618652344,79.94000244140625,79.94000244140625,79.27999877929688,79.7300033569336,1787716
2019-10-24,64.27454376220703,80.29000091552734,80.37000274658203,80.08000183105469,80.12000274658203,2426692
2019-10-25,64.60274505615234,80.69999694824219,80.7699966430664,80.29000091552734,80.44999694824219,4235620
2019-10-28,64.42664337158203,80.4800033569336,80.97000122070312,80.33000183105469,80.7699966430664,1464194
2019-10-29,64.41062927246094,80.45999908447266,80.5999984741211,80.1500015258789,80.1500015258789,1510421
2019-10-30,63.79422378540039,79.69000244140625,80.37999725341797,79.5,80.05999755859375,2361523
2019-10-31,62.96967315673828,78.66000366210938,79.5,78.31999969482422,79.5,2808309
2019-11-01,62.633453369140625,78.23999786376953,78.30000305175781,77.43499755859375,78.0999984741211,3363281
2019-11-04,61.68082046508789,77.05000305175781,77.68000030517578,76.66000366210938,77.6500015258789,3840544
2019-11-05,62.2011604309082,77.69999694824219,78.0999984741211,77.41999816894531,77.6500015258789,3036286
2019-11-06,62.44132232666016,78.0,78.56999969482422,77.83000183105469,78.0999984741211,2684846
2019-11-07,63.27388000488281,79.04000091552734,79.08999633789062,78.2300033569336,78.51000213623047,3340465
2019-11-08,63.3779411315918,79.16999816894531,79.44000244140625,78.70999908447266,79.05999755859375,1773150
2019-11-11,64.08241271972656,80.05000305175781,80.29000091552734,79.56999969482422,79.58999633789062,2818260
2019-11-12,64.70681762695312,80.83000183105469,80.88999938964844,79.97000122070312,80.45999908447266,3219212
2019-11-13,63.43397903442383,79.23999786376953,80.98999786376953,79.19999694824219,80.83000183105469,3299689
2019-11-14,63.85824966430664,79.7699966430664,79.83999633789062,79.04000091552734,79.55000305175781,2149047
2019-11-15,64.5947494506836,80.69000244140625,80.87000274658203,80.05000305175781,80.19000244140625,2651459
2019-11-18,64.31455993652344,80.33999633789062,80.5,79.91000366210938,80.30000305175781,1405715
2019-11-19,64.57872009277344,80.66999816894531,80.66999816894531,79.8499984741211,80.0999984741211,2557115
2019-11-20,63.722171783447266,79.5999984741211,80.30000305175781,79.12999725341797,80.0999984741211,2972717
2019-11-21,63.50603103637695,79.33000183105469,79.88999938964844,78.55000305175781,78.76000213623047,3337094
2019-11-22,63.722171783447266,79.5999984741211,79.94000244140625,78.80000305175781,79.33000183105469,3097801
2019-11-25,63.954322814941406,79.88999938964844,80.29000091552734,79.5999984741211,80.0,2015514
2019-11-26,64.634765625,80.73999786376953,80.73999786376953,79.88999938964844,80.0,4528389
2019-11-27,65.39527893066406,81.69000244140625,81.75,80.63999938964844,80.83000183105469,4243299
2019-11-28,65.3232192993164,81.5999984741211,82.0,81.5,81.8499984741211,2655672
2019-11-29,64.69882202148438,80.81999969482422,81.86000061035156,80.72000122070312,81.80000305175781,4176189
2019-12-02,65.18714141845703,81.43000030517578,81.87999725341797,80.86000061035156,81.3499984741211,2135334
2019-12-03,63.51403045654297,79.33999633789062,80.4000015258789,79.19999694824219,80.23999786376953,3917400
2019-12-04,62.28923034667969,77.80999755859375,78.55999755859375,77.80999755859375,78.5,5003594
2019-12-05,62.93766784667969,78.62000274658203,78.94000244140625,78.40499877929688,78.73999786376953,3434240
2019-12-06,63.233856201171875,78.98999786376953,79.0999984741211,78.70500183105469,79.05999755859375,2327383
2019-12-09,63.44998550415039,79.26000213623047,79.55999755859375,79.06999969482422,79.41999816894531,1382702
2019-12-10,63.42597961425781,79.2300033569336,79.63999938964844,78.81999969482422,79.3499984741211,1450289
2019-12-11,64.29053497314453,80.30999755859375,80.34500122070312,79.5199966430664,79.83000183105469,2438700
2019-12-12,63.81824493408203,79.72000122070312,80.06999969482422,79.58000183105469,79.80999755859375,1936584
2019-12-13,64.09040069580078,80.05999755859375,80.69000244140625,79.86000061035156,80.19999694824219,2833940
2019-12-16,65.21116638183594,81.45999908447266,81.5,80.20999908447266,80.5,3266776
2019-12-17,65.56338500976562,81.9000015258789,81.9000015258789,81.01000213623047,81.5,2402263
2019-12-18,65.56338500976562,81.9000015258789,82.07499694824219,81.51000213623047,81.7300033569336,3524114
2019-12-19,65.42729949951172,81.7300033569336,82.37999725341797,81.4749984741211,82.3499984741211,4093135
2019-12-20,65.04305267333984,81.25,81.94000244140625,81.0,81.86000061035156,7478049
2019-12-23,64.71483612060547,80.83999633789062,81.30000305175781,80.75,81.19000244140625,1317871
2019-12-24,64.61075592041016,80.70999908447266,80.8499984741211,80.4000015258789,80.72000122070312,783104
2019-12-27,64.8989486694336,81.06999969482422,81.12000274658203,80.55000305175781,80.98999786376953,1159836
2019-12-30,64.92296600341797,81.0999984741211,81.30000305175781,80.47000122070312,81.25,905155
2019-12-31,63.96233367919922,79.9000015258789,80.55000305175781,79.80000305175781,80.52999877929688,1766363
2020-01-02,63.94631576538086,79.87999725341797,80.22000122070312,79.38999938964844,79.79000091552734,1416232
2020-01-03,64.29053497314453,80.30999755859375,81.19000244140625,80.25,80.97000122070312,1622784
2020-01-06,63.858245849609375,79.7699966430664,79.87999725341797,79.2300033569336,79.7300033569336,2129260
2020-01-07,65.0030288696289,81.19999694824219,81.19999694824219,80.18000030517578,80.81999969482422,2417468
2020-01-08,64.76286315917969,80.9000015258789,81.25,80.02999877929688,81.22000122070312,1719114
2020-01-09,65.23516082763672,81.48999786376953,81.83999633789062,81.16999816894531,81.5,3014295
2020-01-10,66.04370880126953,82.5,82.5,81.6050033569336,81.62999725341797,2875353
2020-01-13,66.02770233154297,82.4800033569336,82.58000183105469,81.7300033569336,82.0999984741211,1434635
2020-01-14,66.58006286621094,83.16999816894531,83.5199966430664,82.7699966430664,82.95999908447266,2703855
2020-01-15,66.97232055664062,83.66000366210938,83.7699966430664,83.0999984741211,83.0999984741211,2039328
2020-01-16,67.61275482177734,84.45999908447266,84.45999908447266,83.87999725341797,84.0,3058484
2020-01-17,67.28451538085938,84.05000305175781,84.95999908447266,84.01000213623047,84.73999786376953,2401336
2020-01-20,67.18846130371094,83.93000030517578,84.4000015258789,83.83000183105469,84.0,1980399
2020-01-21,66.82823944091797,83.4800033569336,83.87999725341797,83.19999694824219,83.87999725341797,1923944
2020-01-22,67.604736328125,84.44999694824219,84.55999755859375,83.48999786376953,83.5,3656698
2020-01-23,67.6607894897461,84.5199966430664,84.94999694824219,84.26000213623047,84.44000244140625,2105704
2020-01-24,67.99701690673828,84.94000244140625,85.4000015258789,84.7699966430664,84.9000015258789,2839291
2020-01-28,67.26050567626953,84.0199966430664,84.06999969482422,83.54000091552734,83.69999694824219,2273413
2020-01-29,67.73281860351562,84.61000061035156,84.86000061035156,84.16000366210938,84.44000244140625,1877335
2020-01-30,68.39727020263672,85.44000244140625,85.44000244140625,84.68000030517578,84.83999633789062,3176161
2020-01-31,68.25316619873047,85.26000213623047,85.97000122070312,84.9000015258789,85.56999969482422,6713764
2020-02-03,67.6847915649414,84.55000305175781,84.94999694824219,84.05999755859375,84.1500015258789,2139581
2020-02-04,67.49267578125,84.30999755859375,84.69000244140625,83.96499633789062,84.4000015258789,2564013
2020-02-05,66.66812133789062,83.27999877929688,85.0,83.27999877929688,85.0,3166202
2020-02-06,67.42862701416016,84.2300033569336,84.3499984741211,83.5,83.93000030517578,3581220
2020-02-07,67.88491821289062,84.80000305175781,84.80000305175781,83.94999694824219,84.62000274658203,3368097
2020-02-10,67.50066375732422,84.31999969482422,84.73999786376953,84.08000183105469,84.73999786376953,1818742
2020-02-11,67.82088470458984,84.72000122070312,85.0,84.5199966430664,84.80000305175781,1913033
2020-02-12,70.5907211303711,88.18000030517578,88.55999755859375,86.19999694824219,86.19999694824219,7132862
2020-02-13,71.03099822998047,88.7300033569336,88.7300033569336,87.87000274658203,88.48999786376953,4143011
2020-02-14,72.84020233154297,90.98999786376952,91.0500030517578,89.30000305175781,89.4000015258789,7942600
2020-02-17,71.61538696289062,89.45999908447266,90.87999725341795,89.25,90.79000091552734,2619663
2020-02-18,72.25582885742188,90.26000213623048,90.26000213623048,89.58000183105469,89.80999755859375,3817424
2020-02-19,71.90379333496094,87.83000183105469,88.1500015258789,87.5,88.01000213623047,8050978
2020-02-20,71.92015838623047,87.8499984741211,88.0999984741211,87.41000366210938,87.83000183105469,2902590
2020-02-21,72.6978988647461,88.80000305175781,88.80000305175781,87.52999877929688,87.8499984741211,2506023
2020-02-24,72.0347671508789,87.98999786376953,87.98999786376953,87.4000015258789,87.61000061035156,2432907
2020-02-25,71.0605697631836,86.80000305175781,87.27999877929688,85.8499984741211,86.30000305175781,3475833
2020-02-26,69.87350463867188,85.3499984741211,86.05000305175781,85.06999969482422,85.33000183105469,3362264
2020-02-27,69.12031555175781,84.43000030517578,85.63999938964844,83.7300033569336,85.12000274658203,4435151
2020-02-28,66.95083618164062,81.77999877929688,82.58999633789062,81.2699966430664,82.25,7654504
2020-03-02,65.87837219238281,80.47000122070312,80.7699966430664,78.75,80.05000305175781,4714534
2020-03-03,64.76498413085938,79.11000061035156,81.94999694824219,79.08999633789062,81.5,4537570
2020-03-04,63.127662658691406,77.11000061035156,78.4000015258789,76.5,78.16999816894531,4610814
2020-03-05,62.83293914794922,76.75,78.30000305175781,76.38999938964844,78.1500015258789,5804404
2020-03-06,60.524269104003906,73.93000030517578,75.5,73.93000030517578,75.33000183105469,4995332
2020-03-09,56.61103439331055,69.1500015258789,71.95999908447266,69.1500015258789,71.0,7669261
2020-03-10,60.06583404541016,73.37000274658203,73.37000274658203,65.75,67.52999877929688,8874773
2020-03-11,56.07889938354492,68.5,73.5,68.5,73.06999969482422,8171997
2020-03-12,51.6662712097168,63.11000061035156,68.73999786376953,63.11000061035156,67.9000015258789,10247518
2020-03-13,54.326942443847656,66.36000061035156,66.36000061035156,57.15999984741211,60.470001220703125,17021972
2020-03-16,48.890968322753906,59.720001220703125,65.37999725341797,59.720001220703125,61.439998626708984,10752353
2020-03-17,55.37484359741211,67.63999938964844,67.9000015258789,59.70000076293945,59.720001220703125,11345264
2020-03-18,52.35395050048828,63.95000076293945,66.9000015258789,61.959999084472656,65.95999908447266,10404325
2020-03-19,49.89794158935547,60.95000076293945,68.5,60.45000076293945,66.19000244140625,10958660
2020-03-20,49.04651641845703,59.90999984741211,64.41000366210938,59.90999984741211,64.41000366210938,10756489
2020-03-23,44.42103576660156,54.2599983215332,57.79999923706055,53.439998626708984,57.709999084472656,10019723
2020-03-24,46.6641960144043,57.0,58.08000183105469,55.0,56.0099983215332,6944322
2020-03-25,51.08501052856445,62.400001525878906,62.400001525878906,57.880001068115234,62.0,7698259
2020-03-26,50.59381103515625,61.79999923706055,63.209999084472656,60.060001373291016,62.900001525878906,5841282
2020-03-27,47.20451354980469,57.65999984741211,63.790000915527344,57.65999984741211,63.279998779296875,12591507
2020-03-30,52.35395050048828,63.95000076293945,63.95000076293945,57.849998474121094,57.849998474121094,5825869
2020-03-31,50.61018371582031,61.81999969482422,68.18000030517578,61.0,64.5999984741211,9250686
2020-04-01,52.124717712402344,63.66999816894531,64.0,61.56999969482422,64.0,6392579
2020-04-02,50.13536071777344,61.2400016784668,62.290000915527344,59.68000030517578,61.25,8116112
2020-04-03,49.21025848388672,60.11000061035156,62.5,59.66999816894531,62.099998474121094,5466414
2020-04-06,51.14231491088867,62.470001220703125,62.9900016784668,60.5,61.09000015258789,4475626
2020-04-07,50.65111541748047,61.869998931884766,64.79000091552734,61.0,63.599998474121094,6689173
2020-04-08,48.964656829833984,59.810001373291016,61.25,59.310001373291016,60.0,7488425
2020-04-09,50.561065673828125,61.7599983215332,61.7599983215332,59.84000015258789,61.56999969482422,4265838
2020-04-14,51.371543884277344,62.75,62.75,60.79999923706055,61.7599983215332,4179847
2020-04-15,50.814849853515625,62.06999969482422,63.25,61.5,62.5,4472733
2020-04-16,50.151729583740234,61.2599983215332,61.2599983215332,60.13999938964844,60.470001220703125,5129177
2020-04-17,49.98799133300781,61.060001373291016,62.290000915527344,61.04999923706055,62.150001525878906,3484591
2020-04-20,49.02196502685547,59.880001068115234,61.59000015258789,59.880001068115234,60.9900016784668,3866241
2020-04-21,47.998626708984375,58.630001068115234,60.45000076293945,58.630001068115234,60.13999938964844,4261494
2020-04-22,48.506202697753906,59.25,59.95000076293945,57.58000183105469,58.380001068115234,4437856
2020-04-23,48.1623649597168,58.83000183105469,60.2400016784668,58.369998931884766,60.0,4443380
2020-04-24,48.20329284667969,58.880001068115234,59.54999923706055,58.4900016784668,58.54999923706055,4408844
2020-04-27,48.20329284667969,58.880001068115234,58.880001068115234,57.0,58.25,4215834
2020-04-28,47.98225402832031,58.61000061035156,60.130001068115234,58.0,59.099998474121094,4608913
2020-04-29,49.99618148803711,61.06999969482422,61.06999969482422,59.349998474121094,59.349998474121094,3903547
2020-04-30,51.32242202758789,62.689998626708984,62.93000030517578,61.2599983215332,61.880001068115234,5477696
2020-05-01,48.17053985595703,58.84000015258789,61.540000915527344,58.84000015258789,61.5099983215332,5231281
2020-05-04,49.02196502685547,59.880001068115234,60.11000061035156,58.0099983215332,58.630001068115234,3294801
2020-05-05,49.816070556640625,60.849998474121094,61.189998626708984,60.150001525878906,60.599998474121094,3811757
2020-05-06,49.406734466552734,60.349998474121094,60.70000076293945,59.880001068115234,60.5,2251545
2020-05-07,48.51438522338867,59.2599983215332,60.189998626708984,59.13999938964844,59.93000030517578,3227213
2020-05-08,48.792728424072266,59.599998474121094,60.29999923706055,59.470001220703125,60.25,3732173
2020-05-11,49.23480987548828,60.13999938964844,60.77000045776367,59.79999923706055,60.0,3138014
2020-05-12,48.882789611816406,59.709999084472656,60.5,59.25,60.189998626708984,3095215
2020-05-13,49.816070556640625,60.849998474121094,60.849998474121094,58.790000915527344,59.20000076293945,4472151
2020-05-14,48.21966552734375,58.900001525878906,59.59000015258789,58.81999969482422,59.400001525878906,4440061
2020-05-15,48.792728424072266,59.599998474121094,59.7599983215332,58.90999984741211,59.5,2541031
2020-05-18,48.21966552734375,58.900001525878906,59.939998626708984,58.880001068115234,59.88999938964844,2783661
2020-05-19,48.83367156982422,59.650001525878906,60.400001525878906,59.400001525878906,60.099998474121094,3796234
2020-05-20,49.17751693725586,60.06999969482422,60.099998474121094,59.02000045776367,59.099998474121094,2628015
2020-05-21,48.34246444702149,59.04999923706055,60.400001525878906,59.04999923706055,60.34000015258789,3701924
2020-05-22,48.05593490600586,58.70000076293945,59.459999084472656,58.70000076293945,59.150001525878906,3533352
2020-05-25,48.2933464050293,58.9900016784668,59.369998931884766,58.650001525878906,59.34000015258789,3314489
2020-05-26,50.192665100097656,61.310001373291016,61.310001373291016,59.11000061035156,59.400001525878906,6741584
2020-05-27,52.64048767089844,64.30000305175781,65.87999725341797,61.7400016784668,61.810001373291016,10042101
2020-05-28,53.81118392944336,65.7300033569336,67.02999877929688,65.08999633789062,66.01000213623047,5684569
2020-05-29,52.190216064453125,63.75,65.6500015258789,63.75,65.37000274658203,8073379
2020-06-01,52.313011169433594,63.900001525878906,64.2300033569336,62.310001373291016,63.04999923706055,3070283
2020-06-02,52.41944122314453,64.02999877929688,64.44000244140625,63.56999969482422,64.0,2100991
2020-06-03,54.12228012084961,66.11000061035156,66.29000091552734,64.45999908447266,64.61000061035156,3553552
2020-06-04,55.39122009277344,67.66000366210938,68.6500015258789,66.91000366210938,67.9000015258789,6606740
2020-06-05,56.26719665527344,68.7300033569336,68.9800033569336,67.91000366210938,68.16999816894531,4428390
2020-06-09,59.10797119140625,72.19999694824219,72.41999816894531,70.66999816894531,71.0,5346437
2020-06-10,58.61677551269531,71.5999984741211,72.41999816894531,70.5999984741211,71.37999725341797,3872247
2020-06-11,56.02977752685547,68.44000244140625,70.5,68.30999755859375,69.87000274658203,5573908
2020-06-12,55.11286163330078,67.31999969482422,67.63999938964844,65.37999725341797,66.5,6002755
2020-06-15,54.277828216552734,66.30000305175781,68.0,66.30000305175781,67.22000122070312,4090602
2020-06-16,56.561912536621094,69.08999633789062,69.56999969482422,68.1500015258789,68.76000213623047,5425361
2020-06-17,56.97124481201172,69.58999633789062,69.77999877929688,68.55999755859375,69.69999694824219,3893680
2020-06-18,56.49642181396485,69.01000213623047,69.44000244140625,68.12999725341797,69.1500015258789,6359929
2020-06-19,56.22625732421875,68.68000030517578,69.87000274658203,68.36000061035156,69.6500015258789,5999403
2020-06-22,56.848445892333984,69.44000244140625,69.86000061035156,67.9000015258789,68.1500015258789,2314821
2020-06-23,56.51279067993164,69.02999877929688,69.66000366210938,68.29000091552734,69.66000366210938,2516618
2020-06-24,56.68470764160156,69.23999786376953,69.5999984741211,68.62999725341797,69.23999786376953,2798594
2020-06-25,55.38303756713867,67.6500015258789,68.61499786376953,67.56999969482422,67.95999908447266,3797086
2020-06-26,56.70926284790039,69.2699966430664,69.41000366210938,68.31999969482422,68.66999816894531,5935454
2020-06-29,56.14439010620117,68.58000183105469,68.58000183105469,67.37000274658203,67.80000305175781,2706964
2020-07-01,57.20866394042969,69.87999725341797,69.87999725341797,68.87000274658203,69.44999694824219,2669469
2020-07-02,58.20743179321289,71.0999984741211,71.16000366210938,69.5199966430664,69.80000305175781,4184511
2020-07-03,58.59221649169922,71.56999969482422,71.93000030517578,70.7699966430664,71.43000030517578,2633309
2020-07-06,58.46941375732422,71.41999816894531,72.30000305175781,70.97000122070312,71.4000015258789,2432574
2020-07-07,58.32205581665039,71.23999786376953,72.38999938964844,71.16000366210938,71.9000015258789,3742188
2020-07-08,57.76535415649414,70.55999755859375,71.47000122070312,70.25,70.97000122070312,3698529
2020-07-09,57.65074157714844,70.41999816894531,71.12999725341797,70.41999816894531,71.0199966430664,2582172
2020-07-10,57.82265853881836,70.62999725341797,71.1500015258789,70.20999908447266,70.61000061035156,2954790
2020-07-13,59.042484283447266,72.12000274658203,72.62999725341797,71.5,71.80000305175781,3169882
2020-07-14,58.72321701049805,71.7300033569336,72.25,71.44000244140625,72.0,2788782
2020-07-15,59.541873931884766,72.7300033569336,72.80000305175781,71.4000015258789,72.0,3427002
2020-07-16,59.46819305419922,72.63999938964844,73.44999694824219,72.08999633789062,73.06999969482422,3339604
2020-07-17,59.43543243408203,72.5999984741211,73.0199966430664,72.20999908447266,72.77999877929688,3329439
2020-07-20,58.93605422973633,71.98999786376953,72.3499984741211,71.55000305175781,72.20999908447266,1506664
2020-07-21,60.93360900878906,74.43000030517578,74.43000030517578,72.33999633789062,72.77999877929688,3172653
2020-07-22,60.68800354003906,74.12999725341797,74.72000122070312,73.56999969482422,74.30000305175781,2723772
2020-07-23,60.36872482299805,73.73999786376953,73.95999908447266,73.18000030517578,73.76000213623047,2494631
2020-07-24,59.64830780029297,72.86000061035156,73.63999938964844,72.75,73.19999694824219,2473039
2020-07-27,59.34539031982422,72.48999786376953,73.27999877929688,72.2699966430664,72.8499984741211,1905993
2020-07-28,59.11616897583008,72.20999908447266,73.05000305175781,72.12999725341797,72.81999969482422,1907858
2020-07-29,59.77109909057617,73.01000213623047,73.91000366210938,72.54000091552734,72.80000305175781,4074211
2020-07-30,59.94301986694336,73.22000122070312,73.87000274658203,73.02999877929688,73.30000305175781,2916496
2020-07-31,58.28929901123047,71.19999694824219,72.66999816894531,71.02999877929688,72.5999984741211,4787087
2020-08-03,57.24959945678711,69.93000030517578,70.51000213623047,69.12999725341797,70.41000366210938,3299430
2020-08-04,58.534908294677734,71.5,72.25,71.16999816894531,71.30000305175781,4177168
2020-08-05,58.69862747192383,71.69999694824219,71.7699966430664,69.66999816894531,70.30999755859375,2914726
2020-08-06,58.70682907104492,71.70999908447266,72.23999786376953,71.1500015258789,72.0,2237150
2020-08-07,58.551273345947266,71.5199966430664,71.6500015258789,71.0199966430664,71.20999908447266,2499015
2020-08-10,60.56521224975586,73.9800033569336,74.12000274658203,72.05999755859375,72.0999984741211,3363578
2020-08-11,61.15464782714844,74.69999694824219,76.02999877929688,73.91000366210938,74.0,4249396
2020-08-12,60.85993194580078,74.33999633789062,76.75,73.94999694824219,75.97000122070312,4403812
2020-08-13,59.296268463134766,72.43000030517578,75.16999816894531,72.12999725341797,74.98999786376953,5960634
2020-08-14,58.74775314331055,71.76000213623047,72.87000274658203,71.2699966430664,72.43000030517578,4061418
2020-08-17,57.9290885925293,70.76000213623047,71.44999694824219,70.6500015258789,71.0999984741211,3329741
2020-08-18,57.69986724853515,70.4800033569336,71.23999786376953,70.02999877929688,70.80000305175781,4601033
2020-08-19,58.978389739990234,71.04000091552734,71.05999755859375,69.51000213623047,69.51000213623047,3711730
2020-08-20,58.33082580566406,70.26000213623047,70.66999816894531,69.8499984741211,69.8499984741211,4527699
2020-08-21,57.80778884887695,69.62999725341797,71.1500015258789,69.62999725341797,70.5,4129176
2020-08-24,57.24324798583984,68.94999694824219,69.62999725341797,68.8499984741211,69.58000183105469,2682292
2020-08-25,58.48856735229492,70.44999694824219,70.77999877929688,69.5999984741211,70.0,3548162
2020-08-26,57.82439422607422,69.6500015258789,69.87000274658203,68.80000305175781,69.81999969482422,2667332
2020-08-27,57.34286880493164,69.06999969482422,69.83000183105469,68.9000015258789,69.6500015258789,3089720
2020-08-28,57.35947036743164,69.08999633789062,69.68000030517578,68.81999969482422,69.31999969482422,3290137
2020-08-31,56.68700408935547,68.27999877929688,69.16000366210938,68.27999877929688,68.8499984741211,2630027
2020-09-01,55.44998550415039,66.79000091552734,67.72000122070312,66.41999816894531,67.51000213623047,4125905
2020-09-02,56.13076400756836,67.61000061035156,67.91999816894531,66.9000015258789,66.95999908447266,2427562
2020-09-03,56.603981018066406,68.18000030517578,68.5999984741211,68.0199966430664,68.25,2379411
2020-09-04,55.40016555786133,66.7300033569336,67.44000244140625,66.66999816894531,67.12999725341797,2884072
2020-09-07,55.93150329589844,67.37000274658203,67.9000015258789,66.06999969482422,66.37000274658203,2350246
2020-09-08,56.8613395690918,68.48999786376953,68.48999786376953,67.56999969482422,67.87000274658203,2062956
2020-09-09,55.44998550415039,66.79000091552734,66.9800033569336,66.33000183105469,66.5999984741211,3026643
2020-09-10,55.391868591308594,66.72000122070312,67.87999725341797,66.29000091552734,67.87999725341797,2969184
2020-09-11,54.62807083129883,65.80000305175781,66.26000213623047,65.80000305175781,66.0,2996930
2020-09-14,54.93525314331055,66.16999816894531,66.58999633789062,65.80000305175781,66.19000244140625,1944822
2020-09-15,53.988807678222656,65.02999877929688,66.16000366210938,65.0,66.0,3757071
2020-09-16,54.545047760009766,65.69999694824219,65.83000183105469,65.01000213623047,65.5999984741211,3905800
2020-09-17,53.96390151977539,65.0,65.7699966430664,65.0,65.37000274658203,3934061
2020-09-18,53.44086837768555,64.37000274658203,65.25,64.37000274658203,65.11000061035156,6395277
2020-09-21,52.71857452392578,63.5,64.3499984741211,63.310001373291016,64.30000305175781,4649205
2020-09-22,52.361595153808594,63.06999969482422,63.279998779296875,62.63999938964844,63.0,3671667
2020-09-23,53.35784149169922,64.2699966430664,64.47000122070312,63.349998474121094,63.4900016784668,3572552
2020-09-24,53.29972457885742,64.19999694824219,64.43000030517578,63.0,63.47999954223633,2762068
2020-09-25,54.90203857421875,66.12999725341797,66.77999877929688,65.25,65.48999786376953,4021873
2020-09-28,54.370704650878906,65.48999786376953,66.63999938964844,65.04000091552734,66.5,2440377
2020-09-29,53.98050308227539,65.0199966430664,66.04000091552734,64.9000015258789,65.88999938964844,1979376
2020-09-30,52.80990219116211,63.61000061035156,64.52999877929688,63.59000015258789,64.05999755859375,4612677
2020-10-01,53.166893005371094,64.04000091552734,64.54000091552734,63.779998779296875,63.90999984741211,2109305
2020-10-02,52.901222229003906,63.720001220703125,64.25,63.560001373291016,63.91999816894531,2525561
2020-10-05,54.78581237792969,65.98999786376953,65.98999786376953,64.56999969482422,64.70999908447266,1961004
2020-10-06,54.91864776611328,66.1500015258789,66.43000030517578,65.37000274658203,66.29000091552734,2227080
2020-10-07,56.09754943847656,67.56999969482422,67.61000061035156,66.16000366210938,66.16999816894531,3011826
2020-10-08,56.54586410522461,68.11000061035156,68.37999725341797,67.61000061035156,68.25,3174818
2020-10-09,56.21377944946289,67.70999908447266,68.55000305175781,67.70999908447266,68.5,2430743
2020-10-12,56.96097183227539,68.61000061035156,68.62000274658203,67.47000122070312,67.69000244140625,2140654
2020-10-13,57.60023880004883,69.37999725341797,70.66000366210938,69.13999938964844,69.56999969482422,3234295
2020-10-14,57.01078414916992,68.66999816894531,69.33000183105469,68.56999969482422,68.91000366210938,2158016
2020-10-15,57.51722717285156,69.27999877929688,69.72000122070312,68.33000183105469,68.62000274658203,2461648
2020-10-16,57.484012603759766,69.23999786376953,69.6500015258789,68.93000030517578,69.0,2994507
2020-10-19,58.123287200927734,70.01000213623047,70.25,69.5199966430664,69.8499984741211,1711635
2020-10-20,57.40098571777344,69.13999938964844,70.44999694824219,69.0199966430664,70.01000213623047,3276870
2020-10-21,57.84099960327149,69.66999816894531,69.81999969482422,69.08000183105469,69.20999908447266,3012271
2020-10-22,57.55872344970703,69.33000183105469,69.45999908447266,68.66000366210938,69.01000213623047,2607989
2020-10-23,58.031951904296875,69.9000015258789,69.91000366210938,68.95999908447266,69.62000274658203,2327154
2020-10-26,57.87420654296875,69.70999908447266,70.0999984741211,69.5,69.94999694824219,1509835
2020-10-27,57.07720184326172,68.75,69.37999725341797,68.30999755859375,69.0999984741211,2139783
2020-10-28,56.82814025878906,68.44999694824219,68.79000091552734,67.66000366210938,68.0199966430664,2260344
2020-10-29,56.570777893066406,68.13999938964844,68.66999816894531,67.75,68.1500015258789,2736317
2020-10-30,57.30136489868164,69.0199966430664,69.62999725341797,68.04000091552734,68.1500015258789,3779713
2020-11-02,57.17683029174805,68.87000274658203,69.69999694824219,66.04000091552734,69.68000030517578,3410760
2020-11-03,57.96552658081055,69.81999969482422,70.44999694824219,68.9800033569336,69.06999969482422,4195170
2020-11-04,56.79493713378906,68.41000366210938,69.72000122070312,67.87000274658203,69.5,2725022
2020-11-05,57.84099960327149,69.66999816894531,69.66999816894531,68.30999755859375,68.38999938964844,3856662
2020-11-06,57.94062805175781,69.79000091552734,70.25,69.26000213623047,70.0,2084788
2020-11-09,58.37233352661133,70.30999755859375,70.58000183105469,69.80000305175781,69.87000274658203,2365509
2020-11-10,60.10749053955078,72.4000015258789,73.13999938964844,71.31999969482422,72.0,6300671
2020-11-11,61.767913818359375,74.4000015258789,74.44000244140625,72.66000366210938,72.94999694824219,5151533
2020-11-12,60.663726806640625,73.06999969482422,74.5999984741211,72.87000274658203,74.4000015258789,3365097
2020-11-13,60.72184371948242,73.13999938964844,73.41999816894531,72.52999877929688,72.80000305175781,2805108
2020-11-16,61.842628479003906,74.48999786376953,74.55999755859375,73.79000091552734,74.0,350619
2020-11-17,62.58982467651367,75.38999938964844,75.45999908447266,74.5999984741211,74.6500015258789,4312323
2020-11-18,64.3830795288086,77.55000305175781,77.55000305175781,75.44000244140625,75.45999908447266,3979413
2020-11-19,65.47896575927734,78.87000274658203,78.87000274658203,77.18000030517578,78.0,4383570
2020-11-20,66.4171142578125,80.0,80.0,78.0999984741211,78.77999877929688,6969228
2020-11-23,66.08501434326172,79.5999984741211,80.05000305175781,79.2699966430664,79.79000091552734,1945889
2020-11-24,67.38015747070312,81.16000366210938,81.52999877929688,79.94999694824219,80.01000213623047,2684006
2020-11-25,68.38472747802734,82.37000274658203,83.3499984741211,82.03500366210938,82.4000015258789,3687505
2020-11-26,67.32203674316406,81.08999633789062,81.98999786376953,81.08999633789062,81.9000015258789,2020361
2020-11-27,67.00654602050781,80.70999908447266,81.69000244140625,80.5199966430664,81.0,2403041
2020-11-30,65.64501190185547,79.06999969482422,81.25,79.06999969482422,80.6500015258789,4762676
2020-12-01,66.6246566772461,80.25,80.62999725341797,78.79000091552734,79.01000213623047,2463844
2020-12-02,66.50012969970703,80.0999984741211,80.38999938964844,79.3499984741211,80.33000183105469,3014706
2020-12-03,66.05180358886719,79.55999755859375,80.0999984741211,79.4800033569336,80.0,1879664
2020-12-04,66.5665512084961,80.18000030517578,80.62000274658203,79.66999816894531,79.80000305175781,2250549
2020-12-07,67.03146362304688,80.73999786376953,80.79499816894531,80.05000305175781,80.5,2093503
2020-12-08,67.9197998046875,81.80999755859375,81.80999755859375,80.0,80.37999725341797,3903389
2020-12-09,69.05718994140625,83.18000030517578,83.5999984741211,81.83999633789062,82.0,4244217
2020-12-10,68.98246765136719,83.08999633789062,84.2699966430664,82.88999938964844,83.55000305175781,5242972
2020-12-11,68.40132141113281,82.38999938964844,83.05000305175781,82.16999816894531,82.9000015258789,2534051
2020-12-14,69.67154693603516,83.91999816894531,84.54000091552734,82.5,82.5,2641931
2020-12-15,68.96586608886719,83.06999969482422,84.45999908447266,82.80999755859375,84.30000305175781,2858544
2020-12-16,69.6134262084961,83.8499984741211,84.68000030517578,83.12999725341797,83.12999725341797,2037896
2020-12-17,70.33570861816406,84.72000122070312,84.83999633789062,84.0999984741211,84.58999633789062,4344206
2020-12-18,69.04059600830078,83.16000366210938,84.44999694824219,83.16000366210938,84.4000015258789,8380263
2020-12-21,68.90775299072266,83.0,83.51000213623047,82.33999633789062,83.12000274658203,1607940
2020-12-22,68.42622375488281,82.41999816894531,83.63999938964844,82.18000030517578,82.75,1995338
2020-12-23,69.05718994140625,83.18000030517578,83.36000061035156,82.5999984741211,82.79000091552734,1402217
2020-12-24,69.03228759765625,83.1500015258789,84.5,83.1500015258789,83.97000122070312,883611
2020-12-29,69.74626922607422,84.01000213623047,84.41999816894531,83.80000305175781,83.80000305175781,1165218
2020-12-30,69.3975601196289,83.58999633789062,83.80000305175781,83.08999633789062,83.55000305175781,1340818
2020-12-31,68.16886138916016,82.11000061035156,83.83000183105469,82.11000061035156,83.4000015258789,1120867
2021-01-04,69.53040313720703,83.75,83.91999816894531,82.16999816894531,82.2300033569336,1414844
2021-01-05,69.09869384765625,83.2300033569336,83.26000213623047,82.48500061035156,83.0,1809541
2021-01-06,68.8247299194336,82.9000015258789,83.3499984741211,82.27999877929688,82.69000244140625,2252786
2021-01-07,70.21947479248047,84.58000183105469,85.18000030517578,83.69999694824219,84.37999725341797,3011086
2021-01-08,71.0912094116211,85.62999725341797,85.62999725341797,84.79499816894531,84.98999786376953,2446079
2021-01-11,70.70101928710938,85.16000366210938,85.62999725341797,84.94000244140625,85.4000015258789,1840016
2021-01-12,71.29875183105469,85.87999725341797,86.26000213623047,85.27999877929688,85.48999786376953,1940939
2021-01-13,71.37347412109375,85.97000122070312,86.0999984741211,85.11000061035156,85.4000015258789,1887641
2021-01-14,71.67236328125,86.33000183105469,86.4000015258789,85.4000015258789,85.5,2524347
2021-01-15,70.88365173339844,85.37999725341797,86.47000122070312,85.25,86.0999984741211,2866714
2021-01-18,70.29420471191406,84.66999816894531,85.34500122070312,84.16000366210938,85.0999984741211,1469159
2021-01-19,70.65950775146484,85.11000061035156,85.61000061035156,84.91000366210938,85.0,2049672
2021-01-20,70.0451431274414,84.37000274658203,85.19000244140625,84.25,85.11000061035156,1663224
2021-01-21,70.8338394165039,85.31999969482422,85.4800033569336,84.51000213623047,85.02999877929688,2358103
2021-01-22,70.64290618896484,85.08999633789062,85.31999969482422,84.80999755859375,85.0,4575426
2021-01-25,70.79234313964844,85.2699966430664,85.73999786376953,84.80000305175781,85.11000061035156,1361881
2021-01-27,71.89651489257812,86.5999984741211,86.91999816894531,85.86000061035156,86.05999755859375,2843239
2021-01-28,70.68441009521484,85.13999938964844,85.45999908447266,83.9000015258789,85.30999755859375,3455937
2021-01-29,69.33116912841797,83.51000213623047,86.08999633789062,83.37999725341797,85.98999786376953,4486404
2021-02-01,70.3025131225586,84.68000030517578,84.68000030517578,82.0199966430664,83.0,2604306
2021-02-02,71.88821411132812,86.58999633789062,86.97000122070312,85.3499984741211,85.62000274658203,2678902
2021-02-03,72.71842956542969,87.58999633789062,88.4800033569336,87.12000274658203,87.20999908447266,2455634
2021-02-04,72.2784194946289,87.05999755859375,88.12999725341797,86.76000213623047,87.87000274658203,2315913
2021-02-05,73.59016418457031,88.63999938964844,88.88999938964844,87.8499984741211,88.19999694824219,2242933
2021-02-08,73.57355499267578,88.62000274658203,89.19999694824219,88.5999984741211,88.80000305175781,1820303
2021-02-09,72.57728576660156,87.41999816894531,88.70999908447266,87.04000091552734,88.37999725341797,1882826
2021-02-10,71.4980239868164,86.12000274658203,88.47000122070312,85.7699966430664,88.0,3228687
2021-02-11,72.27012634277344,87.05000305175781,87.19000244140625,85.25,85.94000244140625,2322335
2021-02-12,72.12068176269531,86.87000274658203,87.7300033569336,86.3499984741211,87.0,2235993
2021-02-15,71.88821411132812,86.58999633789062,87.19999694824219,86.3499984741211,87.0999984741211,2396310
2021-02-16,72.58100891113281,85.91000366210938,85.91000366210938,84.88999938964844,85.16000366210938,4133771
2021-02-17,71.20388793945312,84.27999877929688,85.73500061035156,84.04000091552734,85.4000015258789,2340499
2021-02-18,70.64630126953125,83.62000274658203,84.2699966430664,82.80000305175781,84.08000183105469,3373355
2021-02-19,69.70851135253906,82.51000213623047,83.56999969482422,81.6500015258789,83.0999984741211,4206236
2021-02-22,69.19314575195312,81.9000015258789,82.55000305175781,81.72000122070312,82.51000213623047,2071470
2021-02-23,70.36750030517578,83.29000091552734,83.4000015258789,81.5999984741211,81.94000244140625,2047232
2021-02-24,69.93661499023438,82.77999877929688,83.55000305175781,82.30999755859375,83.2699966430664,1709865
2021-02-25,70.71387481689453,83.69999694824219,84.16000366210938,83.31999969482422,83.5199966430664,2379912
2021-02-26,68.9059066772461,81.55999755859375,83.66000366210938,81.55999755859375,82.63999938964844,3900672
2021-03-01,71.06025695800781,84.11000061035156,84.13999938964844,81.79000091552734,81.9000015258789,2483224
2021-03-02,71.38130950927734,84.48999786376953,85.2699966430664,84.37000274658203,84.61000061035156,2100089
2021-03-03,72.15013122558594,85.4000015258789,85.4000015258789,84.25,84.25,2216522
2021-03-04,72.97807312011719,86.37999725341797,86.37999725341797,84.80999755859375,85.70999908447266,3528772
2021-03-05,73.03721618652344,86.44999694824219,86.80000305175781,85.52999877929688,86.4000015258789,3125494
2021-03-08,73.77223205566406,87.31999969482422,88.66000366210938,87.23999786376953,87.83000183105469,2592114
2021-03-09,74.25379943847656,87.88999938964844,88.98999786376953,87.66999816894531,88.44999694824219,2381197
2021-03-10,73.26531219482422,86.72000122070312,88.0,86.72000122070312,87.98999786376953,2059023
2021-03-11,73.03721618652344,86.44999694824219,87.87999725341797,85.7699966430664,87.81999969482422,2295069
2021-03-12,73.07099914550781,86.48999786376953,86.9800033569336,86.16999816894531,86.56999969482422,1436474
2021-03-15,72.99495697021484,86.4000015258789,86.98999786376953,85.76000213623047,86.51000213623047,1984298
2021-03-16,73.65396118164062,87.18000030517578,87.72000122070312,86.51000213623047,86.58999633789062,2770885
2021-03-17,73.59481811523438,87.11000061035156,87.87999725341797,86.4000015258789,86.93000030517578,2412813
2021-03-18,72.44581604003906,85.75,86.99500274658203,85.51000213623047,86.91999816894531,4351783
2021-03-19,71.5671615600586,84.70999908447266,85.79000091552734,84.4000015258789,85.5,9528922
2021-03-22,71.87977600097656,85.08000183105469,85.36000061035156,83.94499969482422,84.69999694824219,1718564
2021-03-23,71.61786651611328,84.7699966430664,85.36499786376953,84.19999694824219,84.22000122070312,1668194
2021-03-24,72.96961975097656,86.37000274658203,86.47000122070312,84.70999908447266,85.05000305175781,2100578
2021-03-25,73.11325073242188,86.54000091552734,86.9800033569336,85.79000091552734,86.19000244140625,2145117
2021-03-26,72.65703582763672,86.0,87.05999755859375,85.93000030517578,86.81999969482422,2506871
2021-03-29,72.29374694824219,85.56999969482422,86.5999984741211,85.47000122070312,86.16999816894531,1559267
2021-03-30,72.15013122558594,85.4000015258789,86.41999816894531,85.12999725341797,85.66000366210938,1725824
2021-03-31,72.74151611328125,86.0999984741211,87.13999938964844,85.80000305175781,86.01000213623047,3266727
2021-04-01,72.8344497680664,86.20999908447266,86.37000274658203,85.52999877929688,85.94999694824219,1828365
2021-04-06,72.68238067626953,86.02999877929688,86.94999694824219,86.02999877929688,86.94999694824219,2032271
2021-04-07,73.10480499267578,86.52999877929688,86.7300033569336,85.7300033569336,86.05999755859375,1941057
2021-04-08,73.60326385498047,87.12000274658203,87.86499786376953,86.73999786376953,86.9000015258789,2641603
2021-04-09,73.61170196533203,87.12999725341797,87.48999786376953,86.44000244140625,87.19999694824219,1644070
2021-04-12,73.26531219482422,86.72000122070312,87.44999694824219,86.44999694824219,87.11000061035156,1568333
2021-04-13,73.66240692138672,87.19000244140625,87.47000122070312,86.62999725341797,86.6500015258789,1578334
2021-04-14,74.17777252197266,87.80000305175781,87.9000015258789,87.02999877929688,87.25,2014595
2021-04-15,74.27069091796875,87.91000366210938,88.0,87.1500015258789,88.0,1921598
2021-04-16,74.33828735351562,87.98999786376953,88.01000213623047,87.44999694824219,87.68000030517578,2825845
2021-04-19,75.05641174316406,88.83999633789062,89.08000183105469,88.12000274658203,88.48999786376953,2140964
2021-04-20,74.1270523071289,87.73999786376953,88.83000183105469,87.56999969482422,88.69000244140625,1835450
2021-04-21,74.49034881591797,88.16999816894531,88.30999755859375,86.9000015258789,87.05000305175781,2770888
2021-04-22,75.30986022949219,89.13999938964844,89.13999938964844,88.30999755859375,88.56999969482422,2948752
2021-04-23,75.52106475830078,89.38999938964844,89.38999938964844,88.75,88.94000244140625,1616978
2021-04-26,75.23383331298828,89.05000305175781,89.98999786376953,88.97000122070312,89.75,1226856
2021-04-27,75.47038269042969,89.33000183105469,89.45999908447266,88.4000015258789,89.0,1836324
2021-04-28,76.2138442993164,90.20999908447266,90.58999633789062,89.5,89.51000213623047,2462101
2021-04-29,76.03641510009766,90.0,90.80999755859376,89.88999938964844,90.5999984741211,1635378
2021-04-30,75.22537231445312,89.04000091552734,89.77999877929688,88.81999969482422,89.77999877929688,2702298
2021-05-03,75.782958984375,89.69999694824219,89.98999786376953,89.20999908447266,89.47000122070312,1772294
2021-05-04,76.4166030883789,90.4499969482422,90.6500015258789,89.55999755859375,89.94000244140625,1980156
2021-05-05,78.33440399169922,92.72000122070312,92.72000122070312,91.55999755859376,92.51000213623048,3096594
2021-05-06,78.52029418945312,92.94000244140624,93.0999984741211,91.97000122070312,93.0,3482352
2021-05-07,79.34822845458984,93.91999816894533,94.0999984741211,92.5999984741211,93.0,3055557
2021-05-10,80.38740539550781,95.1500015258789,95.18000030517578,93.8000030517578,93.9000015258789,1951229
2021-05-11,79.90583801269531,94.58000183105467,95.5,94.25,95.0,2280046
2021-05-12,80.74224090576172,95.56999969482422,95.56999969482422,93.8499984741211,94.0,3398755
2021-05-13,81.08863067626953,95.9800033569336,96.5,94.81999969482422,95.43000030517578,2460516
2021-05-14,81.59553527832031,96.58000183105467,97.37999725341795,96.41000366210938,97.25,2110994
2021-05-17,82.61780548095703,97.79000091552734,98.4000015258789,96.91000366210938,96.98999786376952,1931159
2021-05-18,82.59246063232422,97.76000213623048,98.84500122070312,97.76000213623048,98.3499984741211,1910587
2021-05-19,80.53102111816406,95.31999969482422,97.0,95.0999984741211,96.69000244140624,2971615
2021-05-20,83.13316345214844,98.4000015258789,98.4800033569336,95.86000061035156,96.08999633789062,3276187
2021-05-21,82.83746337890625,98.0500030517578,98.56999969482422,97.56999969482422,97.98999786376952,4462981
2021-05-24,83.43731689453125,98.76000213623048,99.16000366210938,97.6500015258789,98.0,1693358
2021-05-25,84.17232513427734,99.62999725341795,99.6500015258789,98.5999984741211,98.87000274658205,1526334
2021-05-26,84.13008117675781,99.58000183105467,100.1999969482422,99.25,99.25,1976479
2021-05-27,83.6147232055664,98.97000122070312,100.08000183105467,98.73999786376952,99.6500015258789,3488494
2021-05-28,84.9580307006836,100.55999755859376,100.55999755859376,98.81999969482422,99.08999633789062,2803414
2021-05-31,84.24835968017578,99.72000122070312,101.5,99.6500015258789,100.72000122070312,2196204
2021-06-01,84.0286865234375,99.45999908447266,99.81999969482422,98.83999633789062,99.37000274658205,1231266
2021-06-02,84.76371002197266,100.33000183105467,100.41999816894533,99.30999755859376,100.0,1992987
2021-06-03,85.5071792602539,101.20999908447266,101.8499984741211,100.38999938964844,100.5,1880601
2021-06-04,86.61393737792969,102.5199966430664,102.63999938964844,101.5,101.73999786376952,2392986
2021-06-07,86.11548614501953,101.93000030517578,102.3000030517578,101.47000122070312,102.25,1248446
2021-06-08,85.73530578613281,101.4800033569336,102.41999816894533,100.70999908447266,101.8499984741211,2202865
2021-06-09,85.39735412597656,101.08000183105467,101.91000366210938,100.94000244140624,101.37999725341795,1826370
2021-06-10,86.04788208007812,101.8499984741211,102.12000274658205,100.7699966430664,101.0,1791330
2021-06-11,85.63391876220703,101.36000061035156,101.69499969482422,100.81999969482422,101.0,1740852
2021-06-15,87.39965057373047,103.4499969482422,103.72000122070312,101.45999908447266,101.5,2296140
2021-06-16,88.5571060180664,104.81999969482422,104.94000244140624,103.41000366210938,104.01000213623048,2775509
2021-06-17,89.47797393798828,105.91000366210938,106.56999969482422,105.11000061035156,105.5,3930519
2021-06-18,87.60242462158203,103.69000244140624,105.4000015258789,103.69000244140624,105.3499984741211,8444253
2021-06-21,82.84591674804688,98.05999755859376,101.81999969482422,98.05999755859376,101.72000122070312,4770270
2021-06-22,84.67924499511719,100.2300033569336,101.1999969482422,99.83999633789062,100.37000274658205,2855988
2021-06-23,83.80904388427734,99.1999969482422,100.16999816894533,98.91999816894533,99.87000274658205,2295011
2021-06-24,83.34437561035156,98.6500015258789,99.18000030517578,98.1999969482422,99.0,2322776
2021-06-25,83.85972595214844,99.26000213623048,99.98999786376952,98.76000213623048,99.97000122070312,2374636
2021-06-28,84.3750991821289,99.87000274658205,99.87000274658205,98.3000030517578,99.4499969482422,1711467
2021-06-29,84.89044952392578,100.4800033569336,100.5,98.76000213623048,99.11000061035156,1940208
2021-06-30,84.3750991821289,99.87000274658205,101.0,99.87000274658205,100.87999725341795,2267452
2021-07-01,83.3866195678711,98.6999969482422,100.0,98.5199966430664,99.8499984741211,2109527
2021-07-02,84.05404663085938,99.48999786376952,99.5,98.73999786376952,99.1500015258789,1880758
2021-07-05,83.79214477539062,99.18000030517578,99.45999908447266,98.72000122070312,99.02999877929688,1210399
2021-07-06,83.31903839111328,98.62000274658205,99.95999908447266,98.62000274658205,99.5,2030654
2021-07-07,84.23992156982422,99.70999908447266,99.70999908447266,98.3499984741211,98.5,1879216
2021-07-08,84.05404663085938,99.48999786376952,100.18000030517578,99.13999938964844,99.36000061035156,1807323
2021-07-09,83.2936782836914,98.58999633789062,98.88999938964844,97.70999908447266,98.6500015258789,2720818
2021-07-12,83.78368377685547,99.16999816894533,99.48999786376952,98.72000122070312,99.3499984741211,1510229
2021-07-13,83.12471771240234,98.38999938964844,100.12000274658205,98.33999633789062,100.0,2270019
2021-07-14,83.45420837402344,98.77999877929688,99.0500030517578,97.9499969482422,98.4000015258789,2042014
2021-07-15,83.05712127685547,98.30999755859376,99.12999725341795,98.11000061035156,98.98999786376952,2046644
2021-07-16,82.95574188232422,98.19000244140624,98.31999969482422,97.61000061035156,98.30999755859376,3147728
2021-07-19,82.52487182617188,97.68000030517578,97.93000030517578,96.23999786376952,97.25,1615348
2021-07-20,82.46573638916016,97.61000061035156,97.9000015258789,96.02999877929688,96.4000015258789,2194476
2021-07-21,83.15005493164062,98.41999816894533,98.86000061035156,97.8000030517578,98.25,1894365
2021-07-22,84.3835220336914,99.87999725341795,99.87999725341795,98.93000030517578,98.9800033569336,2039580
2021-07-23,83.741455078125,99.12000274658205,99.4000015258789,98.7699966430664,99.0,1557685
2021-07-26,83.75835418701172,99.13999938964844,99.79000091552734,98.8000030517578,99.22000122070312,1408492
2021-07-27,85.08475494384766,100.70999908447266,100.77999877929688,99.26499938964844,99.38999938964844,2547943
2021-07-28,83.89352416992188,99.3000030517578,100.3499984741211,99.11000061035156,100.02999877929688,2323659
2021-07-29,84.02024841308594,99.4499969482422,99.5500030517578,98.91000366210938,99.30999755859376,1744882
2021-07-30,84.18922424316406,99.6500015258789,100.16500091552734,99.4499969482422,99.66000366210938,2502824
2021-08-02,85.88737487792969,101.66000366210938,102.3499984741211,99.66000366210938,99.88999938964844,2317578
2021-08-03,85.70995330810547,101.4499969482422,101.75,101.0199966430664,101.0199966430664,1639681
2021-08-04,86.36894989013672,102.2300033569336,102.5,101.5,101.5,1876527
2021-08-05,87.3658676147461,103.41000366210938,103.6999969482422,102.30999755859376,102.5,1995170
2021-08-06,87.6530990600586,103.75,104.22000122070312,103.27999877929688,103.5,1917193
2021-08-09,88.65847778320312,104.94000244140624,105.58000183105467,104.25,104.76000213623048,1889463
2021-08-10,90.02713012695312,106.55999755859376,106.55999755859376,105.19000244140624,105.66000366210938,2356568
2021-08-11,91.38733673095705,108.16999816894533,109.02999877929688,107.12999725341795,108.75,3614887
2021-08-12,89.45262145996094,105.87999725341795,108.91999816894533,105.33999633789062,108.86000061035156,3841214
2021-08-13,87.88966369628906,104.02999877929688,106.26000213623048,103.62999725341795,106.0,3735467
2021-08-16,86.6308364868164,102.54000091552734,103.62999725341795,102.41999816894533,103.5500030517578,3855925
2021-08-17,85.30388641357422,99.0,100.9000015258789,99.0,100.68000030517578,3990475
2021-08-18,85.96737670898438,99.7699966430664,100.56999969482422,99.27999877929688,99.48999786376952,3036114
2021-08-19,85.49345397949219,99.22000122070312,100.06999969482422,99.0999984741211,99.12000274658205,2242541
2021-08-20,85.53652954101562,99.2699966430664,100.6999969482422,99.25,100.0,2620966
2021-08-23,86.31202697753906,100.16999816894533,100.16999816894533,99.62000274658205,99.88999938964844,1326874
2021-08-24,86.0879898071289,99.91000366210938,100.5999984741211,99.75,100.51000213623048,1335240
2021-08-25,86.44126892089844,100.31999969482422,100.83000183105467,99.7699966430664,99.98999786376952,1403418
2021-08-26,87.0185775756836,100.98999786376952,101.23999786376952,99.83999633789062,100.63999938964844,1664793
2021-08-27,87.49248504638672,101.54000091552734,101.58000183105467,100.4499969482422,100.8499984741211,1907148
2021-08-30,86.52743530273438,100.41999816894533,102.0999984741211,100.0,102.0,1928907
2021-08-31,86.26893615722656,100.12000274658205,100.62999725341795,99.61000061035156,100.0,2947816
2021-09-01,87.0271987915039,101.0,101.0,99.1500015258789,99.62000274658205,1788312
2021-09-02,87.34602355957031,101.37000274658205,102.0,100.41000366210938,101.5,1887736
2021-09-03,87.75099182128906,101.83999633789062,102.0,101.0199966430664,101.36000061035156,1604540
2021-09-06,88.02672576904297,102.16000366210938,102.16000366210938,100.62999725341795,101.30999755859376,1458446
2021-09-07,88.00949096679688,102.13999938964844,102.48999786376952,101.58000183105467,102.0,1332462
2021-09-08,88.68158721923828,102.91999816894533,103.3000030517578,101.5199966430664,101.58000183105467,2118352
2021-09-09,86.63945007324219,100.5500030517578,102.3000030517578,100.08999633789062,102.0500030517578,2468569
2021-09-10,87.10475158691406,101.08999633789062,101.98999786376952,100.68000030517578,101.91999816894533,1995586
2021-09-13,87.28569793701172,101.3000030517578,101.37000274658205,100.38999938964844,100.77999877929688,1119691
2021-09-14,87.52696228027344,101.58000183105467,101.95999908447266,100.11000061035156,100.9000015258789,2114634
2021-09-15,87.38047790527344,101.41000366210938,101.79000091552734,100.37999725341795,101.12999725341795,1668541
2021-09-16,88.62126159667969,102.8499984741211,102.8499984741211,101.6050033569336,101.98999786376952,3551486
2021-09-17,88.6471176147461,102.87999725341795,103.20999908447266,102.0500030517578,102.0999984741211,5172919
2021-09-20,86.86347198486328,100.80999755859376,102.2300033569336,100.77999877929688,101.79000091552734,1826955
2021-09-21,86.45850372314453,100.33999633789062,100.4800033569336,99.58999633789062,99.93000030517578,1824143
2021-09-22,85.8553466796875,99.63999938964844,100.4800033569336,99.51000213623048,99.7300033569336,1814722
2021-09-23,86.85487365722656,100.8000030517578,101.2300033569336,100.13999938964844,100.41999816894533,1811104
2021-09-24,87.63035583496094,101.6999969482422,101.76000213623048,100.8000030517578,101.5,1852521
2021-09-27,90.12053680419922,104.58999633789062,104.94000244140624,102.0,102.29000091552734,4102986
2021-09-28,89.61216735839844,104.0,105.94000244140624,103.87999725341795,105.0,3966023
2021-09-29,88.4230728149414,102.62000274658205,103.87999725341795,101.8499984741211,103.48999786376952,4789117
2021-09-30,89.89652252197266,104.33000183105467,104.45999908447266,103.33000183105467,104.0,5580253
2021-10-01,86.23448181152344,100.08000183105467,103.06999969482422,99.62000274658205,102.0,6047430
2021-10-04,90.61167907714844,105.16000366210938,105.62999725341795,102.47000122070312,102.76000213623048,10273487
2021-10-05,90.90464782714844,105.5,106.2699966430664,104.20999908447266,104.79000091552734,5578795
2021-10-06,89.11241149902344,103.41999816894533,104.69000244140624,102.38999938964844,104.5999984741211,8996170
2021-10-07,89.1037826538086,103.41000366210938,104.0,102.6999969482422,103.87000274658205,3551947
2021-10-08,89.9999008178711,104.4499969482422,104.4499969482422,102.93000030517578,103.6999969482422,8012331
2021-10-11,90.20671081542967,104.69000244140624,104.95999908447266,103.5,104.01000213623048,2335810
2021-10-12,90.3790512084961,104.88999938964844,105.1999969482422,103.6500015258789,103.6500015258789,3707945
2021-10-13,88.94007873535156,103.22000122070312,104.88999938964844,103.04000091552734,104.63999938964844,2906039
2021-10-14,87.81130981445312,101.91000366210938,103.44000244140624,101.91000366210938,103.41000366210938,2358452
2021-10-15,88.130126953125,102.27999877929688,102.4499969482422,101.5199966430664,102.2699966430664,1712117
2021-10-18,89.56046295166016,103.94000244140624,104.1500015258789,102.5500030517578,102.5500030517578,2328844
2021-10-19,89.51737976074219,103.88999938964844,104.4499969482422,103.62000274658205,103.94000244140624,1590707
2021-10-20,90.49966430664062,105.02999877929688,105.18000030517578,104.1500015258789,104.36000061035156,2504461
2021-10-21,90.43072509765624,104.9499969482422,105.27999877929688,104.55999755859376,105.02999877929688,2364710
2021-10-22,90.37041473388672,104.87999725341795,104.97000122070312,103.93000030517578,104.51000213623048,2794987
2021-10-25,90.87018585205078,105.45999908447266,105.93000030517578,104.9800033569336,105.0,1352099
2021-10-26,90.55999755859376,105.0999984741211,106.0,104.9800033569336,105.5500030517578,1398841
2021-10-27,91.42164611816406,106.0999984741211,106.11000061035156,104.87999725341795,105.04000091552734,1831998
2021-10-28,92.07649993896484,106.86000061035156,106.86000061035156,105.56999969482422,105.98999786376952,2271484
2021-10-29,90.19808959960938,104.68000030517578,107.1999969482422,104.16999816894533,107.0,3024922
2021-11-01,91.5853500366211,106.29000091552734,106.4000015258789,104.75,105.68000030517578,2767296
2021-11-02,91.12867736816406,105.76000213623048,106.5500030517578,105.06999969482422,106.31999969482422,1628086
2021-11-03,92.19713592529295,107.0,107.26000213623048,106.12999725341795,106.5199966430664,1829800
2021-11-04,93.48961639404295,108.5,108.5,107.1999969482422,107.25,1833682
2021-11-05,94.53221893310548,109.70999908447266,109.9499969482422,108.48999786376952,108.5,2419455
2021-11-08,94.89411163330078,110.12999725341795,110.19000244140624,109.2699966430664,110.0,1514479
2021-11-09,93.7567367553711,108.80999755859376,109.8499984741211,108.7300033569336,109.8499984741211,1589464
2021-11-10,93.84290313720705,108.91000366210938,109.94000244140624,108.66999816894533,109.0,1474499
2021-11-11,92.34361267089844,107.16999816894533,109.18000030517578,106.43000030517578,109.01000213623048,2093965
2021-11-12,93.16219329833984,108.12000274658205,108.4000015258789,106.6999969482422,107.30999755859376,1646144
2021-11-15,93.0674057006836,108.01000213623048,108.11000061035156,107.4000015258789,108.02999877929688,1515787
2021-11-16,92.7830581665039,107.68000030517578,107.97000122070312,107.05999755859376,107.5,2426125
2021-11-17,85.29527282714844,98.98999786376952,103.3000030517578,98.62999725341795,103.3000030517578,8337211
2021-11-18,83.97693634033203,97.45999908447266,99.12999725341795,97.45999908447266,99.0,5120941
2021-11-19,84.27851104736328,97.80999755859376,98.70999908447266,97.5,97.7300033569336,3532584
2021-11-22,82.54660034179688,95.8000030517578,97.98999786376952,95.6500015258789,97.81999969482422,2513854
2021-11-23,83.42547607421875,96.81999969482422,97.36499786376952,96.1500015258789,96.1500015258789,2387557
2021-11-24,83.73567962646484,97.18000030517578,98.33000183105467,96.51000213623048,97.1999969482422,2809339
2021-11-25,82.52074432373047,95.7699966430664,97.05999755859376,95.66999816894533,96.87000274658205,2580435
2021-11-26,81.69355010986328,94.80999755859376,96.36000061035156,94.22000122070312,95.8000030517578,3048649
2021-11-29,80.80604553222656,93.77999877929688,94.58000183105467,92.6999969482422,93.37000274658205,3307834
2021-11-30,80.28904724121094,93.18000030517578,94.98999786376952,93.16000366210938,94.55999755859376,6085030
2021-12-01,80.89221954345703,93.87999725341795,94.04000091552734,92.37999725341795,92.5999984741211,2498623
2021-12-02,82.63275909423828,95.9000015258789,96.04000091552734,93.0,93.0,2980988
2021-12-03,83.2445297241211,96.61000061035156,96.93000030517578,95.63999938964844,96.51000213623048,2664935
2021-12-06,83.78736877441406,97.23999786376952,97.69000244140624,96.19000244140624,96.62000274658205,2142812
2021-12-07,84.1234130859375,97.62999725341795,98.2300033569336,96.76000213623048,98.0,1866694
2021-12-08,84.3991470336914,97.9499969482422,98.91999816894533,97.01000213623048,98.26000213623048,2474246
2021-12-09,84.5801010131836,98.16000366210938,98.56999969482422,97.52999877929688,98.12000274658205,1745841
2021-12-10,84.35606384277344,97.9000015258789,98.55999755859376,97.55999755859376,97.8000030517578,1710318
2021-12-13,84.46808624267578,98.02999877929688,99.27999877929688,97.73999786376952,98.3000030517578,1772633
2021-12-14,84.04586029052734,97.54000091552734,98.38999938964844,96.8499984741211,97.02999877929688,1888180
2021-12-15,83.52027130126953,96.93000030517578,98.0,96.51000213623048,97.37999725341795,1829146
2021-12-16,83.39962768554688,96.79000091552734,97.36499786376952,96.29000091552734,96.68000030517578,2773830
2021-12-17,85.40728759765625,99.12000274658205,99.4800033569336,97.0500030517578,97.16999816894533,7120915
2021-12-20,85.47622680664062,99.1999969482422,99.1999969482422,98.02999877929688,98.6500015258789,1714077
2021-12-21,85.81226348876953,99.58999633789062,100.0,99.0,99.54000091552734,1828187
2021-12-22,85.97599029541016,99.77999877929688,99.91500091552734,99.20999908447266,99.8000030517578,1653355
2021-12-23,86.26033782958984,100.11000061035156,100.58999633789062,99.76000213623048,100.0,992730
2021-12-24,86.70838928222656,100.62999725341795,101.13999938964844,100.58000183105467,100.58000183105467,888168
2021-12-29,87.80269622802734,101.9000015258789,102.37000274658205,101.37000274658205,101.41999816894533,1548336
2021-12-30,88.12150573730469,102.2699966430664,102.58000183105467,101.70999908447266,102.0,1015385
