date,adjclose,vader_mean,finbert_mean,ret_1d,ma_5,ma_10,mom_5,vol_5,RSI_14,vader_change,finbert_change,vader_mean_shifted,finbert_mean_shifted,vader_change_shifted,finbert_change_shifted,ret_next_1d,target
2008-08-27,11502.509766,-0.233156,-0.64032227,0.00785425997851985,11471.9798828,11488.1098634,0.007451771574246813,0.014037635885482335,41.56002358081837,0.09564399999999998,-0.17988036999999996,-0.3288,-0.4604419,0.099572,0.30240964,0.01848900164628664,1
2008-08-28,11715.179688,-0.064008,-0.65692115,0.01848900164628664,11528.9738282,11498.0348634,0.02493127667578454,0.01592246398146537,49.3965599302031,0.16914800000000002,-0.016598879999999983,-0.233156,-0.64032227,0.09564399999999998,-0.17988036999999996,-0.01461520280183004,0
2008-08-29,11543.959961,-0.0960639999999999,-0.33569336,-0.01461520280183004,11512.1539064,11486.4408204,-0.0072324714621322395,0.016170902013511824,43.02607349459031,-0.032055999999999904,0.32122778999999996,-0.064008,-0.65692115,0.16914800000000002,-0.016598879999999983,-0.002342353844898337,0
2008-09-02,11516.919922,-0.264656,-0.42131835,-0.002342353844898337,11538.287890800002,11490.1938478,0.01147611566582496,0.012253576514536318,46.06749820708803,-0.1685920000000001,-0.08562499000000001,-0.0960639999999999,-0.33569336,-0.032055999999999904,0.32122778999999996,0.001385783795328166,1
2008-09-03,11532.879883,-0.1570079999999999,-0.45895115,0.001385783795328166,11562.289843999999,11508.6268556,0.010515301126684973,0.012261104750471815,49.99733563534862,0.1076480000000001,-0.037632799999999966,-0.264656,-0.42131835,-0.1685920000000001,-0.08562499000000001,-0.029884072104837345,0
2008-09-04,11188.230469,-0.150332,-0.5931055,-0.029884072104837345,11499.4339846,11485.7069337,-0.027322671607632132,0.018100207119143303,37.88002562873999,0.006675999999999904,-0.13415434999999998,-0.1570079999999999,-0.45895115,0.1076480000000001,-0.037632799999999966,0.0029253501785369007,1
2008-09-05,11220.959961,-0.244196,-0.7514563,0.0029253501785369007,11400.5900392,11464.7819337,-0.0421862694522932,0.013791827409989073,37.48172284557883,-0.093864,-0.1583508,-0.150332,-0.5931055,0.006675999999999904,-0.13415434999999998,0.025824909277563757,1
2008-09-08,11510.740234,-0.332532,-0.6375,0.025824909277563757,11393.946093800001,11453.0500001,-0.002877671709901053,0.01984360386072556,50.841641033238794,-0.088336,0.11395630000000001,-0.244196,-0.7514563,-0.093864,-0.1583508,-0.02432595639443913,0
2008-09-09,11230.730469,-0.267764,-0.48885742,-0.02432595639443913,11336.7082032,11437.498047,-0.024849478414216475,0.022618038025641243,47.07155676314344,0.06476799999999999,0.14864257999999997,-0.332532,-0.6375,-0.088336,0.11395630000000001,0.0034004424828297797,1
2008-09-10,11268.919922,-0.304908,-0.5548535,0.0034004424828297797,11283.916211,11423.1030275,-0.02288760168126691,0.022773525003568135,46.251546704476,-0.03714400000000001,-0.06599608000000001,-0.267764,-0.48885742,0.06476799999999999,0.14864257999999997,0.014623410241676016,1
2008-09-11,11433.709961,-0.169724,-0.527101,0.014623410241676016,11333.0121094,11416.223047,0.021940868368788724,0.018653813041178736,50.08204572222442,0.135184,0.027752499999999958,-0.304908,-0.5548535,-0.03714400000000001,-0.06599608000000001,-0.0010250152435189452,0
2008-09-12,11421.990234,-0.182008,-0.60003906,-0.0010250152435189452,11373.218164,11386.904101600001,0.017915603807402203,0.01881955257473238,44.70755952289612,-0.01228399999999999,-0.07293805999999992,-0.169724,-0.527101,0.135184,0.027752499999999958,-0.044167474990331135,0
2008-09-15,10917.509766,-0.235164,-0.20154299,-0.044167474990331135,11254.572070400001,11324.259082100001,-0.05153712584423886,0.0236571191910987,39.39260808923114,-0.05315600000000001,0.39849607,-0.182008,-0.60003906,-0.01228399999999999,-0.07293805999999992,0.012961725524688772,1
2008-09-16,11059.019531,-0.337376,-0.3853711,0.012961725524688772,11220.2298828,11278.469043000001,-0.01528938286551984,0.02400449280028522,42.38830538224318,-0.102212,-0.18382811000000002,-0.235164,-0.20154299,-0.05315600000000001,0.39849607,-0.04063284034722803,0
2008-09-17,10609.660156,-0.25962,-0.41692382,-0.04063284034722803,11088.3779296,11186.1470703,-0.05850248032315364,0.02875026354321324,33.36784878006118,0.07775599999999999,-0.03155271999999998,-0.337376,-0.3853711,-0.102212,-0.18382811000000002,0.038646881047186055,1
2008-09-18,11019.69043,-0.325776,-0.56120116,0.038646881047186055,11005.5740234,11169.2930664,-0.036210427972390935,0.0354622162336994,37.93168424859276,-0.06615599999999999,-0.14427733999999998,-0.25962,-0.41692382,0.07775599999999999,-0.03155271999999998,0.0334628275034039,1
2008-09-19,11388.44043,-0.294332,-0.51516604,0.0334628275034039,10998.864062600001,11186.0411133,-0.0029372993070972964,0.03994723841646047,47.47451072187999,0.03144400000000003,0.046035119999999985,-0.325776,-0.56120116,-0.06615599999999999,-0.14427733999999998,-0.03273055711983908,0
2008-09-22,11015.69043,-0.26096,-0.35031238,-0.03273055711983908,11018.5001954,11136.5361329,0.008992954080587312,0.03700084467816176,42.682157265351435,0.03337199999999996,0.16485366,-0.294332,-0.51516604,0.03144400000000003,0.046035119999999985,-0.014662767533854981,0
2008-09-23,10854.169922,-0.183952,-0.32974946,-0.014662767533854981,10977.530273600001,11098.8800782,-0.018523306557672536,0.03708095656068318,40.4949732642703,0.07700800000000002,0.020562919999999985,-0.26096,-0.35031238,0.03337199999999996,0.16485366,-0.0026717842274811554,0
2008-09-24,10825.169922,-0.29406,-0.2632617,-0.0026717842274811554,11020.6322268,11054.5050782,0.020312598408547933,0.030860872947658567,44.42238044615641,-0.11010799999999998,0.06648776,-0.183952,-0.32974946,0.07700800000000002,0.020562919999999985,0.01818813463610036,1
2008-09-25,11022.05957,-0.2334959999999999,-0.40166992,0.01818813463610036,11021.1060548,11013.3400391,0.0002149915204106012,0.026189170624693444,47.09106125553506,0.06056400000000009,-0.13840822000000003,-0.29406,-0.2632617,-0.11010799999999998,0.06648776,0.010984363877830194,1
2008-09-26,11143.129883,-0.238132,-0.6682405,0.010984363877830194,10972.043945399999,10985.454004000001,-0.021540310853608302,0.02035674832724477,44.34457679039022,-0.004636000000000112,-0.26657058,-0.2334959999999999,-0.40166992,0.06056400000000009,-0.13840822000000003,-0.06979005864289811,0
2008-09-29,10365.450195,-0.114084,-0.48930064,-0.06979005864289811,10841.9958984,10930.2480469,-0.05902855015144082,0.034901871385792066,38.455970193858136,0.124048,0.17893986,-0.238132,-0.6682405,-0.004636000000000112,-0.26657058,0.04681031232334232,1
2008-09-30,10850.660156,-0.152144,-0.4335816,0.04681031232334232,10841.2939452,10909.4121094,-0.0003233564634809172,0.043353146092304944,45.0144967848917,-0.03806,0.05571904,-0.114084,-0.48930064,0.124048,0.17893986,-0.0018054057281636782,0
2008-10-01,10831.070312,-0.22376,-0.4167469,-0.0018054057281636782,10842.4740232,10931.553125,0.0005450621138065603,0.04333800827382898,42.55919516142364,-0.07161599999999999,0.016834700000000036,-0.152144,-0.4335816,-0.03806,0.05571904,-0.03215016549326588,0
2008-10-02,10482.849609,-0.154596,-0.6727989,-0.03215016549326588,10734.632031,10877.8690429,-0.04892098047334348,0.04415061856182078,39.29403031562849,0.06916399999999998,-0.256052,-0.22376,-0.4167469,-0.07161599999999999,0.016834700000000036,-0.015021652687338571,0
2008-10-03,10325.379883,-0.17266,-0.59579104,-0.015021652687338571,10571.082031000002,10771.5629882,-0.07338602426662566,0.042687349393136155,42.669935856361654,-0.018063999999999997,0.07700785999999993,-0.154596,-0.6727989,0.06916399999999998,-0.256052,-0.03582239948468924,0
2008-10-06,9955.5,-0.087596,-0.2708059,-0.03582239948468924,10489.091992000001,10665.5439452,-0.03954967582572999,0.03334799384550673,37.07041314293458,0.08506400000000001,0.32498514000000006,-0.17266,-0.59579104,-0.018063999999999997,0.07700785999999993,-0.051066209431972265,0
2008-10-07,9447.110352,-0.248252,-0.24534369,-0.051066209431972265,10208.382031199999,10524.837988199999,-0.1293515586905457,0.01911569921077891,36.56462282779968,-0.16065600000000002,0.025462209999999985,-0.087596,-0.2708059,0.08506400000000001,0.32498514000000006,-0.0200072547009027,0
2008-10-08,9258.099609,-0.333072,-0.5703125,-0.0200072547009027,9893.7878906,10368.130956899999,-0.14522763288289875,0.014170439010741427,28.54560258418104,-0.08481999999999998,-0.32496881,-0.248252,-0.24534369,-0.16065600000000002,0.025462209999999985,-0.0733313755168521,0
2008-10-09,8579.19043,-0.265152,-0.48012695,-0.0733313755168521,9513.0560548,10123.8440429,-0.1815974901867926,0.023822295357424333,18.189414107185826,0.06791999999999998,0.09018555,-0.333072,-0.5703125,-0.08481999999999998,-0.32496881,-0.01491982268541392,0
2008-10-10,8451.19043,-0.1857039999999999,-0.23060547,-0.01491982268541392,9138.218164200001,9854.650097599999,-0.18151288129221455,0.02384800247417354,19.25679124686141,0.0794480000000001,0.24952148,-0.265152,-0.48012695,0.06791999999999998,0.09018555,0.11080331578802194,1
2008-10-13,9387.610352,-0.0823039999999999,-0.17576976,0.11080331578802194,9024.640234600001,9756.8661133,-0.05704280528351169,0.07143992284788248,35.17350497574493,0.10339999999999999,0.05483571000000001,-0.1857039999999999,-0.23060547,0.0794480000000001,0.24952148,-0.008161834069271401,0
2008-10-14,9310.990234,-0.222028,-0.47694337,-0.008161834069271401,8997.416211,9602.8991211,-0.014408651209539602,0.06770905079227163,34.838066179677284,-0.1397240000000001,-0.30117361,-0.0823039999999999,-0.17576976,0.10339999999999999,0.05483571000000001,-0.07873277273163559,0
2008-10-15,8577.910156,-0.18078,-0.70279294,-0.07873277273163559,8861.378320400001,9377.5831055,-0.07346966242821296,0.0763461531242459,27.89920066053203,0.04124800000000001,-0.22584957000000006,-0.222028,-0.47694337,-0.1397240000000001,-0.30117361,0.04678874022937474,1
2008-10-16,8979.259766,-0.09992,-0.51941407,0.04678874022937474,8941.3921876,9227.2241212,0.04663252777336924,0.07129585966929265,31.377506303217658,0.08086,0.18337887000000008,-0.18078,-0.70279294,0.04124800000000001,-0.22584957000000006,-0.014148163914472933,0
2008-10-17,8852.219727,-0.263564,-0.63914925,-0.014148163914472933,9021.598047,9079.908105600001,0.047452403341478044,0.07122610519987517,35.33461039285183,-0.163644,-0.11973518000000005,-0.09992,-0.51941407,0.08086,0.18337887000000008,0.046678683284337774,1
2008-10-20,9265.429688,-0.097376,-0.8230176,0.046678683284337774,8997.161914200002,9010.9010744,-0.013015097497519057,0.05201500766101731,34.41938832498609,0.166188,-0.18386835,-0.263564,-0.63914925,-0.163644,-0.11973518000000005,-0.025014439675709155,0
2008-10-21,9033.660156,-0.15858,-0.5137012,-0.025014439675709155,8941.695898599999,8969.556054800001,-0.02978523991866111,0.05308832957012372,33.04128182206938,-0.061203999999999995,0.30931640000000005,-0.097376,-0.8230176,0.166188,-0.18386835,-0.056948145725662536,0
2008-10-22,8519.209961,-0.159628,-0.42593506,-0.056948145725662536,8929.9558596,8895.667089999999,-0.006843181373138996,0.045922958003551895,32.03637168136777,-0.0010479999999999934,0.08776613999999999,-0.15858,-0.5137012,-0.061203999999999995,0.30931640000000005,0.020194365415053817,1
2008-10-23,8691.25,-0.1828599999999999,-0.38585937,0.020194365415053817,8872.3539064,8906.873047000001,-0.032075001002927817,0.04026390218371958,35.09051546764293,-0.02323199999999992,0.04007569,-0.159628,-0.42593506,-0.0010479999999999934,0.08776613999999999,-0.03593266848842236,0
2008-10-24,8378.950195,-0.270536,0.14065963,-0.03593266848842236,8777.7,8899.6490235,-0.05346337377465782,0.04250302619154835,35.46312616458107,-0.08767600000000009,0.526519,-0.1828599999999999,-0.38585937,-0.02323199999999992,0.04007569,-0.024248882052222198,0
2008-10-27,8175.77002,-0.233564,-0.3879346,-0.024248882052222198,8559.7680664,8778.464990299999,-0.11760487151624044,0.028202134349918438,37.57820914163855,0.036972000000000005,-0.52859423,-0.270536,0.14065963,-0.08767600000000009,0.526519,0.10877875659716763,1
2008-10-28,9065.120117,-0.2521359999999999,-0.41436577,0.10877875659716763,8566.0600586,8753.8779786,0.0034825265127009786,0.06583090684043383,48.341450486928395,-0.018571999999999922,-0.026431170000000004,-0.233564,-0.3879346,0.036972000000000005,-0.52859423,-0.008180824417420074,0
2008-10-29,8990.959961,-0.212204,-0.38844725,-0.008180824417420074,8660.4100586,8795.1829591,0.05537485308609824,0.05799135406092892,53.94947172690536,0.03993199999999991,0.02591852,-0.2521359999999999,-0.41436577,-0.018571999999999922,-0.026431170000000004,0.021102359461391496,1
2008-10-30,9180.69043,-0.336888,-0.3739563,0.021102359461391496,8758.298144600001,8815.3260255,0.05631415849273691,0.05802436383532306,56.91508496116241,-0.12468400000000002,0.014490950000000002,-0.212204,-0.38844725,0.03993199999999991,0.02591852,0.0157198782706367,1
2008-10-31,9325.009766,-0.182564,-0.5275879,0.0157198782706367,8947.5100588,8862.6050294,0.11290908156543833,0.05152336393394871,49.30173792613166,0.15432400000000002,-0.15363159999999998,-0.336888,-0.3739563,-0.12468400000000002,0.014490950000000002,-0.0005554619383760784,0
2008-11-03,9319.830078,-0.296792,-0.7263867,-0.0005554619383760784,9176.322070400001,8868.0450684,0.13993300388848273,0.04702681895177502,50.10019865118539,-0.114228,-0.19879880000000005,-0.182564,-0.5275879,0.15432400000000002,-0.15363159999999998,0.0327742236117623,1
2008-11-04,9625.280273,-0.11514,-0.64104545,0.0327742236117623,9288.3541016,8927.2070801,0.06179291049321245,0.016530397206623602,63.14625849229698,0.18165199999999998,0.08534125000000004,-0.296792,-0.7263867,-0.114228,-0.19879880000000005,-0.05049315222158424,0
2008-11-05,9139.269531,-0.123704,-0.5404297,-0.05049315222158424,9318.0160156,8989.2130371,0.016495409905429526,0.03258694644041281,51.966596301138885,-0.008563999999999988,0.10061575,-0.11514,-0.64104545,0.18165199999999998,0.08534125000000004,-0.048524610254215284,0
2008-11-06,8695.790039,-0.23124,-0.16912109,-0.048524610254215284,9221.0359374,8989.667041,-0.05281742094423292,0.03776226196229095,48.21615857883258,-0.107536,0.37130861000000004,-0.123704,-0.5404297,-0.008563999999999988,0.10061575,0.028521793866646883,1
2008-11-07,8943.80957,-0.228072,-0.57356447,0.028521793866646883,9144.795898200002,9046.152978499998,-0.04087933477452188,0.040308554625926356,46.188828852046285,0.003168000000000004,-0.40444338,-0.23124,-0.16912109,-0.107536,0.37130861000000004,-0.008192206064602026,0
2008-11-10,8870.540039,-0.271436,-0.85615236,-0.008192206064602026,9054.9378904,9115.6299804,-0.04820796465598409,0.04011649517374731,47.99159629233289,-0.043364000000000014,-0.28258788999999995,-0.228072,-0.57356447,0.003168000000000004,-0.40444338,-0.01990635037141497,0
2008-11-11,8693.959961,-0.3053,-0.6741211,-0.01990635037141497,8868.673827999999,9078.5139648,-0.0967577343812479,0.032545690569202056,52.34685395735367,-0.033864000000000005,0.18203125999999992,-0.271436,-0.85615236,-0.043364000000000014,-0.28258788999999995,-0.047308684057096984,0
2008-11-12,8282.660156,-0.372192,-0.39616212,-0.047308684057096984,8697.351953000001,9007.6839843,-0.09372842896190103,0.03181588183371884,44.84406981742127,-0.06689200000000001,0.27795898,-0.3053,-0.6741211,-0.033864000000000005,0.18203125999999992,0.06671646953904076,1
2008-11-13,8835.25,-0.185352,-0.5967171,0.06671646953904076,8725.2439452,8973.1399413,0.016037641246457568,0.04440555357075877,55.428755139450686,0.18684000000000003,-0.20055498,-0.372192,-0.39616212,-0.06689200000000001,0.27795898,-0.0382491078350925,0
2008-11-14,8497.30957,-0.1210119999999999,-0.46474448,-0.0382491078350925,8635.943945199999,8890.3699217,-0.049922798166195714,0.04520757051179215,53.70661084484323,0.06434000000000009,0.13197261999999998,-0.185352,-0.5967171,0.18684000000000003,-0.20055498,-0.026329450534541166,0
2008-11-17,8273.580078,-0.134164,-0.7176465,-0.026329450534541166,8516.551952999998,8785.7449217,-0.06729691296983265,0.0458112690867999,39.22124131123037,-0.013152000000000108,-0.25290201999999995,-0.1210119999999999,-0.46474448,0.06434000000000009,0.13197261999999998,0.018271403742373904,1
2008-11-18,8424.75,-0.280028,-0.58759767,0.018271403742373904,8462.709960799999,8665.6918944,-0.03096517147624811,0.04752515674154323,42.4480539049976,-0.145864,0.13004883,-0.134164,-0.7176465,-0.013152000000000108,-0.25290201999999995,-0.05073981008338535,0
2008-11-19,7997.279785,0.0129479999999999,-0.49723163,-0.05073981008338535,8405.633886599999,8551.492919799999,-0.03445515880465877,0.04830037851282599,35.1573036395892,0.2929759999999999,0.09036603999999998,-0.280028,-0.58759767,-0.145864,0.13004883,-0.055642638242398235,0
2008-11-20,7552.290039,-0.074596,-0.33595216,-0.055642638242398235,8149.0418944,8437.1429198,-0.14520924263603174,0.029571468336172597,29.325334369062176,-0.0875439999999999,0.16127946999999998,0.0129479999999999,-0.49723163,0.2929759999999999,0.09036603999999998,0.06542782128974323,1
2008-11-21,8046.419922,-0.220972,-0.5043994,0.06542782128974323,8058.8639648,8347.403955,-0.053062636389273,0.05123003766737984,36.669013953954604,-0.146376,-0.16844724000000005,-0.074596,-0.33595216,-0.0875439999999999,0.16127946999999998,0.04933495018258127,1
2008-11-24,8443.389648,-0.227288,-0.21651989,0.04933495018258127,8092.8258788,8304.688915900002,0.020524315761629497,0.0560739465161793,37.85973719860081,-0.006315999999999988,0.28787951000000006,-0.220972,-0.5043994,-0.146376,-0.16844724000000005,0.004273174696911575,1
2008-11-25,8479.469727,-0.251008,-0.7016992,0.004273174696911575,8103.7698242000015,8283.2398925,0.006495115819460384,0.055613861686112584,42.53234545806456,-0.02372000000000002,-0.48517931,-0.227288,-0.21651989,-0.006315999999999988,0.28787951000000006,0.02914576417592052,1
2008-11-26,8726.610352,-0.20006,-0.6867505,0.02914576417592052,8249.6359376,8327.6349121,0.0911973304182705,0.04734416520827976,50.365050303218375,0.05094800000000002,0.014948699999999926,-0.251008,-0.7016992,-0.02372000000000002,-0.48517931,0.011737625821293118,1
2008-11-28,8829.040039,-0.2076559999999999,-0.7728516,0.011737625821293118,8504.9859376,8327.013916,0.1690546832029578,0.02552158764441464,48.592057522776656,-0.007595999999999908,-0.08610109999999993,-0.20006,-0.6867505,0.05094800000000002,0.014948699999999926,-0.07701292462107945,0
2008-12-01,8149.089844,-0.11704,-0.71393555,-0.07701292462107945,8525.519922,8292.191943400001,0.012759702202377765,0.04824244784433729,42.296264182553244,0.09061599999999989,0.05891605,-0.2076559999999999,-0.7728516,-0.007595999999999908,-0.08610109999999993,0.033132534450923457,1
2008-12-02,8419.089844,-0.28084,-0.500522,0.033132534450923457,8520.659961199999,8306.74292,-0.0028779678556888344,0.044816116311155195,47.122315032367275,-0.16379999999999997,0.21341354999999995,-0.11704,-0.71393555,0.09061599999999989,0.05891605,0.020501098004436447,1
2008-12-03,8591.69043,-0.2270799999999999,-0.57974607,0.020501098004436447,8543.1041018,8323.436963,0.013234401043106692,0.04575756538093282,53.40552461669545,0.053760000000000085,-0.07922406999999998,-0.28084,-0.500522,-0.16379999999999997,0.21341354999999995,-0.02507657809081465,0
2008-12-04,8376.240234,-0.163456,-0.6713965,-0.02507657809081465,8473.030078200001,8361.3330079,-0.04014962326348159,0.04457020066985733,44.53566409283478,0.0636239999999999,-0.09165042999999995,-0.2270799999999999,-0.57974607,0.053760000000000085,-0.07922406999999998,0.030942246253630845,1
2008-12-05,8635.419922,-0.3478,-0.68694335,0.030942246253630845,8434.306054800001,8469.6459962,-0.0219299171987819,0.04736550006081234,51.6755718556513,-0.184344,-0.015546850000000001,-0.163456,-0.6713965,0.0636239999999999,-0.09165042999999995,0.034597016554906324,1
2008-12-08,8934.179688,-0.1401,-0.65202147,0.034597016554906324,8591.324023600002,8558.421972799999,0.09634080112370391,0.02515177629854003,57.87117713340508,0.2077,0.03492187999999996,-0.3478,-0.68694335,-0.184344,-0.015546850000000001,-0.0271820825728617,0
2008-12-09,8691.330078,-0.254696,-0.24143554,-0.0271820825728617,8645.7720704,8583.2160158,0.03233606471060724,0.03047183497040957,53.108443072244214,-0.11459599999999998,0.41058593,-0.1401,-0.65202147,0.2077,0.03492187999999996,0.00806434036804271,1
2008-12-10,8761.419922,-0.2618,-0.23097657,0.00806434036804271,8679.7179688,8611.4110353,0.01975507536995824,0.029563443688359496,59.72035211666606,-0.007103999999999999,0.010458970000000012,-0.254696,-0.24143554,-0.11459599999999998,0.41058593,-0.02240847713588212,0
2008-12-11,8565.089844,-0.193364,-0.65009767,-0.02240847713588212,8717.4878908,8595.2589845,0.022545868399695523,0.028918376305223436,63.753541798086104,0.06843599999999997,-0.41912109999999997,-0.2618,-0.23097657,-0.007103999999999999,0.010458970000000012,0.007541058550045054,1
2008-12-12,8629.679688,-0.4011679999999999,-0.55890626,0.007541058550045054,8716.339844,8575.3229494,-0.0006647313103297359,0.02529716037018432,58.96655074727677,-0.2078039999999999,0.09119140999999997,-0.193364,-0.65009767,0.06843599999999997,-0.41912109999999997,-0.007549459233184952,0
2008-12-15,8564.530273,-0.081856,-0.6951883,-0.007549459233184952,8642.409961000001,8616.8669923,-0.041374745965373494,0.016392650889824337,52.07389990159532,0.31931199999999993,-0.13628204,-0.4011679999999999,-0.55890626,-0.2078039999999999,0.09119140999999997,0.04198821926447982,1
2008-12-16,8924.139648,-0.21748,-0.5714475,0.04198821926447982,8688.971875,8667.3719727,0.026786414497051547,0.023933761232996575,56.85345640499025,-0.13562400000000002,0.12374079999999998,-0.081856,-0.6951883,0.31931199999999993,-0.13628204,-0.011183128899419081,0
2008-12-17,8824.339844,-0.126932,-0.6125586,-0.011183128899419081,8701.5558594,8690.6369141,0.007181475441213392,0.02494996118913636,51.577917009864194,0.09054800000000002,-0.041111099999999956,-0.21748,-0.5714475,-0.13562400000000002,0.12374079999999998,-0.024857339345236484,0
2008-12-18,8604.990234,-0.2334239999999999,-0.30228028,-0.024857339345236484,8709.5359374,8713.5119141,0.0046584905385378406,0.02555761613781527,46.514154300373384,-0.10649199999999992,0.31027831999999994,-0.126932,-0.6125586,0.09054800000000002,-0.041111099999999956,-0.0030075434481894314,0
2008-12-19,8579.110352,-0.251948,-0.42044678,-0.0030075434481894314,8699.422070199998,8707.880957099998,-0.005859931982217126,0.02533648979455163,58.40002685411301,-0.018524000000000096,-0.11816650000000001,-0.2334239999999999,-0.30228028,-0.10649199999999992,0.31027831999999994,-0.006926116993721476,0
2008-12-22,8519.69043,-0.3330039999999999,0.0018622398,-0.006926116993721476,8690.4541016,8666.432031299999,-0.00523552857783216,0.025297228937803423,52.14129668730733,-0.0810559999999999,0.4223090198,-0.251948,-0.42044678,-0.018524000000000096,-0.11816650000000001,-0.011761013715612223,0
2008-12-23,8419.490234,-0.102596,-0.6392383,-0.011761013715612223,8589.524218800001,8639.2480469,-0.05654880289923492,0.008240421947442777,46.21813521748287,0.2304079999999999,-0.6411005398,-0.3330039999999999,0.0018622398,-0.0810559999999999,0.4223090198,0.005818669971510149,1
2008-12-24,8468.480469,-0.105776,-0.8359961,0.005818669971510149,8518.352343800001,8609.9541016,-0.04032702517026954,0.011349460805881175,52.18558322378342,-0.0031799999999999884,-0.19675779999999998,-0.102596,-0.6392383,0.2304079999999999,-0.6411005398,0.005558179672528585,1
2008-12-26,8515.549805,-0.21034,-0.6270806,0.005558179672528585,8500.464258,8605.0000977,-0.010394018652874704,0.007726523131291725,46.8423438377243,-0.104564,0.20891550000000003,-0.105776,-0.8359961,-0.0031799999999999884,-0.19675779999999998,-0.0037132208400019184,0
2008-12-29,8483.929688,-0.206028,-0.38788188,-0.0037132208400019184,8481.428125200002,8590.425097700001,-0.011094467852113654,0.007754471482545036,36.1966720557393,0.00431200000000001,0.23919871999999998,-0.21034,-0.6270806,-0.104564,0.20891550000000003,0.02174227825825903,1
2008-12-30,8668.389648,-0.2099599999999999,-0.49082032,0.02174227825825903,8511.1679688,8600.8110352,0.017453594026890062,0.012523158005783836,49.27060128870901,-0.003931999999999908,-0.10293843999999996,-0.206028,-0.38788188,0.00431200000000001,0.23919871999999998,0.01245906153110199,1
2008-12-31,8776.389648,-0.24948,-0.49588263,0.01245906153110199,8582.5478516,8586.0360352,0.04238967016776751,0.009433425273279693,50.46476328932742,-0.03952000000000011,-0.005062310000000014,-0.2099599999999999,-0.49082032,-0.003931999999999908,-0.10293843999999996,0.029431325677166553,1
2009-01-02,9034.69043,-0.230072,-0.7276856,0.029431325677166553,8695.789843800001,8607.071093800001,0.06686086873231711,0.01305158345489078,64.03939792636129,0.01940800000000001,-0.23180297000000005,-0.24948,-0.49588263,-0.03952000000000011,-0.005062310000000014,-0.009054076908753594,0
2009-01-05,8952.889648,-0.316992,-0.6573468,-0.009054076908753594,8783.257812400001,8641.8610352,0.05135779286302933,0.01637425571036907,59.56440895192189,-0.08692,0.07033880000000003,-0.230072,-0.7276856,0.01940800000000001,-0.23180297000000005,0.006948590169867375,1
2009-01-06,9015.099609,-0.143424,-0.6845117,0.006948590169867375,8889.491796600001,8685.4599609,0.06260894898166214,0.014724964166277098,63.3564556488936,0.173568,-0.027164899999999936,-0.316992,-0.6573468,-0.08692,0.07033880000000003,-0.027220932063247827,0
2009-01-07,8769.700195,-0.356836,-0.4170703,-0.027220932063247827,8909.753906000002,8710.460937400001,0.01168735498909812,0.021570227405729434,45.08936556751072,-0.213412,0.26744139999999994,-0.143424,-0.6845117,0.173568,-0.027164899999999936,-0.00310617619693887,0
2009-01-08,8742.459961,-0.3390959999999999,-0.6440165,-0.00310617619693887,8902.9679686,8742.7579101,-0.003866018757238243,0.02088832266233765,47.27056217341208,0.01774000000000009,-0.2269462,-0.356836,-0.4170703,-0.213412,0.26744139999999994,-0.01638901106086521,0
2009-01-09,8599.179688,-0.244216,-0.605671,-0.01638901106086521,8815.8658202,8755.827832,-0.04820427942432559,0.012968968028293539,49.795959549130345,0.09487999999999991,0.03834550000000003,-0.3390959999999999,-0.6440165,0.01774000000000009,-0.2269462,-0.014560686663488198,0
2009-01-12,8473.969727,-0.224524,-0.54482424,-0.014560686663488198,8720.081836000001,8751.669824200002,-0.05349333453551364,0.013126429934025135,46.548695377087924,0.019691999999999987,0.06084676,-0.244216,-0.605671,0.09487999999999991,0.03834550000000003,-0.0029986131433816787,0
2009-01-13,8448.55957,-0.264196,-0.5143945,-0.0029986131433816787,8606.773828200001,8748.132812400001,-0.06284345859411355,0.010173083758053612,47.61176234237308,-0.039671999999999985,0.030429739999999983,-0.224524,-0.54482424,0.019691999999999987,0.06084676,-0.029403819662006447,0
2009-01-14,8200.139648,-0.27624,-0.5617969,-0.029403819662006447,8492.8617188,8701.3078124,-0.06494641029173731,0.010960116276023673,43.30190868239204,-0.012044,-0.04740240000000007,-0.264196,-0.5143945,-0.039671999999999985,0.030429739999999983,0.0015061433744012476,1
2009-01-15,8212.490234,-0.167776,-0.6036816,0.0015061433744012476,8386.8677734,8644.917871,-0.06062020636802312,0.012160107047076754,42.004160575111726,0.10846399999999998,-0.0418847,-0.27624,-0.5617969,-0.012044,-0.04740240000000007,0.008368897988512147,1
2009-01-16,8281.219727,-0.436044,-0.61145836,0.008368897988512147,8323.2757812,8569.5708007,-0.03697561541174765,0.014855905404075217,42.77842986003596,-0.26826799999999995,-0.007776759999999938,-0.167776,-0.6036816,0.10846399999999998,-0.0418847,-0.040106396635887664,0
2009-01-20,7949.089844,-0.391208,-0.41851074,-0.040106396635887664,8218.2998046,8469.1908203,-0.06194025939550063,0.021034542912860874,36.093184072720334,0.04483599999999999,0.19294762,-0.436044,-0.61145836,-0.26826799999999995,-0.007776759999999938,0.035099586301770014,1
2009-01-21,8228.099609,-0.221576,-0.45016602,0.035099586301770014,8174.207812400001,8390.4908203,-0.02609438439456946,0.03023655287841645,39.088179513176414,0.169632,-0.03165528000000001,-0.391208,-0.41851074,0.04483599999999999,0.19294762,-0.012797584983636145,0
2009-01-22,8122.799805,-0.195444,-0.57689714,-0.012797584983636145,8158.7398438,8325.8007813,-0.00943152754951726,0.02767676905665692,33.780207538020804,0.02613199999999999,-0.12673112000000003,-0.221576,-0.45016602,0.169632,-0.03165528000000001,-0.005569476915109006,0
2009-01-23,8077.560059,-0.185396,-0.45753905,-0.005569476915109006,8131.7538088,8259.3107911,-0.01642987341907387,0.027660033745999256,23.438573451811834,0.010048000000000001,0.11935809000000003,-0.195444,-0.57689714,0.02613199999999999,-0.12673112000000003,0.004762542861830754,1
2009-01-26,8116.029785,-0.29404,-0.6921875,0.004762542861830754,8098.715820400001,8210.9958008,-0.019947537614708688,0.027334532932314942,26.203924743641423,-0.10864400000000002,-0.23464844999999995,-0.185396,-0.45753905,0.010048000000000001,0.11935809000000003,0.007232624393332054,1
2009-01-27,8174.72998,-0.3187,-0.65303123,0.007232624393332054,8143.843847599999,8181.0718261,0.028385656776833912,0.018280555445615892,26.05633311112156,-0.02465999999999996,0.03915626999999999,-0.29404,-0.6921875,-0.10864400000000002,-0.23464844999999995,0.02455374250783504,1
2009-01-28,8375.450195,-0.224572,-0.43540528,0.02455374250783504,8173.3139648000015,8173.7608886,0.017908216113332598,0.014200002442221858,38.47363747080504,0.09412799999999999,0.21762594999999996,-0.3187,-0.65303123,-0.02465999999999996,0.03915626999999999,-0.02703620984280708,0
2009-01-29,8149.009766,-0.167816,-0.68102294,-0.02703620984280708,8178.555957,8168.647900400001,0.0032267151264600002,0.018952208680689045,34.45985548348567,0.056756,-0.24561765999999996,-0.224572,-0.43540528,0.09412799999999999,0.21762594999999996,-0.01818011111216533,0
2009-01-30,8000.859863,-0.192952,-0.57166994,-0.01818011111216533,8163.215917799998,8147.4848633,-0.009495465888185062,0.0207625096064258,34.37219497148895,-0.02513600000000002,0.10935299999999992,-0.167816,-0.68102294,0.056756,-0.24561765999999996,-0.008012871628520268,0
2009-02-02,7936.75,-0.115224,-0.6019337,-0.008012871628520268,8127.3599608,8113.0378906,-0.022089591801565778,0.020548219914129407,35.50546040493049,0.07772800000000002,-0.030263759999999973,-0.192952,-0.57166994,-0.02513600000000002,0.10935299999999992,0.01784229854789432,1
2009-02-03,8078.359863,-0.2326679999999999,-0.5856152,0.01784229854789432,8108.085937400001,8125.9648925,-0.011788782899958328,0.022491340826297414,40.6011074271457,-0.11744399999999991,0.016318500000000014,-0.115224,-0.6019337,0.07772800000000002,-0.030263759999999973,-0.015064902908992872,0
2009-02-04,7956.660156,-0.2410999999999999,-0.48558593,-0.015064902908992872,8024.327929599999,8098.8209472,-0.050002092932271314,0.017043337030875523,43.393257556607125,-0.008431999999999995,0.10002927,-0.2326679999999999,-0.5856152,-0.11744399999999991,0.016318500000000014,0.013373660042493851,1
2009-02-05,8063.069824,-0.134336,-0.43121606,0.013373660042493851,8007.1399412,8092.847949100001,-0.010546059517386519,0.016573383722363253,46.14243297318834,0.10676399999999989,0.05436986999999999,-0.2410999999999999,-0.48558593,-0.008431999999999995,0.10002927,0.026977320641890623,1
2009-02-06,8280.589844,-0.197436,-0.62511593,0.026977320641890623,8063.085937399999,8113.1509276,0.03496248975608385,0.017815133361967012,49.98489857717393,-0.06309999999999999,-0.19389986999999997,-0.134336,-0.43121606,0.10676399999999989,0.05436986999999999,-0.0011737964544932256,0
2009-02-09,8270.870117,-0.3454919999999999,-0.4092035,-0.0011737964544932256,8129.909960800001,8128.6349608,0.04209785075755201,0.016592693970542853,59.125418945436195,-0.1480559999999999,0.21591243,-0.197436,-0.62511593,-0.06309999999999999,-0.19389986999999997,-0.04618501180605605,0
2009-02-10,7888.879883,-0.257916,-0.71166015,-0.04618501180605605,8092.013964800001,8100.0499511,-0.02345525369176038,0.028153924855306597,40.91089638161637,0.08757599999999993,-0.30245665000000005,-0.3454919999999999,-0.4092035,-0.1480559999999999,0.21591243,0.0064204174421702565,1
2009-02-11,7939.529785,-0.23582,-0.4772461,0.0064204174421702565,8088.5878906,8056.4579101,-0.002152959993783621,0.02775885658482857,44.94128668671266,0.022095999999999977,0.23441405000000004,-0.257916,-0.71166015,0.08757599999999993,-0.30245665000000005,-0.0008526977268591418,0
2009-02-12,7932.759766,-0.227688,-0.65273196,-0.0008526977268591418,8062.525879000001,8034.8329101,-0.01616134559719773,0.02674073789325834,45.91642405344074,0.008132,-0.17548586,-0.23582,-0.4772461,0.022095999999999977,0.23441405000000004,-0.010380953467537535,0
2009-02-13,7850.410156,-0.239136,-0.5895386,-0.010380953467537535,7976.4899414,8019.7879394,-0.05195036780039319,0.020855225775125618,42.690062875702075,-0.011447999999999986,0.06319335999999998,-0.227688,-0.65273196,0.008132,-0.17548586,-0.03793560490242498,0
2009-02-17,7552.600098,-0.263292,-0.38768235,-0.03793560490242498,7832.835937600001,7981.3729492,-0.08684334403023253,0.023130242820413913,34.8700085451235,-0.02415600000000004,0.20185625000000001,-0.239136,-0.5895386,-0.011447999999999986,0.06319335999999998,0.0004011578742004751,1
2009-02-18,7555.629883,-0.134344,-0.5126563,0.0004011578742004751,7766.185937599999,7929.0999512,-0.04224300597073749,0.01753795086303295,27.941169515943642,0.12894800000000003,-0.12497394999999994,-0.263292,-0.38768235,-0.02415600000000004,0.20185625000000001,-0.011869253707328387,0
2009-02-19,7465.950195,-0.190804,-0.66265625,-0.011869253707328387,7671.4700196,7880.0289551,-0.059648317069699086,0.015437485457605463,30.160896139546992,-0.05646000000000001,-0.14999995,-0.134344,-0.5126563,0.12894800000000003,-0.12497394999999994,-0.013431682556248381,0
2009-02-20,7365.669922,-0.262136,-0.5511719,-0.013431682556248381,7558.0520508,7810.288964899999,-0.07148708151109795,0.0141084914857816,31.023567282079682,-0.07133199999999998,0.1114843499999999,-0.190804,-0.66265625,-0.05646000000000001,-0.14999995,-0.03406209342216571,0
2009-02-23,7114.779785,-0.2412079999999999,-0.63182616,-0.03406209342216571,7410.9259766000005,7693.707958999999,-0.09370597922680057,0.01614746370492344,27.90888047942363,0.020928000000000085,-0.08065425999999998,-0.262136,-0.5511719,-0.07133199999999998,0.1114843499999999,0.033192897480522676,1
2009-02-24,7350.939941,-0.1407479999999999,-0.54074705,0.033192897480522676,7370.5939452,7601.7149414,-0.026700759259503437,0.024751953717530483,31.39551960032324,0.10046,0.09107911000000002,-0.2412079999999999,-0.63182616,0.020928000000000085,-0.08065425999999998,-0.010889737182250725,0
2009-02-25,7270.890137,-0.310536,-0.5676563,-0.010889737182250725,7313.645995999999,7539.915966799999,-0.03768577212082047,0.024633227170880477,32.07895353108398,-0.16978800000000008,-0.026909249999999996,-0.1407479999999999,-0.54074705,0.10046,0.09107911000000002,-0.012214468562530612,0
2009-02-26,7182.080078,-0.119032,-0.71331054,-0.012214468562530612,7256.871972600001,7464.1709961,-0.03802196767802046,0.024649322001162238,26.763587484991987,0.19150399999999998,-0.14565424000000005,-0.310536,-0.5676563,-0.16978800000000008,-0.026909249999999996,-0.016589887707459283,0
2009-02-27,7062.930176,-0.214164,-0.7421973,-0.016589887707459283,7196.3240233999995,7377.188037099999,-0.04110145434236312,0.024879321506384087,16.126050005802057,-0.095132,-0.0288867599999999,-0.119032,-0.71331054,0.19150399999999998,-0.14565424000000005,-0.04242433799192624,0
2009-03-02,6763.290039,-0.179276,-0.63751113,-0.04242433799192624,7126.0260742,7268.476025399999,-0.049402758289306514,0.02722983343132035,13.886141437640433,0.034888,0.10468616999999991,-0.214164,-0.7421973,-0.095132,-0.0288867599999999,-0.005510634437542294,0
2009-03-03,6726.02002,-0.243072,-0.45575806,-0.005510634437542294,7001.04209,7185.8180176,-0.08501224687124675,0.014469147355726427,16.633185924895173,-0.06379600000000002,0.18175307000000002,-0.179276,-0.63751113,0.034888,0.10468616999999991,0.022274662215471697,1
2009-03-04,6875.839844,-0.361224,-0.63480467,0.022274662215471697,6922.0320314,7117.839013700001,-0.054333140173535854,0.023224393211339085,21.122211245880052,-0.11815199999999998,-0.17904660999999994,-0.243072,-0.45575806,-0.06379600000000002,0.18175307000000002,-0.04092589551013992,0
2009-03-05,6594.439941,-0.253772,-0.4917871,-0.04092589551013992,6804.504003999999,7030.6879883,-0.08182032650959259,0.026892624065510403,18.381256488045594,0.10745199999999999,0.14301756999999998,-0.361224,-0.63480467,-0.11815199999999998,-0.17904660999999994,0.004928394267106118,1
2009-03-06,6626.939941,-0.292644,-0.37984958,0.004928394267106118,6717.305957,6956.814990199999,-0.061729370691148144,0.02857110854252764,20.397379954092145,-0.03887200000000002,0.11193751999999996,-0.253772,-0.4917871,0.10745199999999999,0.14301756999999998,-0.01205535838731997,0
2009-03-09,6547.049805,-0.1190399999999999,-0.5820825,-0.01205535838731997,6674.057910199999,6900.0419922,-0.03197263946290452,0.023319943868850775,22.801939085857285,0.17360400000000012,-0.20223291999999993,-0.292644,-0.37984958,-0.03887200000000002,0.11193751999999996,0.057955940507772086,1
2009-03-10,6926.490234,-0.173352,-0.7338281,0.057955940507772086,6714.151952999999,6857.5970215,0.029805176523991284,0.03705576826234023,35.86190624297288,-0.05431200000000011,-0.15174560000000004,-0.1190399999999999,-0.5820825,0.17360400000000012,-0.20223291999999993,0.0005644515285401219,1
2009-03-11,6930.399902,-0.4303079999999999,-0.5415484,0.0005644515285401219,6725.0639646,6823.547998,0.007935039098912355,0.03599251817371286,37.482524364280096,-0.2569559999999999,0.19227969999999994,-0.173352,-0.7338281,-0.05431200000000011,-0.15174560000000004,0.034580999709820315,1
2009-03-12,7170.060059,-0.183644,-0.6759375,0.034580999709820315,6840.187988199999,6822.3459961,0.08728870429483537,0.028488398872949124,45.707656169282686,0.2466639999999999,-0.13438909999999993,-0.4303079999999999,-0.5415484,-0.2569559999999999,0.19227969999999994,0.0075201491418914745,1
2009-03-13,7223.97998,-0.224672,-0.56619173,0.0075201491418914745,6959.595995999999,6838.450976499999,0.09009287006000966,0.028231833800749225,52.622961658880776,-0.04102800000000001,0.10974576999999996,-0.183644,-0.6759375,0.2466639999999999,-0.13438909999999993,-0.0009703466813870687,0
2009-03-16,7216.970215,-0.166032,-0.5781543,-0.0009703466813870687,7093.580078000001,6883.8189941,0.10232401309798811,0.025624584391925692,46.38402387190649,0.05864,-0.011962570000000006,-0.224672,-0.56619173,-0.04102800000000001,0.10974576999999996,0.024765237305333754,1
2009-03-17,7395.700195,-0.379236,-0.3580864,0.024765237305333754,7187.4220702,6950.7870116,0.06774137335772079,0.015681007366737526,53.19837184216343,-0.213204,0.22006789999999998,-0.166032,-0.5781543,0.05864,-0.011962570000000006,0.01228820539013209,1
2009-03-18,7486.580078,-0.3570279999999999,-0.5447168,0.01228820539013209,7298.658105400001,7011.861035,0.08025224862413727,0.014098772093534944,57.794821961361684,0.022208000000000117,-0.18663039999999997,-0.379236,-0.3580864,-0.213204,0.22006789999999998,-0.011457871565693112,0
2009-03-19,7400.799805,-0.323216,-0.6369297,-0.011457871565693112,7344.8060546,7092.4970214,0.03218100603081697,0.013660426406797922,58.79937527101561,0.0338119999999999,-0.09221290000000004,-0.3570279999999999,-0.5447168,0.022208000000000117,-0.18663039999999997,-0.01654144487428144,0
2009-03-20,7278.379883,-0.33466,-0.6413672,-0.01654144487428144,7355.6860352,7157.6410156,0.0075304614839200035,0.017008022107860787,64.7790948012437,-0.01144400000000001,-0.004437499999999983,-0.323216,-0.6369297,0.0338119999999999,-0.09221290000000004,0.06835037302215508,1
2009-03-23,7775.859863,-0.23788,-0.3021461,0.06835037302215508,7467.463964799999,7280.5220214,0.07744103569090299,0.0340686856967931,73.829236775639,0.09678,0.33922110000000005,-0.33466,-0.6413672,-0.01144400000000001,-0.004437499999999983,-0.01490377270704668,0
2009-03-24,7659.970215,-0.3762999999999999,-0.39114487,-0.01490377270704668,7520.3179688,7353.8700195,0.03573292765148395,0.035933983616515945,68.07660281231676,-0.1384199999999999,-0.08899877,-0.23788,-0.3021461,0.09678,0.33922110000000005,0.011728484769310654,1
2009-03-25,7749.810059,-0.299752,-0.44748047,0.011728484769310654,7572.963965,7435.8110351999985,0.03516024383062777,0.03591638885188339,79.21511993868425,0.0765479999999999,-0.05633560000000004,-0.3762999999999999,-0.39114487,-0.1384199999999999,-0.08899877,0.022548939737827345,1
2009-03-26,7924.560059,-0.349176,-0.5931392,0.022548939737827345,7677.7160158,7511.2610352,0.07077076367423785,0.034641504847416744,80.61002923209642,-0.04942399999999997,-0.14565872999999996,-0.299752,-0.44748047,0.0765479999999999,-0.05633560000000004,-0.018724053057239898,0
2009-03-27,7776.180176,-0.231544,-0.63777345,-0.018724053057239898,7777.2760744,7566.4810548,0.06839438185449831,0.035136515598559216,78.08684136492849,0.11763199999999999,-0.044634249999999986,-0.349176,-0.5931392,-0.04942399999999997,-0.14565872999999996,-0.03268444792269942,0
2009-03-30,7522.02002,-0.241804,-0.4350293,-0.03268444792269942,7726.5081058,7596.9860352999995,-0.03264460104378297,0.022813107338185562,64.43492254746135,-0.010259999999999991,0.20274414999999996,-0.231544,-0.63777345,0.11763199999999999,-0.044634249999999986,0.011552734739996184,1
2009-03-31,7608.919922,-0.213844,-0.66111326,0.011552734739996184,7716.2980472,7618.308008,-0.006664555026602015,0.02341002690014067,65.81042587657385,0.027959999999999985,-0.22608396000000003,-0.241804,-0.4350293,-0.010259999999999991,0.20274414999999996,0.020065945964097942,1
2009-04-01,7761.600098,-0.121324,-0.6497885,0.020065945964097942,7718.6560549999995,7645.810010000001,0.001521332640444184,0.024808785246197965,64.36600165731977,0.09252,0.011324760000000045,-0.213844,-0.66111326,0.027959999999999985,-0.22608396000000003,0.027891153533635693,1
2009-04-02,7978.080078,-0.28562,-0.63454103,0.027891153533635693,7729.3600588,7703.538037300001,0.006753689618292036,0.02607566533971324,66.9736898774651,-0.164296,0.01524747000000004,-0.121324,-0.6497885,0.09252,0.011324760000000045,0.00495228997625019,1
2009-04-03,8017.589844,-0.178052,-0.54434085,0.00495228997625019,7777.6419924,7777.4590334,0.0310447626644601,0.02347796031797426,67.76092437524673,0.107568,0.09020017999999996,-0.28562,-0.63454103,-0.164296,0.01524747000000004,-0.00520602161149919,0
2009-04-06,7975.850098,-0.247656,-0.4001474,-0.00520602161149919,7868.408008,7797.4580569,0.06033353763926841,0.012878227855034816,63.702888045259236,-0.069604,0.14419345,-0.178052,-0.54434085,0.107568,0.09020017999999996,-0.023356762816632348,0
2009-04-07,7789.560059,-0.299516,-0.749834,-0.023356762816632348,7904.5360354,7810.4170413,0.023740575384123552,0.02036647615396369,56.847626334866,-0.05186000000000002,-0.3496866,-0.247656,-0.4001474,-0.069604,0.14419345,0.006104299041260974,1
2009-04-08,7837.109863,-0.135228,-0.60010743,0.006104299041260974,7919.6379884,7819.147021700001,0.009728633792851271,0.018646552278365803,60.03441217610825,0.16428800000000002,0.14972657,-0.299516,-0.749834,-0.05186000000000002,-0.3496866,0.03142357633171278,1
2009-04-09,8083.379883,-0.319524,-0.5985449,0.03142357633171278,7940.6979494,7835.0290041,0.01319863976928115,0.019894290162131036,67.51584846153739,-0.184296,0.001562529999999951,-0.135228,-0.60010743,0.16428800000000002,0.14972657,-0.003163258979548278,0
2009-04-13,8057.810059,-0.258636,-0.701377,-0.003163258979548278,7948.7419924000005,7863.1919924,0.005016496950152494,0.02000386589570211,57.72039537413226,0.060888,-0.10283209999999998,-0.319524,-0.5985449,-0.184296,0.001562529999999951,-0.017080308668516953,0
2009-04-14,7920.180176,-0.2383759999999999,-0.37504882,-0.017080308668516953,7937.608008,7903.008008,-0.006979810467345637,0.021590566197693006,57.04126907282904,0.020260000000000083,0.32632818,-0.258636,-0.701377,0.060888,-0.10283209999999998,0.013817860019350148,1
2009-04-15,8029.620117,-0.250024,-0.6427832,0.013817860019350148,7985.620019599999,7945.0780275,0.030818179227289688,0.018192794285647757,57.49217312936105,-0.01164800000000013,-0.26773438,-0.2383759999999999,-0.37504882,0.020260000000000083,0.32632818,0.011932078679183666,1
2009-04-16,8125.430176,-0.347848,-0.8915831,0.011932078679183666,8043.2840822,7981.4610353,0.03678911206300639,0.018369321268414795,55.61588811326492,-0.09782399999999997,-0.24879989999999996,-0.250024,-0.6427832,-0.01164800000000013,-0.26773438,0.000726103341263995,1
2009-04-17,8131.330078,-0.284552,-0.7341602,0.000726103341263995,8052.8741211999995,7996.7860353,0.005931948726156433,0.012528062373703049,60.78873570113312,0.06329599999999996,0.15742289999999992,-0.347848,-0.8915831,-0.09782399999999997,-0.24879989999999996,-0.035615341551997415,0
2009-04-20,7841.72998,-0.27796,-0.6429004,-0.035615341551997415,8009.6581054,7979.2000489,-0.026816228903119188,0.020955493973120617,59.507429165733356,0.006592000000000042,0.0912598,-0.284552,-0.7341602,0.06329599999999996,0.15742289999999992,0.016301259967637982,1
2009-04-21,7969.560059,-0.146532,-0.60313475,0.016301259967637982,8019.534082,7978.571045,0.006234691876029874,0.021550869344806524,60.46972885143403,0.131428,0.039765649999999986,-0.27796,-0.6429004,0.006592000000000042,0.0912598,-0.010413402293929619,0
2009-04-22,7886.569824,-0.1892159999999999,-0.9105029,-0.010413402293929619,7990.9240234,7988.272021500001,-0.01781532512318229,0.020780111237784442,53.780981997768855,-0.042683999999999916,-0.30736814999999995,-0.146532,-0.60313475,0.131428,0.039765649999999986,0.008938009372019717,1
2009-04-23,7957.060059,-0.17674,-0.61289006,0.008938009372019717,7957.25,8000.2670411,-0.020721378850477645,0.02026406945080832,49.302411220207986,0.012475999999999904,0.29761284,-0.1892159999999999,-0.9105029,-0.042683999999999916,-0.30736814999999995,0.014984174948527995,1
2009-04-24,8076.290039,-0.179864,-0.6416021,0.014984174948527995,7946.2419922,7999.5580567,-0.0067688850989968685,0.022024394359235866,51.850177160493644,-0.003123999999999988,-0.02871203999999994,-0.17674,-0.61289006,0.012475999999999904,0.29761284,-0.0063506930474664935,0
2009-04-27,8025.0,-0.146084,-0.7374207,-0.0063506930474664935,7982.895996199999,7996.2770508,0.023371120972977,0.012337408823086012,51.53988989685705,0.033780000000000004,-0.09581860000000009,-0.179864,-0.6416021,-0.003123999999999988,-0.02871203999999994,-0.0010030909657320342,0
2009-04-28,8016.950195,-0.284096,-0.47842774,-0.0010030909657320342,7992.3740234,8005.954052700001,0.005946392981439619,0.010566611937102482,58.019967953949795,-0.13801200000000002,0.25899296000000005,-0.146084,-0.7374207,0.033780000000000004,-0.09581860000000009,0.02105286685019747,1
2009-04-29,8185.72998,-0.118552,-0.7151172,0.02105286685019747,8052.206054600001,8021.565038999999,0.03793286088580761,0.011246135538434208,61.32707368515641,0.16554400000000002,-0.23668946000000002,-0.284096,-0.47842774,-0.13801200000000002,0.25899296000000005,-0.002151288039432653,0
2009-04-30,8168.120117,-0.320044,-0.32249025,-0.002151288039432653,8094.4180662,8025.8340331,0.0265248793442594,0.011967927469658149,53.233817663902585,-0.201492,0.39262695000000003,-0.118552,-0.7151172,0.16554400000000002,-0.23668946000000002,0.005422305054968657,1
2009-05-01,8212.410156,-0.261628,-0.74966156,0.005422305054968657,8121.6420896,8033.9420408999995,0.016854287840417204,0.010735376924188182,55.8166698131971,0.05841599999999997,-0.42717130999999997,-0.320044,-0.32249025,-0.201492,0.39262695000000003,0.026098316319894455,1
2009-05-04,8426.740234,-0.220472,-0.6011634,0.026098316319894455,8201.9901364,8092.4430663,0.050061088348909655,0.012951170506474496,68.01883868799999,0.041156000000000026,0.14849815999999993,-0.261628,-0.74966156,0.05841599999999997,-0.42717130999999997,-0.0019093792561781786,0
2009-05-05,8410.650391,-0.326552,-0.42269394,-0.0019093792561781786,8280.7301756,8136.5520995,0.04910847472216329,0.013146498772682006,64.51776140890311,-0.10608000000000001,0.17846946000000002,-0.220472,-0.6011634,0.041156000000000026,0.14849815999999993,0.012083474793905591,1
2009-05-06,8512.280273,-0.23608,-0.5291493,0.012083474793905591,8346.0402342,8199.1231444,0.039892629465894114,0.01174809650433421,64.67442539727053,0.090472,-0.10645536000000005,-0.326552,-0.42269394,-0.10608000000000001,0.17846946000000002,-0.012033281414017605,0
2009-05-07,8409.849609,-0.14536,-0.72411567,-0.012033281414017605,8394.3861326,8244.4020994,0.02959426263784959,0.014396347709601845,59.844179718789015,0.09072000000000002,-0.19496636999999994,-0.23608,-0.5291493,0.090472,-0.10645536000000005,0.019596162792689276,1
2009-05-08,8574.650391,-0.255224,-0.56677365,0.019596162792689276,8466.8341796,8294.2381346,0.04410888254714673,0.015614745259980274,78.4112629160646,-0.10986400000000002,0.15734201999999997,-0.14536,-0.72411567,0.09072000000000002,-0.19496636999999994,-0.018179267129492804,0
2009-05-11,8418.769531,-0.23178,-0.7067677,-0.018179267129492804,8465.240039,8333.6150877,-0.0009458821298229392,0.01588168897869763,67.04272585777488,0.023443999999999993,-0.13999404999999998,-0.255224,-0.56677365,-0.10986400000000002,0.15734201999999997,0.005979593670385253,1
2009-05-12,8469.110352,-0.214628,-0.6593881,0.005979593670385253,8476.9320312,8378.8311034,0.0069507063404463665,0.016046576722332655,72.66266670404273,0.017152,0.047379599999999966,-0.23178,-0.7067677,0.023443999999999993,-0.13999404999999998,-0.021752072690432667,0
2009-05-13,8284.889648,-0.154208,-0.39708078,-0.021752072690432667,8431.4539062,8388.747070200001,-0.02671324459572333,0.017528041684439027,61.716793498562836,0.06042,0.26230732,-0.214628,-0.6593881,0.017152,0.047379599999999966,0.005604258592775357,1
2009-05-14,8331.320312,-0.33992,-0.34655273,0.005604258592775357,8415.748046800001,8405.0670897,-0.009337776613265625,0.017603225085941327,59.61526563950915,-0.185712,0.05052805000000005,-0.154208,-0.39708078,0.06042,0.26230732,-0.007523497075213603,0
2009-05-15,8268.639648,-0.029264,-0.65985376,-0.007523497075213603,8354.5458982,8410.6900389,-0.03568783904253281,0.012942750626124284,59.10758533061318,0.310656,-0.31330103,-0.33992,-0.34655273,-0.185712,0.05052805000000005,0.028473901394039824,1
2009-05-18,8504.080078,-0.21758,-0.6702265,0.028473901394039824,8371.608007600002,8418.424023299998,0.010133374798522166,0.018603970625322677,65.56370178086118,-0.18831599999999998,-0.010372739999999991,-0.029264,-0.65985376,0.310656,-0.31330103,-0.0034372288045145805,0
2009-05-19,8474.849609,-0.12816,-0.5086609,-0.0034372288045145805,8372.755859,8424.843945100001,0.000677669408174042,0.018596828688231967,60.14166058903471,0.08942,0.16156559999999998,-0.21758,-0.6702265,-0.18831599999999998,-0.010372739999999991,-0.006231328275597914,0
2009-05-20,8422.040039,-0.420448,-0.44595703,-0.006231328275597914,8400.1859372,8415.819921699998,0.01655428096536049,0.014936445888458178,58.69228300233598,-0.292288,0.06270387,-0.12816,-0.5086609,0.08942,0.16156559999999998,-0.015425022369690011,0
2009-05-21,8292.129883,-0.298092,-0.46114257,-0.015425022369690011,8392.3478514,8404.047949099999,-0.0047039877873321645,0.016974305566380028,52.577881509342774,0.12235599999999996,-0.015185539999999997,-0.420448,-0.44595703,-0.292288,0.06270387,-0.0017859791403366243,0
2009-05-22,8277.320312,-0.232268,-0.42381835,-0.0017859791403366243,8394.0839842,8374.314941200002,0.0010498297627590247,0.016598341071702376,44.45238886304635,0.06582400000000002,0.037324219999999964,-0.298092,-0.46114257,0.12235599999999996,-0.015185539999999997,0.023699689586206274,1
2009-05-26,8473.490234,-0.126808,-0.6883984,0.023699689586206274,8387.9660154,8379.7870115,-0.0035970785457601906,0.014589533951039306,52.05791373558935,0.10546,-0.26458004999999996,-0.232268,-0.42381835,0.06582400000000002,0.037324219999999964,-0.020472166511026013,0
2009-05-27,8300.019531,-0.095088,-0.30082032,-0.020472166511026013,8352.9999998,8362.877929400001,-0.020629283829926237,0.017168340737699544,43.36115061760724,0.03172,0.38757808,-0.126808,-0.6883984,0.10546,-0.26458004999999996,0.01250361804720912,1
2009-05-28,8403.799805,-0.171952,-0.57057434,0.01250361804720912,8349.351953000001,8374.7689451,-0.0021657738404868843,0.01855942073213754,49.81094074066467,-0.07686399999999999,-0.26975402,-0.095088,-0.30082032,0.03172,0.38757808,0.01148650315807953,1
2009-05-29,8500.330078,-0.200516,-0.05336964,0.01148650315807953,8390.991992,8391.6699217,0.025108168581251977,0.016903408756361364,47.57393528552256,-0.028564000000000006,0.5172047,-0.171952,-0.57057434,-0.07686399999999999,-0.26975402,0.026011972472958833,1
2009-06-01,8721.44043,-0.138244,-0.6539258,0.026011972472958833,8479.816015600001,8436.9499999,0.053655060002467225,0.018567507904935648,59.476621776413886,0.062271999999999994,-0.60055616,-0.200516,-0.05336964,-0.028564000000000006,0.5172047,0.002227807110069202,1
2009-06-02,8740.870117,-0.100924,-0.49286133,0.002227807110069202,8533.2919922,8460.6290038,0.0315548700259467,0.017228355405366547,58.67674640851912,0.037320000000000006,0.16106447000000002,-0.138244,-0.6539258,0.062271999999999994,-0.60055616,-0.0075083924279296665,0
2009-06-03,8675.240234,-0.1723559999999999,-0.25916016,-0.0075083924279296665,8608.3361328,8480.6680663,0.04520720723590799,0.012512387365835452,63.484240342026055,-0.0714319999999999,0.23370117,-0.100924,-0.49286133,0.037320000000000006,0.16106447000000002,0.008645293729856673,1
2009-06-04,8750.240234,-0.0689719999999999,-0.59334475,0.008645293729856673,8677.6242186,8513.4880858,0.04122426010123159,0.012355997427914614,64.19103548151536,0.103384,-0.33418459,-0.1723559999999999,-0.25916016,-0.0714319999999999,0.23370117,0.0014730622994685305,1
2009-06-05,8763.129883,0.0074039999999999,-0.6222997,0.0014730622994685305,8730.1841796,8560.5880858,0.03091642354926427,0.012495313907722369,67.33580291239088,0.07637599999999979,-0.028954950000000035,-0.0689719999999999,-0.59334475,0.103384,-0.33418459,0.0001552357454657205,1
2009-06-08,8764.490234,-0.196152,-0.75516784,0.0001552357454657205,8738.7941404,8609.305078000001,0.004936088751110068,0.005772524859755273,60.92204575594995,-0.2035559999999999,-0.13286814000000002,0.0074039999999999,-0.6222997,0.07637599999999979,-0.028954950000000035,-0.0001632341370466639,0
2009-06-09,8763.05957,-0.389688,-0.47827148,-0.0001632341370466639,8743.232031000001,8638.2620116,0.0025385862852307373,0.005744207342944843,62.37663290703852,-0.19353599999999999,0.27689636,-0.196152,-0.75516784,-0.2035559999999999,-0.13286814000000002,-0.0027433385346711248,0
2009-06-10,8739.019531,-0.1986359999999999,-0.66881835,-0.0027433385346711248,8755.987890400002,8682.162011600001,0.007351876752650144,0.004290485752120438,63.95694928459022,0.19105200000000008,-0.19054686999999998,-0.389688,-0.47827148,-0.19353599999999999,0.27689636,0.0036503398220864014,1
2009-06-11,8770.919922,-0.131524,-0.334684,0.0036503398220864014,8760.123828,8718.8740233,0.0023633280283716918,0.0023423388169018216,73.07306767333998,0.0671119999999999,0.33413435,-0.1986359999999999,-0.66881835,0.19105200000000008,-0.19054686999999998,0.003231114210598962,1
2009-06-12,8799.259766,-0.1426639999999999,-0.57349676,0.003231114210598962,8767.349804599999,8748.7669921,0.004122942770720561,0.0026424494428494735,74.82867360061572,-0.0111399999999999,-0.23881276000000007,-0.131524,-0.334684,0.0671119999999999,0.33413435,-0.02126654832069652,0
2009-06-15,8612.129883,-0.257416,-0.5924805,-0.02126654832069652,8736.877734400001,8737.8359374,-0.01738382346630396,0.01029299956020166,56.65230623771986,-0.11475200000000008,-0.018983739999999916,-0.1426639999999999,-0.57349676,-0.0111399999999999,-0.23881276000000007,-0.012477745047961064,0
2009-06-16,8504.669922,-0.16018,-0.5212768,-0.012477745047961064,8685.1998048,8714.2159179,-0.02948623662043648,0.010769703240006985,60.48380319740394,0.09723599999999999,0.07120369999999998,-0.257416,-0.5924805,-0.11475200000000008,-0.018983739999999916,-0.000880720130080892,0
2009-06-17,8497.179688,-0.175948,-0.42552733,-0.000880720130080892,8636.831836199999,8696.4098633,-0.02767356705659252,0.01093800631279914,55.30723591394877,-0.015768000000000004,0.09574947,-0.16018,-0.5212768,0.09723599999999999,0.07120369999999998,0.006875213087761622,1
2009-06-18,8555.599609,-0.231912,-0.6772726,0.006875213087761622,8593.767773599999,8676.945800799998,-0.024549342020545928,0.011685582210051827,53.283478166762414,-0.055964000000000014,-0.25174527,-0.175948,-0.42552733,-0.015768000000000004,0.09574947,-0.0018548249947679674,0
2009-06-19,8539.730469,-0.244964,-0.60509765,-0.0018548249947679674,8541.861914199999,8654.6058594,-0.029494446567290833,0.011001795632832241,35.723372319411695,-0.01305199999999998,0.07217494999999996,-0.231912,-0.6772726,-0.055964000000000014,-0.25174527,-0.02350433701960919,0
2009-06-22,8339.009766,0.00484,-0.7651337,-0.02350433701960919,8487.2378908,8612.0578126,-0.03171342289427481,0.011798778662659047,25.426815798382123,0.249804,-0.16003604999999999,-0.244964,-0.60509765,-0.01305199999999998,0.07217494999999996,-0.0019306381035361087,0
2009-06-23,8322.910156,-0.33232,-0.2166504,-0.0019306381035361087,8450.8859376,8568.0428712,-0.021371760181993715,0.011368462951509211,27.066334757702805,-0.33716,0.5484833,0.00484,-0.7651337,0.249804,-0.16003604999999999,-0.002769440444263749,0
2009-06-24,8299.860352,-0.313288,-0.5269494,-0.002769440444263749,8411.4220704,8524.1269533,-0.02322174453703285,0.011258997816957165,18.557682211406913,0.019031999999999993,-0.310299,-0.33232,-0.2166504,-0.33716,0.5484833,0.02078830627052941,1
2009-06-25,8472.400391,-0.038548,-0.7804213,0.02078830627052941,8394.7822268,8494.2750002,-0.00972453384944294,0.01567047407884545,33.40302002927021,0.27474,-0.25347189999999997,-0.313288,-0.5269494,0.019031999999999993,-0.310299,-0.0040142983606071825,0
2009-06-26,8438.389648,-0.303404,-0.6188867,-0.0040142983606071825,8374.514062600001,8458.187988399999,-0.01186698120835028,0.01570022649259055,32.05282137198273,-0.264856,0.16153459999999997,-0.038548,-0.7804213,0.27474,-0.25347189999999997,0.010782890906390508,1
2009-06-29,8529.379883,-0.264828,-0.45338348,0.010782890906390508,8412.588086,8449.912988400001,0.022828863659109855,0.010856441895577057,38.29331107704829,0.038576,0.16550322,-0.303404,-0.6188867,-0.264856,0.16153459999999997,-0.009658367211922592,0
2009-06-30,8447.0,-0.069788,-0.6683301,-0.009658367211922592,8437.4060548,8444.1459962,0.014909429715583844,0.012447037628817713,36.178558173214434,0.19504,-0.21494662000000003,-0.264828,-0.45338348,0.038576,0.16550322,0.006755010062744038,1
2009-07-01,8504.05957,-0.11898,-0.59621096,0.006755010062744038,8478.2458984,8444.8339844,0.02460272936409047,0.012061237498966723,37.66316902914556,-0.049192,0.07211914000000008,-0.069788,-0.6683301,0.19504,-0.21494662000000003,-0.02626032122209121,0
2009-07-02,8280.740234,-0.146748,-0.57307374,-0.02626032122209121,8439.913867,8417.3480469,-0.02262170673656949,0.014667958639807806,29.690416555384658,-0.027767999999999987,0.02313721999999996,-0.11898,-0.59621096,-0.049192,0.07211914000000008,0.0053292195809748755,1
2009-07-06,8324.870117,-0.372876,-0.39432618,0.0053292195809748755,8417.209960799999,8395.8620117,-0.013452748182457452,0.015322543209526853,37.32907512277683,-0.226128,0.17874755999999997,-0.146748,-0.57307374,-0.027767999999999987,0.02313721999999996,-0.01937207628869486,0
2009-07-07,8163.600098,-0.3379719999999999,-0.60545164,-0.01937207628869486,8344.0540038,8378.3210449,-0.042884686813989825,0.014652949150311035,35.637340431094074,0.0349040000000001,-0.21112545999999993,-0.372876,-0.39432618,-0.226128,0.17874755999999997,0.0018141577027552813,1
2009-07-08,8178.410156,-0.274176,-0.7146582,0.0018141577027552813,8290.336035,8363.871044900001,-0.03179706925535697,0.015336184667814163,36.6586666707559,0.06379599999999991,-0.10920656000000006,-0.3379719999999999,-0.60545164,0.0349040000000001,-0.21112545999999993,0.0005819915985147972,1
2009-07-09,8183.169922,-0.345384,-0.41557616,0.0005819915985147972,8226.158105400002,8352.2020019,-0.037733701811310305,0.01422606507670765,33.67980638753863,-0.07120800000000005,0.29908204000000005,-0.274176,-0.7146582,0.06379599999999991,-0.10920656000000006,-0.00447869252983113,0
2009-07-10,8146.52002,-0.397632,-0.5556445,-0.00447869252983113,8199.3140626,8319.613964799999,-0.01620872170931098,0.009687114968145054,33.07738055220288,-0.05224799999999996,-0.14006834,-0.345384,-0.41557616,-0.07120800000000005,0.29908204000000005,0.02272868262097516,1
2009-07-13,8331.679688,-0.279244,-0.7563672,0.02272868262097516,8200.675976800001,8308.9429688,0.0008179792482401194,0.015126419563379519,49.68025232762578,0.118388,-0.20072270000000003,-0.397632,-0.5556445,-0.05224799999999996,-0.14006834,0.003337927889865533,1
2009-07-14,8359.490234,-0.303404,-0.42631835,0.003337927889865533,8239.854003999999,8291.9540039,0.023995557554073788,0.01044481029950711,51.57953327943096,-0.024160000000000015,0.33004885,-0.279244,-0.7563672,0.118388,-0.20072270000000003,0.030709973911550392,1
2009-07-15,8616.209961,-0.445792,-0.65908206,0.030709973911550392,8327.413965,8308.875,0.053531162738128746,0.015264159486544401,61.36632214050734,-0.14238800000000001,-0.23276371,-0.303404,-0.42631835,-0.024160000000000015,0.33004885,0.011096566986269485,1
2009-07-16,8711.820312,-0.232208,-0.784375,0.011096566986269485,8433.144043,8329.6510742,0.0646021523491469,0.014232518015803513,59.105637037198754,0.21358400000000002,-0.12529294000000002,-0.445792,-0.65908206,-0.14238800000000001,-0.23276371,0.003686958276189145,1
2009-07-17,8743.94043,-0.283172,-0.3581836,0.003686958276189145,8552.628125,8375.9710938,0.07333443096356618,0.012076784283498811,61.63746678139221,-0.05096399999999998,0.42619140000000005,-0.232208,-0.784375,0.21358400000000002,-0.12529294000000002,0.011917963283745614,1
2009-07-20,8848.150391,-0.251204,-0.26313484,0.011917963283745614,8655.9222656,8428.299121200002,0.06198878525585472,0.011123307554054966,62.01992441093837,0.031967999999999996,0.09504876000000001,-0.283172,-0.3581836,-0.05096399999999998,0.42619140000000005,0.00766149262889515,1
2009-07-21,8915.94043,-0.212768,-0.54245114,0.00766149262889515,8767.212304800001,8503.533154400002,0.0665650871552892,0.010412352991191937,67.87912368299604,0.03843599999999997,-0.2793163000000001,-0.251204,-0.26313484,0.031967999999999996,0.09504876000000001,-0.0038897370694973565,0
2009-07-22,8881.259766,-0.1117119999999999,-0.7732373,-0.0038897370694973565,8820.222265800001,8573.8181154,0.030761762561463568,0.006458910735417342,64.63105042824122,0.10105600000000012,-0.23078615999999996,-0.212768,-0.54245114,0.03843599999999997,-0.2793163000000001,0.021171576775609546,1
2009-07-23,9069.290039,-0.30748,-0.5989746,0.021171576775609546,8891.716211199999,8662.430127099999,0.04103272498717714,0.009338944243265744,81.44762479646315,-0.19576800000000008,0.1742627,-0.1117119999999999,-0.7732373,0.10105600000000012,-0.23078615999999996,0.0026408015287866515,1
2009-07-24,9093.240234,-0.13266,-0.6011328,0.0026408015287866515,8961.576172,8757.1021485,0.039947642232507796,0.009473551771569019,81.14413107282375,0.17481999999999998,-0.002158199999999999,-0.30748,-0.5989746,-0.19576800000000008,0.1742627,0.00167921792530068,1
2009-07-27,9108.509766,-0.264832,-0.31129396,0.00167921792530068,9013.648047,8834.785156299999,0.02942528816698542,0.009494591103710127,93.44129448859778,-0.132172,0.28983884000000004,-0.13266,-0.6011328,0.17481999999999998,-0.002158199999999999,-0.0012943982388874398,0
2009-07-28,9096.719727,-0.301712,-0.5633594,-0.0012943982388874398,9049.8039064,8908.5081056,0.02027596510085683,0.009903991571295446,92.33594162152922,-0.03687999999999997,-0.25206544,-0.264832,-0.31129396,-0.132172,0.28983884000000004,-0.002858173141558895,0
2009-07-29,9070.719727,-0.247444,-0.45435548,-0.002858173141558895,9087.6958986,8953.9590822,0.021332554839270434,0.009705708280764582,90.13189621548871,0.05426799999999998,0.10900391999999998,-0.301712,-0.5633594,-0.03687999999999997,-0.25206544,0.009231928283567115,1
2009-07-30,9154.459961,-0.279788,-0.43510178,0.009231928283567115,9104.729883000002,8998.2230471,0.009391024174301599,0.00466896858832611,93.71394955876576,-0.032343999999999984,0.019253699999999985,-0.247444,-0.45435548,0.05426799999999998,0.10900391999999998,0.001873446502913767,1
2009-07-31,9171.610352,-0.223028,-0.19420166,0.001873446502913767,9120.4039066,9040.990039299999,0.008618502973997133,0.004650277855351894,92.6416125294323,0.05675999999999998,0.24090012,-0.279788,-0.43510178,-0.032343999999999984,0.019253699999999985,0.012533155420730857,1
2009-08-03,9286.55957,-0.122832,-0.5639844,0.012533155420730857,9156.013867399999,9084.8309572,0.019547632771347523,0.006703028954523,93.23974096893883,0.10019600000000001,-0.36978274000000005,-0.223028,-0.19420166,0.05675999999999998,0.24090012,0.003621455259776196,1
2009-08-04,9320.19043,-0.270596,-0.42947266,0.003621455259776196,9200.708008,9125.2559572,0.024566075432302936,0.006083023289964616,91.46320702361443,-0.147764,0.13451174000000005,-0.122832,-0.5639844,0.10019600000000001,-0.36978274000000005,-0.004208143953127408,0
2009-08-05,9280.969727,-0.230728,-0.84195983,-0.004208143953127408,9242.758008,9165.2269533,0.02317897656722523,0.006526182282260918,85.90702028322676,0.039868000000000015,-0.41248716999999996,-0.270596,-0.42947266,-0.147764,0.13451174000000005,-0.0026624330998640255,0
2009-08-06,9256.259766,-0.151836,-0.5282129,-0.0026624330998640255,9263.117969,9183.923926,0.011120241437909906,0.006587941214206338,82.62673128014328,0.07889199999999999,0.31374693,-0.230728,-0.84195983,0.039868000000000015,-0.41248716999999996,0.01229552204423312,1
2009-08-07,9370.070312,-0.303308,-0.4606939,0.01229552204423312,9302.809961,9211.6069338,0.02163850756663721,0.007953558421902445,82.83660769680696,-0.15147200000000002,0.067519,-0.151836,-0.5282129,0.07889199999999999,0.31374693,-0.0034279483430198487,0
2009-08-10,9337.950195,-0.225728,-0.34208983,-0.0034279483430198487,9313.088086,9234.5509767,0.005533871248294853,0.006973687251988757,77.79844842479453,0.07758000000000001,0.11860407,-0.303308,-0.4606939,-0.15147200000000002,0.067519,-0.010334173773133948,0
2009-08-11,9241.450195,-0.2634519999999999,-0.49658692,-0.010334173773133948,9297.340038999999,9249.0240235,-0.008448350448564956,0.00837587548879275,71.93949840678518,-0.037723999999999897,-0.15449709,-0.225728,-0.34208983,0.07758000000000001,0.11860407,0.013002305316216711,1
2009-08-12,9361.610352,-0.0439199999999999,-0.795918,0.013002305316216711,9313.468164,9278.113086,0.008688814571326642,0.010369755802253881,69.41032900614529,0.219532,-0.29933108,-0.2634519999999999,-0.49658692,-0.037723999999999897,-0.15449709,0.00390745572872353,1
2009-08-13,9398.19043,-0.190408,-0.5502539,0.00390745572872353,9341.8542968,9302.4861329,0.015333478919999699,0.010079133759856381,69.91493702725279,-0.1464880000000001,0.24566410000000005,-0.0439199999999999,-0.795918,0.219532,-0.29933108,-0.00817072601070945,0
2009-08-14,9321.400391,-0.157936,-0.83264655,-0.00817072601070945,9332.1203126,9317.4651368,-0.005194189518265446,0.009547101837722413,62.86888847028259,0.032472,-0.28239265,-0.190408,-0.5502539,-0.1464880000000001,0.24566410000000005,-0.019960578796684225,0
2009-08-17,9135.339844,-0.27842,-0.62970704,-0.019960578796684225,9291.5982424,9302.3431642,-0.021697518916783953,0.012878072246335132,51.92826222017178,-0.12048400000000001,0.20293951,-0.157936,-0.83264655,0.032472,-0.28239265,0.009041873363282882,1
2009-08-18,9217.94043,-0.129636,-0.33923462,0.009041873363282882,9286.8962894,9292.1181642,-0.0025439475952290236,0.013512206560704893,56.9573460214379,0.148784,0.29047242,-0.27842,-0.62970704,-0.12048400000000001,0.20293951,0.006641367067285353,1
2009-08-19,9279.160156,-0.226232,-0.6429691,0.006641367067285353,9270.406250199998,9291.9372071,-0.008807266367627187,0.012162735207764,56.02123815914377,-0.09659599999999999,-0.30373448,-0.129636,-0.33923462,0.148784,0.29047242,0.007639662190135121,1
2009-08-20,9350.049805,-0.091788,-0.76759034,0.007639662190135121,9260.7781252,9301.316211000001,-0.005122329171616924,0.012696347820755254,58.190990724085864,0.134444,-0.12462124000000008,-0.226232,-0.6429691,-0.09659599999999999,-0.30373448,0.01667479417239326,1
2009-08-21,9505.959961,-0.3736919999999999,-0.474375,0.01667479417239326,9297.690039199999,9314.905175900001,0.019799553957385863,0.013967855203012967,59.706237142106644,-0.28190399999999993,0.29321534000000005,-0.091788,-0.76759034,0.134444,-0.12462124000000008,0.0003492873958677034,1
2009-08-24,9509.280273,-0.17282,-0.8148242,0.0003492873958677034,9372.478125000001,9332.0381837,0.04093339004192598,0.0058485597493558375,58.59583230917645,0.2008719999999999,-0.3404492,-0.3736919999999999,-0.474375,-0.28190399999999993,0.29321534000000005,0.003155839888872247,1
2009-08-25,9539.290039,-0.201892,-0.6560254,0.003155839888872247,9436.748046800001,9361.822168100001,0.03486132411467535,0.00618649452138328,61.84215001547103,-0.029071999999999987,0.15879880000000002,-0.17282,-0.8148242,0.2008719999999999,-0.3404492,0.00044337597270960316,1
2009-08-26,9543.519531,-0.1410759999999999,-0.6727246,0.00044337597270960316,9489.6199218,9380.013086,0.028489579935643494,0.006836156286928609,63.42083025061463,0.06081600000000009,-0.016699200000000025,-0.201892,-0.6560254,-0.029071999999999987,0.15879880000000002,0.0038885394302861087,1
2009-08-27,9580.629883,-0.282168,-0.7082618,0.0038885394302861087,9535.7359374,9398.2570313,0.024660839547260505,0.006769072678058449,60.596847706975105,-0.14109200000000008,-0.035537200000000047,-0.1410759999999999,-0.6727246,0.06081600000000009,-0.016699200000000025,-0.003802431410552809,0
2009-08-28,9544.200195,-0.15172,-0.56916016,-0.003802431410552809,9543.3839842,9420.5370117,0.004022764050857219,0.0030249593073109655,60.33512826725499,0.13044799999999998,0.13910164000000003,-0.282168,-0.7082618,-0.14109200000000008,-0.035537200000000047,-0.005020842084295651,0
2009-08-31,9496.280273,-0.223596,-0.7917383,-0.005020842084295651,9540.7839842,9456.631054599999,-0.001367085586583383,0.004018310112832477,63.42298240805527,-0.071876,-0.22257813999999998,-0.15172,-0.56916016,0.13044799999999998,0.13910164000000003,-0.019552989029602452,0
2009-09-01,9310.599609,-0.1817119999999999,-0.49861085,-0.019552989029602452,9495.0458982,9465.8969725,-0.023973527281907936,0.008967690830333863,47.48653885750342,0.04188400000000009,0.29312745,-0.223596,-0.7917383,-0.071876,-0.22257813999999998,-0.0032145821168242383,0
2009-09-02,9280.669922,-0.139716,-0.6423593,-0.0032145821168242383,9442.475976400001,9466.047949099999,-0.027542208945682156,0.008572593746137953,44.171191365620274,0.041995999999999895,-0.14374844999999997,-0.1817119999999999,-0.49861085,0.04188400000000009,0.29312745,0.006889635181230647,1
2009-09-03,9344.610352,-0.176668,-0.26964825,0.006889635181230647,9395.272070199999,9465.504003799999,-0.024635074507866728,0.009457237720624548,51.16603557978725,-0.036951999999999985,0.37271105,-0.139716,-0.6423593,0.041995999999999895,-0.14374844999999997,0.01034384263858712,1
2009-09-04,9441.269531,-0.196484,-0.45890626,0.01034384263858712,9374.6859374,9459.0349608,-0.010784629607195617,0.011726493450405733,66.88633984937778,-0.019816,-0.18925801000000003,-0.176668,-0.26964825,-0.036951999999999985,0.37271105,0.005938853118841347,1
2009-09-08,9497.339844,-0.15926,-0.48137102,0.005938853118841347,9374.8978516,9457.8409179,0.00011157747765855319,0.012065988168289028,65.8872552075893,0.03722399999999998,-0.022464759999999973,-0.196484,-0.45890626,-0.019816,-0.18925801000000003,0.005251984641942764,1
2009-09-09,9547.219727,-0.1705519999999999,-0.67214996,0.005251984641942764,9422.2218752,9458.6338867,0.02541405794867102,0.0050135535908064095,65.4415843439748,-0.011291999999999885,-0.19077894000000006,-0.15926,-0.48137102,0.03722399999999998,-0.022464759999999973,0.008406713608257954,1
2009-09-10,9627.480469,-0.157136,-0.79439455,0.008406713608257954,9491.583984599998,9467.0299805,0.03736912851278973,0.0020422636936636976,65.81070716923185,0.0134159999999999,-0.12224458999999999,-0.1705519999999999,-0.67214996,-0.011291999999999885,-0.19077894000000006,-0.0022924287482135597,0
2009-09-11,9605.410156,-0.1743799999999999,-0.51287836,-0.0022924287482135597,9543.743945400001,9469.5080078,0.027909114898962306,0.004818801896007636,56.687878819257314,-0.0172439999999999,0.28151619000000005,-0.157136,-0.79439455,0.0134159999999999,-0.12224458999999999,0.0022268334878587925,1
2009-09-14,9626.799805,-0.06322,-0.30138734,0.0022268334878587925,9580.850000200002,9477.7679688,0.019650987972625877,0.004106114580707676,57.715507212321,0.1111599999999999,0.21149101999999997,-0.1743799999999999,-0.51287836,-0.0172439999999999,0.28151619000000005,0.005880495299237065,1
2009-09-15,9683.410156,0.0384681818181818,-0.5047753,0.005880495299237065,9618.0640626,9496.4809571,0.019591834667004315,0.00409896975526169,59.14258135220813,0.10168818181818179,-0.20338796000000003,-0.06322,-0.30138734,0.1111599999999999,0.21149101999999997,0.0111840563660206,1
2009-09-16,9791.709961,-0.092444,-0.63714266,0.0111840563660206,9666.9621094,9544.5919923,0.02560852698388949,0.00527874461019651,63.90810635794003,-0.1309121818181818,-0.13236735999999993,0.0384681818181818,-0.5047753,0.10168818181818179,-0.20338796000000003,-0.0007955749333904416,0
2009-09-17,9783.919922,-0.371056,-0.34678197,-0.0007955749333904416,9698.25,9594.9169923,0.016249262047710822,0.005431399082265501,61.77904826223777,-0.27861199999999997,0.29036069,-0.092444,-0.63714266,-0.1309121818181818,-0.13236735999999993,0.003708153101132927,1
2009-09-18,9820.200195,-0.191944,-0.39409178,0.003708153101132927,9741.2080078,9642.4759766,0.022361360474110636,0.004483365661269572,65.99478430946424,0.179112,-0.04730981000000001,-0.371056,-0.34678197,-0.27861199999999997,0.29036069,-0.004209674159295407,0
2009-09-21,9778.860352,-0.143764,-0.5046875,-0.004209674159295407,9771.620117199998,9676.2350587,0.015795544737621015,0.005959142251653249,66.50196756154624,0.04818,-0.11059571999999995,-0.191944,-0.39409178,0.179112,-0.04730981000000001,0.005216330243387413,1
2009-09-22,9829.870117,-0.187576,-0.53939456,0.005216330243387413,9800.9121094,9709.488086000001,0.015124832950430322,0.005890162050666681,85.98397240912962,-0.04381199999999999,-0.03470706000000001,-0.143764,-0.5046875,0.04818,-0.11059571999999995,-0.008272775838549795,0
2009-09-23,9748.549805,-0.1229759999999999,-0.40158784,-0.008272775838549795,9792.2800782,9729.6210938,-0.004407826229729572,0.005566932544881634,80.26699658503341,0.06460000000000009,0.13780672,-0.187576,-0.53939456,-0.04381199999999999,-0.03470706000000001,-0.0042169733778161245,0
2009-09-24,9707.44043,-0.21416,-0.7555964,-0.0042169733778161245,9776.984179800002,9737.617089899999,-0.007816855882888829,0.005762239217602481,74.1857746688429,-0.09118400000000008,-0.35400855999999997,-0.1229759999999999,-0.40158784,0.06460000000000009,0.13780672,-0.004352331626927164,0
2009-09-25,9665.19043,-0.0628,-0.5517096,-0.004352331626927164,9745.9822268,9743.5951173,-0.01578478665627636,0.00499859473776173,66.09365553114415,0.15136,0.20388679999999992,-0.21416,-0.7555964,-0.09118400000000008,-0.35400855999999997,0.012847126282642618,1
2009-09-28,9789.360352,-0.0617679999999999,-0.6517138,0.012847126282642618,9748.082226800001,9759.851171999999,0.0010737447536872669,0.008618655323677695,69.11678781878769,0.0010320000000000953,-0.10000419999999999,-0.0628,-0.5517096,0.15136,0.20388679999999992,-0.0048174911643092955,0
2009-09-29,9742.200195,-0.316792,-0.6077917,-0.0048174911643092955,9730.548242399998,9765.7301759,-0.00891872638768465,0.008335009148827545,62.809786883893935,-0.25502400000000014,0.043922099999999964,-0.0617679999999999,-0.6517138,0.0010320000000000953,-0.10000419999999999,-0.0030711668207511478,0
2009-09-30,9712.280273,-0.237264,-0.42518562,-0.0030711668207511478,9723.294336,9757.787207099998,-0.0037205053803385235,0.007612604140438093,55.96576969076556,0.07952800000000002,0.18260608000000006,-0.316792,-0.6077917,-0.25502400000000014,0.043922099999999964,-0.020901373755073505,0
2009-10-01,9509.280273,-0.193332,-0.8223242,-0.020901373755073505,9683.662304599999,9730.3232422,-0.02041322410669688,0.011949056722799627,44.60943496409841,0.043932,-0.39713857999999996,-0.237264,-0.42518562,0.07952800000000002,0.18260608000000006,-0.0022725537979314536,0
2009-10-02,9487.669922,-0.294204,-0.47407475,-0.0022725537979314536,9648.158202999999,9697.0702149,-0.018366995382624984,0.011972471287476864,42.200103991599654,-0.10087200000000002,0.34824944999999996,-0.193332,-0.8223242,0.043932,-0.39713857999999996,0.011813235380386589,1
2009-10-05,9599.75,-0.227016,-0.14089805,0.011813235380386589,9610.2361326,9679.1591797,-0.019369023631994664,0.011620211338726698,45.58446967545573,0.06718800000000003,0.3331767,-0.294204,-0.47407475,-0.10087200000000002,0.34824944999999996,0.013698273392536153,1
2009-10-06,9731.25,-0.245012,-0.56326175,0.013698273392536153,9608.046093599998,9669.297168000001,-0.001123996097474933,0.013951268632072421,46.885241273153156,-0.017996000000000012,-0.4223637,-0.227016,-0.14089805,0.06718800000000003,0.3331767,-0.0005826509441232419,0
2009-10-07,9725.580078,-0.427904,-0.23898296,-0.0005826509441232419,9610.7060546,9667.0001953,0.0013693802717960057,0.013864979947433808,46.987884966265554,-0.182892,0.32427879000000004,-0.245012,-0.56326175,-0.017996000000000012,-0.4223637,0.006301941735963101,1
2009-10-08,9786.870117,-0.11154,-0.52267575,0.006301941735963101,9666.224023400002,9674.943164,0.029191467285717643,0.007153629796147295,48.322474228941104,0.316364,-0.28369279000000003,-0.427904,-0.23898296,-0.182892,0.32427879000000004,0.007977045987806797,1
2009-10-09,9864.94043,-0.117848,-0.51329726,0.007977045987806797,9741.678125,9694.918164,0.039764295248635007,0.005554984427791154,54.17799492140331,-0.006307999999999994,0.009378490000000017,-0.11154,-0.52267575,0.316364,-0.28369279000000003,0.0021144957892056393,1
2009-10-12,9885.799805,-0.206428,-0.5163004,0.0021144957892056393,9798.888086,9704.5621093,0.029797630667465436,0.0055146063755470535,52.796457089800064,-0.08858,-0.0030031400000000152,-0.117848,-0.51329726,-0.006307999999999994,0.009378490000000017,-0.001491051335325011,0
2009-10-13,9871.05957,-0.1826759999999999,-0.35685304,-0.001491051335325011,9826.85,9717.4480468,0.014367072061656883,0.004164442161613059,56.562345640154525,0.023752000000000106,0.15944735999999998,-0.206428,-0.5163004,-0.08858,-0.0030031400000000152,0.01466922380248592,1
2009-10-14,10015.860352,-0.296268,-0.52486724,0.01466922380248592,9884.906054800002,9747.8060547,0.029847091039498563,0.006130489750993013,64.86904100155334,-0.11359200000000008,-0.16801419999999995,-0.1826759999999999,-0.35685304,0.023752000000000106,0.15944735999999998,0.004700552558183357,1
2009-10-15,10062.94043,-0.0909759999999999,-0.49941406,0.004700552558183357,9940.1201174,9803.1720704,0.028208233040761366,0.0061469859593827865,69.08678688239567,0.20529200000000009,0.025453179999999964,-0.296268,-0.52486724,-0.11359200000000008,-0.16801419999999995,-0.006661102136724106,0
2009-10-16,9995.910156,-0.191616,-0.8224902,-0.006661102136724106,9966.3140626,9853.9960938,0.013276281486881647,0.007949793265154128,60.48676820624454,-0.1006400000000001,-0.32307613999999996,-0.0909759999999999,-0.49941406,0.20529200000000009,0.025453179999999964,0.00963196672413158,1
2009-10-19,10092.19043,-0.215396,-0.23319946,0.00963196672413158,10007.592187600001,9903.2401368,0.020877483771784666,0.0085104133661483,66.92521151516783,-0.023779999999999996,0.5892907399999999,-0.191616,-0.8224902,-0.1006400000000001,-0.32307613999999996,-0.005024673419683046,0
2009-10-20,10041.480469,0.033692,-0.7450537,-0.005024673419683046,10041.676367400001,9934.263183699999,0.017264701706181773,0.009215546411579638,65.60602202543885,0.249088,-0.51185424,-0.215396,-0.23319946,-0.023779999999999996,0.5892907399999999,-0.009173957693229928,0
2009-10-21,9949.360352,-0.124608,-0.70363134,-0.009173957693229928,10028.3763674,9956.641211099999,-0.006639469567556566,0.008064245118104715,73.31323318517263,-0.1583,0.04142235999999999,0.033692,-0.7450537,0.249088,-0.51185424,0.013262080508871676,1
2009-10-22,10081.30957,-0.189452,-0.41721192,0.013262080508871676,10032.0501954,9986.0851564,0.0018254246984545919,0.010266559795392878,78.1564473313912,-0.06484400000000001,0.28641942000000004,-0.124608,-0.70363134,-0.1583,0.04142235999999999,-0.010824970827673863,0
2009-10-23,9972.179688,-0.070204,-0.14547852,-0.010824970827673863,10027.3041018,9996.8090822,-0.0023740177362193693,0.011116872288324796,67.7139884463204,0.119248,0.2717334,-0.189452,-0.41721192,-0.06484400000000001,0.28641942000000004,-0.010451047841166794,0
2009-10-26,9867.959961,-0.379872,-0.45046872,-0.010451047841166794,9982.458008,9995.0250978,-0.02221821620938247,0.01016140209091832,56.67561573797911,-0.309668,-0.3049902,-0.070204,-0.14547852,0.119248,0.2717334,0.001440009997624614,1
2009-10-27,9882.169922,-0.33138,-0.56221706,0.001440009997624614,9950.5958986,9996.136133,-0.015865244919991972,0.010475246066185544,57.58311500390779,0.04849199999999998,-0.11174834000000006,-0.379872,-0.45046872,-0.309668,-0.3049902,-0.012090410602433543,0
2009-10-28,9762.69043,-0.321716,-0.09888428,-0.012090410602433543,9913.2619142,9970.8191408,-0.018762002319322457,0.010964343606043737,48.89153125139016,0.009664000000000006,0.46333278000000006,-0.33138,-0.56221706,0.04849199999999998,-0.11174834000000006,0.020474852647765385,1
2009-10-29,9962.580078,-0.18698,-0.46259767,0.020474852647765385,9889.516015800002,9960.783105600001,-0.011777189379573727,0.013853230372708608,54.02638047814215,0.134736,-0.36371339,-0.321716,-0.09888428,0.009664000000000006,0.46333278000000006,-0.025078805594921594,0
2009-10-30,9712.730469,-0.201724,-0.42366737,-0.025078805594921594,9837.626172,9932.4651369,-0.026017302848263757,0.017128109988891308,43.99685654820189,-0.01474399999999998,0.03893030000000003,-0.18698,-0.46259767,0.134736,-0.36371339,0.00789787807299236,1
2009-11-02,9789.44043,-0.0532199999999999,-0.88843834,0.00789787807299236,9821.9222658,9902.1901369,-0.007957017591307958,0.017663314171649593,47.28562132826369,0.14850400000000008,-0.46477097,-0.201724,-0.42366737,-0.01474399999999998,0.03893030000000003,-0.0017907329969830688,0
2009-11-03,9771.910156,-0.170116,-0.5033789,-0.0017907329969830688,9799.8703126,9875.2331056,-0.011157444859811183,0.01758912642282083,41.13674470269291,-0.11689600000000008,0.38505944000000003,-0.0532199999999999,-0.88843834,0.14850400000000008,-0.46477097,0.003093508998487815,1
2009-11-04,9802.139648,-0.1944519999999999,-0.71473634,0.003093508998487815,9807.760156200002,9860.511035200001,0.004040814187734165,0.01672642482279782,40.40706567812951,-0.024335999999999913,-0.21135744,-0.170116,-0.5033789,-0.11689600000000008,0.38505944000000003,0.020793451258530826,1
2009-11-05,10005.959961,-0.266256,-0.4780664,0.020793451258530826,9816.4361328,9852.9760743,0.004354281989240372,0.016819892030359128,50.3358604837595,-0.07180400000000009,0.23666993999999997,-0.1944519999999999,-0.71473634,-0.024335999999999913,-0.21135744,0.0017449561129618818,1
2009-11-06,10023.419922,-0.2050679999999999,-0.55406684,0.0017449561129618818,9878.5740234,9858.1000977,0.031987859026009424,0.008790504584901089,47.57390325065461,0.0611880000000001,-0.07600043999999995,-0.266256,-0.4780664,-0.07180400000000009,0.23666993999999997,0.020304497824470413,1
2009-11-09,10226.94043,-0.06792,-0.73530275,0.020304497824470413,9966.0740234,9893.9981446,0.044691012027538335,0.010847734877539046,55.9059236868404,0.13714799999999988,-0.18123591000000006,-0.2050679999999999,-0.55406684,0.0611880000000001,-0.07600043999999995,0.0019584837847734793,1
2009-11-10,10246.969727,-0.186936,-0.4415212,0.0019584837847734793,10061.0859376,9930.478125099999,0.04861481157891223,0.010028787628022087,59.933375929040054,-0.119016,0.29378155,-0.06792,-0.73530275,0.13714799999999988,-0.18123591000000006,0.004322257231159643,1
2009-11-11,10291.259766,-0.0723519999999999,-0.62711173,0.004322257231159643,10158.909961199999,9983.335058699999,0.04989932153229404,0.009843477051558249,57.443098949587466,0.11458400000000009,-0.18559052999999998,-0.186936,-0.4415212,-0.119016,0.29378155,-0.009113562492112037,0
2009-11-12,10197.469727,-0.250424,-0.32460153,-0.009113562492112037,10197.211914399999,10006.8240236,0.019139569491227526,0.010571616464797144,58.074747860262256,-0.17807200000000006,0.30251019999999995,-0.0723519999999999,-0.62711173,0.11458400000000009,-0.18559052999999998,0.007158638559790598,1
2009-11-13,10270.469727,-0.200892,-0.5806152,0.007158638559790598,10246.621875399998,10062.5979494,0.024647256816783703,0.010580203720209728,64.7568275992254,0.04953199999999999,-0.25601366999999997,-0.250424,-0.32460153,-0.17807200000000006,0.30251019999999995,0.013289580479574514,1
2009-11-16,10406.959961,-0.352828,-0.65972656,0.013289580479574514,10282.6257816,10124.349902500002,0.01760248162509348,0.008236704387923614,67.65675157971563,-0.151936,-0.07911135999999996,-0.200892,-0.5806152,0.04953199999999999,-0.25601366999999997,0.0029268836542224452,1
2009-11-17,10437.419922,-0.102768,-0.4563318,0.0029268836542224452,10320.715820599999,10190.9008791,0.01858600152766887,0.00820202912005121,74.14803169081932,0.25005999999999995,0.20339475999999995,-0.352828,-0.65972656,-0.151936,-0.07911135999999996,-0.001064473029065427,0
2009-11-18,10426.30957,-0.241016,-0.8663815,-0.001064473029065427,10347.7257814,10253.3178713,0.013122766995560031,0.008452563383595397,69.18949410523977,-0.138248,-0.4100497,-0.102768,-0.4563318,0.25005999999999995,0.20339475999999995,-0.00900310309892316,0
2009-11-19,10332.44043,-0.144012,-0.44783202,-0.00900310309892316,10374.719922,10285.9659182,0.013235705190929536,0.00841422335778525,79.44523066587226,0.097004,0.41854948000000003,-0.241016,-0.8663815,-0.138248,-0.4100497,-0.001382081425656101,0
2009-11-20,10318.160156,-0.303844,-0.6004496,-0.001382081425656101,10384.2580078,10315.4399416,0.004643451591568981,0.008135327675645988,76.70625671589062,-0.159832,-0.15261758000000003,-0.144012,-0.44783202,0.097004,0.41854948000000003,0.012869546216801364,1
2009-11-23,10450.950195,-0.422672,-0.49935547,0.012869546216801364,10393.0560546,10337.840918099999,0.004227001368781291,0.007976717669920919,80.72191100981851,-0.11882799999999999,0.10109413,-0.303844,-0.6004496,-0.159832,-0.15261758000000003,-0.0016496331604610726,0
2009-11-24,10433.709961,-0.3372,-0.47222656,-0.0016496331604610726,10392.314062399999,10356.514941500001,-0.00035544809231813357,0.007944102689893163,78.91407255834616,0.08547199999999999,0.027128910000000006,-0.422672,-0.49935547,-0.11882799999999999,0.10109413,0.002941468577784434,1
2009-11-25,10464.400391,-0.174308,-0.34314454,0.002941468577784434,10399.9322266,10373.829004,0.003653336853683964,0.008017369087480271,74.94179542291573,0.162892,0.12908202000000002,-0.3372,-0.47222656,0.08547199999999999,0.027128910000000006,-0.01476247689574861,0
2009-11-27,10309.919922,-0.165768,-0.82777345,-0.01476247689574861,10395.428125,10385.0740235,-0.002179592338574121,0.009950540462641244,63.56481403938203,0.008539999999999992,-0.48462891,-0.174308,-0.34314454,0.162892,0.12908202000000002,0.003387021651398703,1
2009-11-30,10344.839844,-0.272344,-0.46350402,0.003387021651398703,10400.764062600001,10392.5110352,0.0025857020628319294,0.010060431270319477,56.64266637029373,-0.10657599999999998,0.36426943,-0.165768,-0.82777345,0.008539999999999992,-0.48462891,0.012251541436236968,1
2009-12-01,10471.580078,-0.22202,-0.40562096,0.012251541436236968,10404.890039200001,10398.973046899999,0.001973971994419399,0.009873404395975147,61.29658714234821,0.05032399999999998,0.05788306000000004,-0.272344,-0.46350402,-0.10657599999999998,0.36426943,-0.0018049224528883245,0
2009-12-02,10452.679688,-0.479924,-0.4843501,-0.0018049224528883245,10408.6839846,10400.4990235,0.0018181190651174184,0.00988183626679421,58.33125003810283,-0.257904,-0.07872914000000003,-0.22202,-0.40562096,0.05032399999999998,0.05788306000000004,-0.008278192729787692,0
2009-12-03,10366.150391,-0.244,-0.67009765,-0.008278192729787692,10389.0339846,10394.4831056,-0.009388975605759575,0.010420355688427824,58.77173649379632,0.23592400000000002,-0.18574754999999998,-0.479924,-0.4843501,-0.257904,-0.07872914000000003,0.002194643058598844,1
2009-12-04,10388.900391,-0.256996,-0.4620996,0.002194643058598844,10404.830078399998,10400.1291017,0.007660628753426657,0.0075193430452617374,56.49824620873709,-0.012996000000000008,0.20799805,-0.244,-0.67009765,0.23592400000000002,-0.18574754999999998,0.00011646670527798442,1
2009-12-07,10390.110352,-0.200056,-0.425,0.00011646670527798442,10413.88418,10407.324121299998,0.0043761439212861575,0.007461622838868244,48.91428832719727,0.05693999999999999,0.03709960000000001,-0.256996,-0.4620996,-0.012996000000000008,0.20799805,-0.010023052833115886,0
2009-12-08,10285.969727,-0.156396,-0.50187767,-0.010023052833115886,10376.762109799998,10390.826074499999,-0.01772515223275184,0.005332565307574215,41.08750948434598,0.043660000000000004,-0.07687767000000006,-0.200056,-0.425,0.05693999999999999,0.03709960000000001,0.004965995366087661,1
2009-12-09,10337.049805,-0.100132,-0.8516211,0.004965995366087661,10353.6361332,10381.160058899999,-0.01106222389391176,0.006598766194032367,44.98327064733847,0.05626400000000001,-0.34974342999999997,-0.156396,-0.50187767,0.043660000000000004,-0.07687767000000006,0.006653762369097871,1
2009-12-10,10405.830078,-0.29424,-0.3043869,0.006653762369097871,10361.5720706,10375.3030276,0.003827813171073835,0.006541618134897622,54.24447150683774,-0.194108,0.5472342,-0.100132,-0.8516211,0.05626400000000001,-0.34974342999999997,0.006310877797133907,1
2009-12-11,10471.5,-0.2418079999999999,-0.6058789,0.006310877797133907,10378.0919924,10391.4610354,0.007950755699954293,0.00700640637257347,58.3707927691658,0.05243200000000009,-0.301492,-0.29424,-0.3043869,-0.194108,0.5472342,0.002821926658072016,1
2009-12-14,10501.049805,-0.3685239999999999,-0.79211915,0.002821926658072016,10400.279883,10407.0820315,0.010677408539616406,0.006967087378528258,53.08236383930126,-0.126716,-0.18624025,-0.2418079999999999,-0.6058789,0.05243200000000009,-0.301492,-0.004670942992446858,0
2009-12-15,10452.0,-0.416492,-0.33704102,-0.004670942992446858,10433.4859376,10405.1240237,0.0161414312317274,0.004658812228118871,51.08290286279839,-0.047968000000000066,0.45507812999999997,-0.3685239999999999,-0.79211915,-0.126716,-0.18624025,-0.0010409379066207425,0
2009-12-16,10441.120117,-0.279592,-0.49573842,-0.0010409379066207425,10454.3,10403.9680666,0.010067699581911782,0.00486478167968577,48.58852795898712,0.13689999999999997,-0.1586974,-0.416492,-0.33704102,-0.047968000000000066,0.45507812999999997,-0.012724722013654488,0
2009-12-17,10308.259766,-0.292668,-0.4806836,-0.012724722013654488,10434.785937600001,10398.1790041,-0.009376504446895084,0.0073365203941514415,49.89663568903559,-0.013075999999999977,0.015054820000000024,-0.279592,-0.49573842,0.13689999999999997,-0.1586974,0.002001296287472698,1
2009-12-18,10328.889648,-0.275656,-0.43607423,0.002001296287472698,10406.2638672,10392.1779298,-0.013618903881965294,0.006319087049498551,48.98892035904803,0.01701199999999997,0.04460936999999998,-0.292668,-0.4806836,-0.013075999999999977,0.015054820000000024,0.008253549307355224,1
2009-12-21,10414.139648,-0.20206,-0.663833,0.008253549307355224,10388.8818358,10394.580859400001,-0.008276330330194037,0.007803169915590936,46.15670102957032,0.07359600000000002,-0.22775877,-0.275656,-0.43607423,0.01701199999999997,0.04460936999999998,0.004877026976467969,1
2009-12-22,10464.929688,-0.275268,-0.4493164,0.004877026976467969,10391.4677734,10412.476855500001,0.0012370539609645181,0.00803959653491801,50.78609297241327,-0.07320800000000002,0.2145166,-0.20206,-0.663833,0.07359600000000002,-0.22775877,0.00014436236506520927,1
2009-12-23,10466.44043,-0.210572,-0.819458,0.00014436236506520927,10396.531836,10425.415918,0.0024250571505997076,0.008008573566913835,57.22393153480606,0.064696,-0.3701416,-0.275268,-0.4493164,-0.07320800000000002,0.2145166,0.005125850986188674,1
2009-12-24,10520.089844,-0.2259652173913043,-0.7798913,0.005125850986188674,10438.8978516,10436.8418946,0.02054954791677699,0.0031208100693265154,59.0469148118882,-0.015393217391304281,0.039566700000000066,-0.210572,-0.819458,0.064696,-0.3701416,0.0025655896860419247,1
2009-12-28,10547.080078,0.039308,-0.65215576,0.0025655896860419247,10482.535937600001,10444.3999024,0.02112428706625291,0.003035872823131892,60.45306565063839,0.2652732173913043,0.12773553999999998,-0.2259652173913043,-0.7798913,-0.015393217391304281,0.039566700000000066,-0.00015833026654310522,0
2009-12-29,10545.410156,-0.130672,-0.5372656,-0.00015833026654310522,10508.7900392,10448.8359375,0.012605026669217922,0.002508226818097775,70.00742554659996,-0.16998000000000002,0.11489015999999996,0.039308,-0.65215576,0.2652732173913043,0.12773553999999998,0.0002939297717343692,1
2009-12-30,10548.509766,-0.34476,-0.61286134,0.0002939297717343692,10525.5060548,10458.4869141,0.007986683187736876,0.002251679969896591,67.61051352548378,-0.214088,-0.07559574000000002,-0.130672,-0.5372656,-0.16998000000000002,0.11489015999999996,-0.011419618853486413,0
2009-12-31,10428.049805,-0.33006,-0.42990234,-0.011419618853486413,10517.827929800002,10457.1798829,-0.0036679733914083412,0.006340237227500254,51.703811123109766,0.01469999999999999,0.18295900000000004,-0.34476,-0.61286134,-0.214088,-0.07559574000000002,0.014951036762908876,1
2010-01-04,10583.959961,-0.157436,-0.5089795,0.014951036762908876,10530.601953200001,10484.7499024,0.006071252046999209,0.009392361662697989,57.575103768213985,0.17262400000000003,-0.07907716000000004,-0.33006,-0.42990234,0.01469999999999999,0.18295900000000004,-0.0011281628090051843,0
2010-01-05,10572.019531,-0.301172,-0.5652051,-0.0011281628090051843,10535.5898438,10509.062890700001,0.0023645836397905295,0.009407925555226272,54.89655465713817,-0.143736,-0.05622559999999999,-0.157436,-0.5089795,0.17262400000000003,-0.07907716000000004,0.00015703309997983084,1
2010-01-06,10573.679688,-0.386552,-0.31522238,0.00015703309997983084,10541.2437502,10525.016894700002,0.0026807427669293116,0.009403399497350681,58.98269212392551,-0.08538000000000001,0.24998272,-0.301172,-0.5652051,-0.143736,-0.05622559999999999,0.00313804323367739,1
2010-01-07,10606.860352,-0.078816,-0.5324219,0.00313804323367739,10552.9138674,10539.2099611,0.005531642601126041,0.009468259144013646,61.84533052565513,0.307736,-0.21719951999999998,-0.386552,-0.31522238,-0.08538000000000001,0.24998272,0.0010681839511410551,1
2010-01-08,10618.19043,-0.381872,-0.46901366,0.0010681839511410551,10590.941992400001,10554.3849611,0.01823357469091036,0.006512913088324219,76.807304683822,-0.303056,0.06340824,-0.078816,-0.5324219,0.307736,-0.21719951999999998,0.004313334207173503,1
2010-01-11,10663.990234,-0.305844,-0.40041023,0.004313334207173503,10606.948047000002,10568.7750001,0.007561467852760018,0.0022076475497865918,77.77500768631172,0.07602799999999998,0.06860343000000002,-0.381872,-0.46901366,-0.303056,0.06340824,-0.0034443456149175766,0
2010-01-12,10627.259766,-0.254968,-0.69862914,-0.0034443456149175766,10617.996093999998,10576.7929689,0.0052251355417969325,0.003000253102651935,69.20964383436375,0.05087600000000003,-0.29821891,-0.305844,-0.40041023,0.07602799999999998,0.06860343000000002,0.005035142282980187,1
2010-01-13,10680.769531,-0.23842,-0.35373658,0.005035142282980187,10639.4140626,10590.3289064,0.010127963600177425,0.0034046105055145735,69.35986823583714,0.01654799999999998,0.34489255999999996,-0.254968,-0.69862914,0.05087600000000003,-0.29821891,0.0027882142680417665,1
2010-01-14,10710.549805,-0.219164,-0.5994922,0.0027882142680417665,10660.1519532,10606.5329103,0.009775697007309958,0.0033794450959079942,70.83872432452107,0.019255999999999995,-0.24575562,-0.23842,-0.35373658,0.01654799999999998,0.34489255999999996,-0.009420563447909869,0
2010-01-15,10609.650391,-0.174956,-0.6249671,-0.009420563447909869,10658.443945399998,10624.692968899999,-0.0008042838425531551,0.006169200122552481,57.07472939992807,0.044208,-0.025474899999999967,-0.219164,-0.5994922,0.019255999999999995,-0.24575562,0.010912640165618992,1
2010-01-19,10725.429688,-0.277316,-0.5715234,0.010912640165618992,10670.731836199999,10638.8399416,0.005761394436025746,0.007841063549385408,62.35535919639751,-0.10236,0.05344369999999998,-0.174956,-0.6249671,0.044208,-0.025474899999999967,-0.011400876287204764,0
2010-01-20,10603.150391,-0.08338,-0.74059266,-0.011400876287204764,10665.909961199999,10641.9530276,-0.0022686351449818787,0.009618597783386102,53.42729224091552,0.193936,-0.16906926,-0.277316,-0.5715234,-0.10236,0.05344369999999998,-0.020113881265045985,0
2010-01-21,10389.879883,-0.30964,-0.550791,-0.020113881265045985,10607.7320316,10623.573047099999,-0.027234896058352165,0.012265926745389582,42.46435532215809,-0.22626000000000002,0.18980165999999998,-0.08338,-0.74059266,0.193936,-0.16906926,-0.020876027099686834,0
2010-01-22,10172.980469,-0.1849879999999999,-0.36797974,-0.020876027099686834,10500.2181644,10580.1850588,-0.050190638742844684,0.012845755566654916,38.90008456149701,0.12465200000000012,0.18281126000000003,-0.30964,-0.550791,-0.22626000000000002,0.18980165999999998,0.0023473831560738567,1
2010-01-25,10196.860352,-0.234708,-0.7575879,0.0023473831560738567,10417.660156599999,10538.052051,-0.038907034990536826,0.014041984668630086,30.967421026982308,-0.0497200000000001,-0.38960816,-0.1849879999999999,-0.36797974,0.12465200000000012,0.18281126000000003,-0.00025206905961949744,0
2010-01-26,10194.290039,-0.3997679999999999,-0.6174512,-0.00025206905961949744,10311.4322268,10491.0820315,-0.04952152635845064,0.01083978299990509,31.255409503649375,-0.1650599999999999,0.1401367,-0.234708,-0.7575879,-0.0497200000000001,-0.38960816,0.004107212649416381,1
2010-01-27,10236.160156,-0.086992,-0.46129882,0.004107212649416381,10238.034179799999,10451.9720705,-0.034611433533141445,0.012457801624601857,33.89357695420628,0.3127759999999999,0.15615237999999998,-0.3997679999999999,-0.6174512,-0.1650599999999999,0.1401367,-0.011303085652893063,0
2010-01-28,10120.459961,-0.289828,-0.55441403,-0.011303085652893063,10184.1501954,10395.941113500001,-0.025930994875198343,0.010619022917275353,28.483548802267464,-0.20283599999999996,-0.09311521,-0.086992,-0.46129882,0.3127759999999999,0.15615237999999998,-0.005249749833973971,0
2010-01-29,10067.330078,-0.3158,-0.41569367,-0.005249749833973971,10163.0201172,10331.6191408,-0.010385392100372814,0.0062517354116463095,26.501109336675796,-0.02597200000000005,0.13872036,-0.289828,-0.55441403,-0.20283599999999996,-0.09311521,0.01174096747441511,1
2010-02-01,10185.530273,-0.22986,-0.5408789,0.01174096747441511,10160.7541014,10289.207128999999,-0.0011111340754781374,0.008802266839646931,30.77700535888654,0.08594000000000002,-0.12518523000000004,-0.3158,-0.41569367,-0.02597200000000005,0.13872036,0.010929164512434753,1
2010-02-02,10296.849609,-0.134408,-0.729497,0.010929164512434753,10181.2660154,10246.3491211,0.010060491668143934,0.010106651906657672,37.47580963882877,0.09545200000000001,-0.1886180999999999,-0.22986,-0.5408789,0.08594000000000002,-0.12518523000000004,-0.002554160252764337,0
2010-02-03,10270.549805,-0.052912,-0.7084204,-0.002554160252764337,10188.143945200001,10213.089062500001,0.0033596239679625217,0.010205404443046896,34.12312353691193,0.081496,0.0210766,-0.134408,-0.729497,0.09545200000000001,-0.1886180999999999,-0.02613006334571788,0
2010-02-04,10002.179688,-0.244556,-0.29354492,-0.02613006334571788,10164.487890600001,10174.319043,-0.011687242818587573,0.01540118459502494,26.857725151197968,-0.19164399999999998,0.41487547999999996,-0.052912,-0.7084204,0.081496,0.0210766,0.001004859072073927,1
2010-02-05,10012.230469,0.017136,-0.39580193,0.001004859072073927,10153.4679688,10158.244043,-0.005473110404953241,0.015350831889924005,29.2507648238131,0.261692,-0.10225701000000004,-0.244556,-0.29354492,-0.19164399999999998,0.41487547999999996,-0.010371397394567938,0
2010-02-08,9908.389648,-0.177944,-0.37385434,-0.010371397394567938,10098.039843800001,10129.396972600001,-0.027209248568496158,0.013876328751334792,21.385756612026228,-0.19507999999999998,0.021947590000000017,0.017136,-0.39580193,0.261692,-0.10225701000000004,0.015163917179047193,1
2010-02-09,10058.639648,-0.28854,-0.3330882,0.015163917179047193,10050.3978516,10115.831933500001,-0.02313425659745405,0.015190971187547468,31.296663633057975,-0.11059600000000003,0.040766140000000006,-0.177944,-0.37385434,-0.19507999999999998,0.021947590000000017,-0.002014165504381049,0
2010-02-10,10038.379883,-0.194144,-0.6565137,-0.002014165504381049,10003.9638672,10096.0539062,-0.022605403450453476,0.015210857488051524,36.080758320350064,0.09439600000000001,-0.3234255,-0.28854,-0.3330882,-0.11059600000000003,0.040766140000000006,0.010540600000523037,1
2010-02-11,10144.19043,-0.1951399999999999,-0.22041015,0.010540600000523037,10032.3660156,10098.426953099999,0.014197979483449696,0.0101568547683484,48.749945939251454,-0.0009959999999998859,0.43610355,-0.194144,-0.6565137,0.09439600000000001,-0.3234255,-0.004441042615561441,0
2010-02-12,10099.139648,-0.25872,-0.48851135,-0.004441042615561441,10049.7478514,10101.607910100001,0.008680301484178754,0.010684460393321682,45.83359699328606,-0.06358000000000011,-0.26810120000000004,-0.1951399999999999,-0.22041015,-0.0009959999999998859,0.43610355,0.016800433295681705,1
2010-02-16,10268.80957,-0.4300759999999999,-0.5975195,0.016800433295681705,10121.8318358,10109.9358398,0.03637522693435358,0.009838268761856946,52.7809483745219,-0.1713559999999999,-0.10900814999999997,-0.25872,-0.48851135,-0.06358000000000011,-0.26810120000000004,0.003937229892559069,1
2010-02-17,10309.240234,-0.351212,-0.58070385,0.003937229892559069,10171.951953,10111.1749023,0.024913963992121868,0.008794934566596706,52.73016349824435,0.07886399999999988,0.01681564999999996,-0.4300759999999999,-0.5975195,-0.1713559999999999,-0.10900814999999997,0.008115065232846774,1
2010-02-18,10392.900391,-0.240404,-0.583537,0.008115065232846774,10242.8560546,10123.4099609,0.03531650646140427,0.00790735848993816,60.42760121701406,0.11080800000000002,-0.002833149999999951,-0.351212,-0.58070385,0.07886399999999988,0.01681564999999996,0.0009091993230478934,1
2010-02-19,10402.349609,-0.369472,-0.34892663,0.0009091993230478934,10294.4878904,10163.426953,0.02544896813416786,0.007998916802702944,63.26639679024372,-0.12906800000000002,0.23461036999999996,-0.240404,-0.583537,0.11080800000000002,-0.002833149999999951,-0.001823600120456348,0
2010-02-22,10383.379883,-0.306156,-0.11117187,-0.001823600120456348,10351.3359374,10200.541894400001,0.02814499501017287,0.007274145183621774,58.502846372649735,0.06331600000000004,0.23775476,-0.369472,-0.34892663,-0.12906800000000002,0.23461036999999996,-0.009724167673505812,0
2010-02-23,10282.410156,-0.306872,-0.43156922,-0.009724167673505812,10354.0560546,10237.943945199999,0.001324455956388082,0.006702013430684822,49.373875725585705,-0.0007159999999999944,-0.32039734999999997,-0.306156,-0.11117187,0.06331600000000004,0.23775476,0.008923005268999251,1
2010-02-24,10374.160156,-0.228624,-0.407883,0.008923005268999251,10367.040039,10269.495996,0.006297255716856132,0.007681067296704127,54.251440737644074,0.07824799999999998,0.02368621999999998,-0.306872,-0.43156922,-0.0007159999999999944,-0.32039734999999997,-0.005121367146936895,0
2010-02-25,10321.030273,-0.14456,-0.46157634,-0.005121367146936895,10352.6660154,10297.761035,-0.006915309037526907,0.006985901855095847,65.89021876107006,0.084064,-0.05369333999999998,-0.228624,-0.407883,0.07824799999999998,0.02368621999999998,0.0004097936822318182,1
2010-02-26,10325.259766,-0.12234,-0.46323365,0.0004097936822318182,10337.2480468,10315.8679686,-0.007410810624294384,0.006948685928602681,65.69115240331789,0.02221999999999999,-0.001657310000000023,-0.14456,-0.46157634,0.084064,-0.05369333999999998,0.007605646228736385,1
2010-03-01,10403.790039,-0.388304,-0.581582,0.007605646228736385,10341.330077999999,10346.3330077,0.0019656562920726817,0.008024113535009108,75.47936095883418,-0.265964,-0.11834835000000005,-0.12234,-0.46323365,0.02221999999999999,-0.001657310000000023,0.0002105415422446466,1
2010-03-02,10405.980469,-0.263628,-0.6777832,0.0002105415422446466,10366.044140599999,10360.0500976,0.012017640915432004,0.005808911496883755,71.07393359980696,0.12467600000000001,-0.09620119999999999,-0.388304,-0.581582,-0.265964,-0.11834835000000005,-0.0008860965122382547,0
2010-03-03,10396.759766,-0.269572,-0.41560552,-0.0008860965122382547,10370.5640626,10368.8020508,0.002178452005768161,0.004584956853721252,72.03891538220299,-0.005944000000000005,0.26217768,-0.263628,-0.6777832,0.12467600000000001,-0.09620119999999999,0.004557177723288897,1
2010-03-04,10444.139648,-0.1985,-0.54912597,0.004557177723288897,10395.1859376,10373.925976499999,0.011928012198748839,0.003581310129787272,69.87390351356679,0.07107199999999997,-0.13352044999999996,-0.269572,-0.41560552,-0.005944000000000005,0.26217768,0.01168698917419908,1
2010-03-05,10566.200195,-0.160512,-0.65016156,0.01168698917419908,10443.3740234,10390.3110351,0.02333504768503669,0.0052110384250136236,78.08067168435875,0.03798800000000002,-0.10103559000000006,-0.1985,-0.54912597,0.07107199999999997,-0.13352044999999996,-0.0012947572209045521,0
2010-03-08,10552.519531,-0.12128,-0.4631245,-0.0012947572209045521,10473.1199218,10407.2249999,0.014295702954641332,0.00545689678649012,70.99529245827749,0.03923199999999999,0.18703706000000003,-0.160512,-0.65016156,0.03798800000000002,-0.10103559000000006,0.0011239355648817728,1
2010-03-09,10564.379883,-0.12388,-0.7456178,0.0011239355648817728,10504.7998046,10435.4219726,0.015221959571410038,0.005360687325588629,69.71465916275346,-0.002600000000000005,-0.2824933,-0.12128,-0.4631245,0.03923199999999999,0.18703706000000003,0.00027925870071632275,1
2010-03-10,10567.330078,-0.090096,-0.5658325,0.00027925870071632275,10538.913867,10454.738964799999,0.016406103039699804,0.005169372942111601,65.39888680370916,0.03378400000000001,0.17978530000000004,-0.12388,-0.7456178,-0.002600000000000005,-0.2824933,0.004212016249276029,1
2010-03-11,10611.839844,-0.159732,-0.36122176,0.004212016249276029,10572.4539062,10483.8199219,0.016056870326519812,0.005150164240213393,67.41596390336895,-0.06963600000000002,0.20461073999999996,-0.090096,-0.5658325,0.03378400000000001,0.17978530000000004,0.0012109668246893524,1
2010-03-12,10624.69043,-0.211384,-0.58993167,0.0012109668246893524,10584.1519532,10513.7629883,0.005535597842228901,0.0020066023937160534,70.26755246989184,-0.051651999999999976,-0.22870991000000002,-0.159732,-0.36122176,-0.06963600000000002,0.20461073999999996,0.0016433383273641855,1
2010-03-15,10642.150391,-0.080164,-0.6275586,0.0016433383273641855,10602.0781252,10537.5990235,0.008493787643480966,0.0014918746464031326,85.14442288003794,0.13122,-0.03762692999999995,-0.211384,-0.58993167,-0.051651999999999976,-0.22870991000000002,0.00411853585879296,1
2010-03-16,10685.980469,-0.306384,-0.6538574,0.00411853585879296,10626.398242400002,10565.5990235,0.011510432921451264,0.0017792705304586066,83.60981526599478,-0.22621999999999998,-0.026298800000000067,-0.080164,-0.6275586,0.13122,-0.03762692999999995,0.004462805555217608,1
2010-03-17,10733.669922,-0.154184,-0.5346818,0.004462805555217608,10659.6662112,10599.2900391,0.01574095280190968,0.0015666192198637045,95.00452666480437,0.1522,0.11917560000000005,-0.306384,-0.6538574,-0.22621999999999998,-0.026298800000000067,0.004238997503243747,1
2010-03-18,10779.169922,-0.148152,-0.6555562,0.004238997503243747,10693.132226799999,10632.793066499999,0.015768243816326466,0.0015713194332427256,95.41709500429329,0.006031999999999982,-0.12087440000000005,-0.154184,-0.5346818,0.1522,0.11917560000000005,-0.003450122158673463,0
2010-03-19,10741.980469,-0.28782,-0.5659668,-0.003450122158673463,10716.5902346,10650.3710939,0.01103938413761374,0.0033612607574422457,86.8903836134694,-0.13966800000000001,0.08958940000000004,-0.148152,-0.6555562,0.006031999999999982,-0.12087440000000005,0.004087624170116211,1
2010-03-22,10785.889648,-0.274052,-0.7811194,0.004087624170116211,10745.338086,10673.7081056,0.013506598922108815,0.003436473070235869,87.98401855883709,0.013768000000000002,-0.21515260000000003,-0.28782,-0.5659668,-0.13966800000000001,0.08958940000000004,0.009543990654409251,1
2010-03-23,10888.830078,-0.2712839999999999,-0.40597656,0.009543990654409251,10785.9080078,10706.153125100001,0.018982779314305143,0.004644075086902706,91.4332749152625,0.0027680000000001037,0.37514284000000003,-0.274052,-0.7811194,0.013768000000000002,-0.21515260000000003,-0.004837956568579105,0
2010-03-24,10836.150391,-0.267644,-0.60546875,-0.004837956568579105,10806.404101600001,10733.035156400001,0.009547570378510839,0.00597305837549547,82.71607161733041,0.003639999999999921,-0.19949219,-0.2712839999999999,-0.40597656,0.0027680000000001037,0.37514284000000003,0.00046691581580526886,1
2010-03-25,10841.209961,-0.226264,-0.7346997,0.00046691581580526886,10818.8121094,10755.9721681,0.005755548845498781,0.0058431869670800395,78.52151200860078,0.04138,-0.12923094999999996,-0.267644,-0.60546875,0.003639999999999921,-0.19949219,0.0008440377995553305,1
2010-03-26,10850.360352,-0.286072,-0.4737853,0.0008440377995553305,10840.488086000001,10778.539160299999,0.010089376285199014,0.005284695513915911,81.18235496238759,-0.059808,0.26091439999999994,-0.226264,-0.7346997,0.04138,-0.12923094999999996,0.004193409114897628,1
2010-03-29,10895.860352,-0.298208,-0.3565918,0.004193409114897628,10862.4822268,10803.9101564,0.010195793540349385,0.005295239157336382,82.42060953832497,-0.01213599999999998,0.1171935,-0.286072,-0.4737853,-0.059808,0.26091439999999994,0.001060913927542817,1
2010-03-30,10907.419922,-0.311952,-0.7080986,0.001060913927542817,10866.200195599999,10826.0541017,0.0017072397922304194,0.003257672688209675,82.71175878125425,-0.013744000000000034,-0.3515068,-0.298208,-0.3565918,-0.01213599999999998,0.1171935,-0.004656466823795502,0
2010-03-31,10856.629883,-0.44286,-0.75353515,-0.004656466823795502,10870.296094,10838.3500978,0.0018899231979108144,0.003185694619597355,73.2642208711981,-0.13090799999999997,-0.04543655000000002,-0.311952,-0.7080986,-0.013744000000000034,-0.3515068,0.006488240803925738,1
2010-04-01,10927.070312,-0.211056,-0.626095,0.006488240803925738,10887.4681642,10853.140136799999,0.007919812577089846,0.004201938913319183,75.90207244757148,0.23180399999999998,0.12744015000000009,-0.44286,-0.75353515,-0.13090799999999997,-0.04543655000000002,0.004253609766650568,1
2010-04-05,10973.549805,-0.292332,-0.6583887,0.004253609766650568,10912.1060548,10876.2970704,0.011353489561966024,0.0043262448038468605,77.04339821238287,-0.08127599999999999,-0.03229370000000009,-0.211056,-0.626095,0.23180399999999998,0.12744015000000009,-0.0003243773494678859,0
2010-04-06,10969.990234,-0.313904,-0.7572852,-0.0003243773494678859,10926.9320312,10894.707128999999,0.0068034904638250016,0.004295235374823927,74.80663131476402,-0.021572000000000036,-0.09889649999999994,-0.292332,-0.6583887,-0.08127599999999999,-0.03229370000000009,-0.006606268688862382,0
2010-04-07,10897.519531,-0.365076,-0.19003907,-0.006606268688862382,10924.951953,10895.5760743,-0.0009076748736912554,0.005600853976041902,63.71749714596263,-0.051171999999999995,0.56724613,-0.313904,-0.7572852,-0.021572000000000036,-0.09889649999999994,0.002711697915836364,1
2010-04-08,10927.070312,-0.296012,-0.3782238,0.002711697915836364,10939.0400388,10904.668066399998,0.006488240803925738,0.0050690759944067645,62.721972984222724,0.06906400000000001,-0.18818473,-0.365076,-0.19003907,-0.051171999999999995,0.56724613,0.006431668781596622,1
2010-04-09,10997.349609,-0.296936,-0.4699016,0.006431668781596622,10953.095898200001,10920.2820312,0.006431668781596622,0.005054655917299335,70.78303770270745,-0.0009239999999999804,-0.09167779999999998,-0.296012,-0.3782238,0.06906400000000001,-0.18818473,0.0007838359519773963,1
2010-04-12,11005.969727,-0.161956,-0.8099634,0.0007838359519773963,10959.5798826,10935.842968699999,0.002954369604740492,0.004777190703021676,69.0025600069035,0.13498,-0.3400618,-0.296936,-0.4699016,-0.0009239999999999804,-0.09167779999999998,0.001222081773222028,1
2010-04-13,11019.419922,-0.2025679999999999,-0.663125,0.001222081773222028,10969.465820200001,10948.198925699999,0.004505900820841013,0.004752434617145348,63.336657775931904,-0.0406119999999999,0.14683840000000004,-0.161956,-0.8099634,0.13498,-0.3400618,0.009409790237050908,1
2010-04-14,11123.110352,-0.119472,-0.6372656,0.009409790237050908,11014.583984399998,10969.7679687,0.020701116465840164,0.0037025867206518766,76.54084807717754,0.08309599999999989,0.025859399999999977,-0.2025679999999999,-0.663125,-0.0406119999999999,0.14683840000000004,0.0019293128739068521,1
2010-04-15,11144.570312,-0.16322,-0.6462061,0.0019293128739068521,11058.0839844,10998.5620116,0.019904694834913306,0.003792003296397375,77.2315815884107,-0.04374800000000001,-0.008940500000000018,-0.119472,-0.6372656,0.08309599999999989,0.025859399999999977,-0.011297892379433017,0
2010-04-16,11018.660156,-0.40736,-0.5543164,-0.011297892379433017,11062.3460938,11007.720996,0.0019377893544967328,0.007436035710719267,62.489582244018614,-0.24414,0.09188969999999996,-0.16322,-0.6462061,-0.04374800000000001,-0.008940500000000018,0.006660487569356333,1
2010-04-19,11092.049805,-0.210988,-0.41430533,0.006660487569356333,11079.5621094,11019.570995999999,0.00782121704267702,0.007956241152036274,63.980570346464795,0.196372,0.14001107000000002,-0.40736,-0.5543164,-0.24414,0.09188969999999996,0.002254746907891292,1
2010-04-20,11117.05957,-0.209704,-0.41653335,0.002254746907891292,11099.090038999999,11034.277929599999,0.008860688556306506,0.007957876111322483,64.65805315393771,0.0012840000000000074,-0.0022280199999999972,-0.210988,-0.41430533,0.196372,0.14001107000000002,0.0007070531511057521,1
2010-04-21,11124.919922,-0.213988,-0.56589353,0.0007070531511057521,11099.451953,11057.0179687,0.00016268561065513332,0.006732340775299644,69.95698113375175,-0.00428400000000001,-0.14936017999999995,-0.209704,-0.41653335,0.0012840000000000074,-0.0022280199999999972,0.0008422637704987856,1
2010-04-22,11134.290039,-0.110732,-0.66842914,0.0008422637704987856,11097.3958984,11077.7399414,-0.0009224467801087766,0.00667380684986192,66.95463328036367,0.10325600000000001,-0.10253561,-0.213988,-0.56589353,-0.00428400000000001,-0.14936017999999995,0.006286007797070781,1
2010-04-23,11204.280273,-0.231128,-0.8669825,0.006286007797070781,11134.5199218,11098.4330078,0.016845978945899676,0.0029177456215115243,68.17888034926469,-0.120396,-0.19855336,-0.110732,-0.66842914,0.10325600000000001,-0.10253561,6.693870393514878e-05,1
2010-04-26,11205.030273,-0.134396,-0.46473613,6.693870393514878e-05,11157.116015399999,11118.3390624,0.010185715894376113,0.0025089150583655134,68.60077440398754,0.09673200000000001,0.40224636999999996,-0.231128,-0.8669825,-0.120396,-0.19855336,-0.019012892764185385,0
2010-04-27,10991.990234,-0.077352,-0.47060546,-0.019012892764185385,11132.1021482,11115.596093600001,-0.011250217309036081,0.009715047370210703,56.11562912285228,0.057043999999999984,-0.00586932999999995,-0.134396,-0.46473613,0.09673200000000001,0.40224636999999996,0.004847101922925479,1
2010-04-28,11045.269531,-0.215208,-0.45541015,0.004847101922925479,11116.17207,11107.8120115,-0.007159637243094874,0.010191840764697199,57.42364508559884,-0.137856,0.015195309999999962,-0.077352,-0.47060546,0.057043999999999984,-0.00586932999999995,0.011050050037932468,1
2010-04-29,11167.320312,-0.324632,-0.31722656,0.011050050037932468,11122.7781246,11110.0870115,0.0029665360686945697,0.01166737512064693,60.023381172165955,-0.10942399999999997,0.13818359000000002,-0.215208,-0.45541015,-0.137856,0.015195309999999962,-0.01421200033363923,0
2010-04-30,11008.610352,-0.295504,-0.2353955,-0.01421200033363923,11083.644140400002,11109.0820311,-0.017463854547759228,0.012742512196398697,50.132301020380126,0.029127999999999987,0.08183105999999998,-0.324632,-0.31722656,-0.10942399999999997,0.13818359000000002,0.013009791555932626,1
2010-05-03,11151.830078,-0.22526,-0.5509081,0.013009791555932626,11073.0041014,11115.0600584,-0.004747884985923934,0.014786774379912682,55.8706472863881,0.070244,-0.31551260000000003,-0.295504,-0.2353955,0.029127999999999987,0.08183105999999998,-0.020181489981988987,0
2010-05-04,10926.769531,-0.187556,-0.41129482,-0.020181489981988987,11059.9599608,11096.0310545,-0.005933475340822558,0.015150129796821713,42.14071213831146,0.03770399999999999,0.13961328,-0.22526,-0.5509081,0.070244,-0.31551260000000003,-0.005485560286592195,0
2010-05-05,10866.830078,-0.2001,-0.36895293,-0.005485560286592195,11024.272070199999,11070.2220701,-0.0161552828112691,0.014838073244814768,39.21464228994489,-0.012544,0.04234188999999999,-0.187556,-0.41129482,0.03770399999999999,0.13961328,-0.031886922268299145,0
2010-05-06,10520.320312,-0.192872,-0.4873828,-0.031886922268299145,10894.872070200001,11008.8250974,-0.05793690714725508,0.016844417343538302,33.47876421404075,0.007228000000000012,-0.11842986999999999,-0.2001,-0.36895293,-0.012544,0.04234188999999999,-0.013297182961286236,0
2010-05-07,10380.429688,-0.2052679999999999,-0.58367515,-0.013297182961286236,10769.2359374,10926.4400389,-0.057062666759376546,0.016815950729817997,27.404303786010615,-0.012395999999999907,-0.09629235000000003,-0.192872,-0.4873828,0.007228000000000012,-0.11842986999999999,0.0389877849149014,1
2010-05-10,10785.139648,-0.231032,-0.58230025,0.0389877849149014,10695.897851400001,10884.4509764,-0.03288163713356762,0.02714759331684283,41.50831013870721,-0.025764000000000092,0.0013749000000000677,-0.2052679999999999,-0.58367515,-0.012395999999999907,-0.09629235000000003,-0.0034195089914148546,0
2010-05-11,10748.259766,-0.280924,-0.442779,-0.0034195089914148546,10660.1958984,10860.0779296,-0.016336920486293427,0.026027928648354123,40.50468683331194,-0.04989200000000002,0.13952124999999999,-0.231032,-0.58230025,-0.025764000000000092,0.0013749000000000677,0.013830182116571832,1
2010-05-12,10896.910156,-0.285464,-0.61355954,0.013830182116571832,10666.211914,10845.2419921,0.0027680637116886952,0.026986353422696712,44.408488106924445,-0.0045399999999999885,-0.17078054000000004,-0.280924,-0.442779,-0.04989200000000002,0.13952124999999999,-0.010458006844926815,0
2010-05-13,10782.950195,-0.2036319999999999,-0.5342775,-0.010458006844926815,10718.7378906,10806.8049804,0.024964057672315354,0.02166612501361516,40.27692513931964,0.0818320000000001,0.07928204000000005,-0.285464,-0.61355954,-0.0045399999999999885,-0.17078054000000004,-0.01509698515305069,0
2010-05-14,10620.160156,-0.330124,-0.2729004,-0.01509698515305069,10766.6839842,10767.9599608,0.023094464796301617,0.022060150979710733,37.442080949854045,-0.12649200000000008,0.2613771,-0.2036319999999999,-0.5342775,0.0818320000000001,0.07928204000000005,0.0005338829091761088,1
2010-05-17,10625.830078,-0.1174559999999999,-0.40247405,0.0005338829091761088,10734.8220702,10715.3599608,-0.014771210684280889,0.01115625284482932,41.36952221173005,0.21266800000000008,-0.12957365000000004,-0.330124,-0.2729004,-0.12649200000000008,0.2613771,-0.010811379643445584,0
2010-05-18,10510.950195,-0.139372,-0.48404297,-0.010811379643445584,10687.360156,10673.778027199998,-0.02207888310912265,0.011714451189992918,37.761367407572244,-0.021916000000000102,-0.08156891999999999,-0.1174559999999999,-0.40247405,0.21266800000000008,-0.12957365000000004,-0.006334353865711462,0
2010-05-19,10444.370117,-0.33832,-0.4079785,-0.006334353865711462,10596.852148200001,10631.5320311,-0.04152920713499908,0.005894390227055988,33.0089983291177,-0.198948,0.07606447,-0.139372,-0.48404297,-0.021916000000000102,-0.08156891999999999,-0.036034758131312294,0
2010-05-20,10068.009766,-0.2477839999999999,-0.46213123,-0.036034758131312294,10453.8640624,10586.300976499999,-0.06630285924268797,0.013837258141262226,29.94541058878987,0.09053600000000012,-0.05415272999999998,-0.33832,-0.4079785,-0.198948,0.07606447,0.012453293641352392,1
2010-05-21,10193.389648,-0.280044,-0.49249512,0.012453293641352392,10368.5099608,10567.5969725,-0.04018494087952995,0.01794284537195506,29.40840030619728,-0.03226000000000012,-0.030363890000000004,-0.2477839999999999,-0.46213123,0.09053600000000012,-0.05415272999999998,-0.01244133113511292,0
2010-05-24,10066.570312,-0.24884,-0.6874902,-0.01244133113511292,10256.6580076,10495.7400389,-0.052632101388286556,0.017320555036897195,30.704538282853775,0.03120400000000001,-0.19499508000000004,-0.280044,-0.49249512,-0.03226000000000012,-0.030363890000000004,-0.002266940108966109,0
2010-05-25,10043.75,-0.32422,-0.4070758,-0.002266940108966109,10163.217968599998,10425.2890623,-0.044448901986258504,0.017715644345788335,31.224509944495296,-0.07538,0.28041440000000006,-0.24884,-0.6874902,0.03120400000000001,-0.19499508000000004,-0.006899793901680162,0
2010-05-26,9974.450195,-0.2224759999999999,-0.38631347,-0.006899793901680162,10069.233984199998,10333.0430662,-0.04499265314574841,0.017696768717178717,35.745212127438336,0.10174400000000011,0.020762329999999996,-0.32422,-0.4070758,-0.07538,0.28041440000000006,0.028526889546517165,1
2010-05-27,10258.990234,-0.176464,-0.59781384,0.028526889546517165,10107.4300778,10280.6470701,0.01896903881092249,0.016593259565153923,47.05149554140615,0.046011999999999886,-0.21150037000000005,-0.2224759999999999,-0.38631347,0.10174400000000011,0.020762329999999996,-0.011927133978008708,0
2010-05-28,10136.629883,-0.277084,-0.70558745,-0.011927133978008708,10096.0781248,10232.2940428,-0.005568291506558576,0.01701878530419464,31.75257934212027,-0.10061999999999999,-0.10777360999999996,-0.176464,-0.59781384,0.046011999999999886,-0.21150037000000005,-0.011109249651983122,0
2010-06-01,10024.019531,-0.178556,-0.60846066,-0.011109249651983122,10087.5679686,10172.1129881,-0.004226939233641147,0.016804007131499606,30.454683897872727,0.098528,0.09712679000000002,-0.277084,-0.70558745,-0.10061999999999999,-0.10777360999999996,0.022498011631218562,1
2010-06-02,10249.540039,-0.448828,-0.28423828,0.022498011631218562,10128.725976400001,10145.9719725,0.02048936293714987,0.01964863996692109,33.225197004837156,-0.270272,0.32422238,-0.178556,-0.60846066,0.098528,0.09712679000000002,0.0005600479609970677,1
2010-06-03,10255.280273,-0.156904,-0.53335935,0.0005600479609970677,10184.891991999999,10127.0629881,0.028154943130677568,0.018860841991506797,35.51448619345943,0.291924,-0.24912107,-0.448828,-0.28423828,-0.270272,0.32422238,-0.03152625158877509,0
2010-06-04,9931.969727,-0.312252,-0.41793945,-0.03152625158877509,10119.4878906,10113.4589842,-0.031876480973361376,0.019796104515746624,32.63804061364314,-0.15534799999999999,0.11541990000000002,-0.156904,-0.53335935,0.291924,-0.24912107,-0.011627048427873099,0
2010-06-07,9816.490234,-0.356468,-0.5585156,-0.011627048427873099,10055.459960799999,10075.7690428,-0.03158245419780992,0.019775226693417355,30.65354995235772,-0.04421600000000003,-0.14057615,-0.312252,-0.41793945,-0.15534799999999999,0.11541990000000002,0.012579876519642763,1
2010-06-08,9939.980469,-0.380144,-0.42214844,0.012579876519642763,10038.6521484,10063.110058499999,-0.008383768780587775,0.021109974714486862,36.40749907765353,-0.023675999999999975,0.13636716,-0.356468,-0.5585156,-0.04421600000000003,-0.14057615,-0.004097640747587672,0
2010-06-09,9899.25,-0.2042159999999999,-0.61131835,-0.004097640747587672,9968.5941406,10048.6600585,-0.03417617158107866,0.01636870577250441,36.861168344815034,0.17592800000000008,-0.18916991,-0.380144,-0.42214844,-0.023675999999999975,0.13636716,0.02760615935550681,1
2010-06-10,10172.530273,-0.271584,-0.627959,0.02760615935550681,9952.0441406,10068.4680663,-0.00806901399056481,0.02267296961952646,52.65094526956521,-0.0673680000000001,-0.016640650000000035,-0.2042159999999999,-0.61131835,0.17592800000000008,-0.18916991,0.0037886384179453003,1
2010-06-11,10211.070312,-0.211352,-0.6210254,0.0037886384179453003,10007.8642576,10063.6760741,0.028101231948106653,0.0152239424237295,50.46909710887459,0.06023199999999998,0.006933600000000095,-0.271584,-0.627959,-0.0673680000000001,-0.016640650000000035,-0.0019763514874913124,0
2010-06-14,10190.889648,-0.102316,-0.5758228,-0.0019763514874913124,10082.7441404,10069.1020506,0.0381398447994421,0.012923925424178155,53.49623442966517,0.10903600000000001,0.04520259999999998,-0.211352,-0.6210254,0.06023199999999998,0.006933600000000095,0.020987361298919982,1
2010-06-15,10404.769531,-0.319316,-0.5511816,0.020987361298919982,10175.7019528,10107.1770506,0.04675955485521799,0.014219093777798094,59.16775863705193,-0.21699999999999997,0.02464119999999992,-0.102316,-0.5758228,0.10903600000000001,0.04520259999999998,0.0004507961455586518,1
2010-06-16,10409.459961,-0.2334839999999999,-0.5074902,0.0004507961455586518,10277.743945,10123.1690428,0.05154026426244407,0.013264176411324517,61.42145516431522,0.08583200000000007,0.04369140000000005,-0.319316,-0.5511816,-0.21699999999999997,0.02464119999999992,0.0023737985536786965,1
2010-06-17,10434.169922,-0.1267,-0.31313476,0.0023737985536786965,10330.0718748,10141.058007700001,0.02572021335679331,0.009127525022710891,55.32615358200806,0.1067839999999999,0.19435544,-0.2334839999999999,-0.5074902,0.08583200000000007,0.04369140000000005,0.0015784414211308384,1
2010-06-18,10450.639648,-0.287176,-0.36132157,0.0015784414211308384,10377.985742,10192.9249998,0.023461726212820277,0.009260958430050628,60.204181346807175,-0.16047599999999998,-0.04818680999999997,-0.1267,-0.31313476,0.1067839999999999,0.19435544,-0.0007874629952986378,0
2010-06-21,10442.410156,-0.131912,-0.51016116,-0.0007874629952986378,10428.2898436,10255.516992,0.02468091763208924,0.009060327944732348,64.58567388124729,0.15526399999999999,-0.14883959000000002,-0.287176,-0.36132157,-0.16047599999999998,-0.04818680999999997,-0.014258262486888662,0
2010-06-22,10293.519531,-0.185532,-0.55883574,-0.014258262486888662,10406.0398436,10290.870898199999,-0.010692211842707411,0.00688466400417977,51.619725141916724,-0.05362,-0.04867458000000002,-0.131912,-0.51016116,0.15526399999999999,-0.14883959000000002,0.00047805796503141984,1
2010-06-23,10298.44043,-0.189088,-0.4278534,0.00047805796503141984,10383.8359374,10330.7899412,-0.010665253665026353,0.006887227726813387,51.59050965503841,-0.0035560000000000036,0.13098234000000003,-0.185532,-0.55883574,-0.05362,-0.04867458000000002,-0.014142007810788448,0
2010-06-24,10152.799805,-0.189344,-0.3938086,-0.014142007810788448,10327.561914,10328.8168944,-0.026966219555878745,0.008053163634731056,59.36408839521962,-0.0002560000000000062,0.034044799999999986,-0.189088,-0.4278534,-0.0035560000000000036,0.13098234000000003,-0.0008854931814545886,0
2010-06-25,10143.80957,-0.11642,-0.3925171,-0.0008854931814545886,10266.1958984,10322.0908202,-0.029359932820831713,0.0075787922818675675,65.2576004474686,0.07292400000000002,0.001291500000000001,-0.189344,-0.3938086,-0.0002560000000000062,0.034044799999999986,-0.0005215041709423218,0
2010-06-28,10138.519531,-0.217496,-0.4809884,-0.0005215041709423218,10205.4177734,10316.8538085,-0.02910157908568556,0.0076246070408289126,60.40077757992887,-0.101076,-0.08847129999999997,-0.11642,-0.3925171,0.07292400000000002,0.001291500000000001,-0.02645551208732977,0
2010-06-29,9870.299805,-0.251396,-0.77176756,-0.02645551208732977,10120.773828200001,10263.4068359,-0.0411151622849143,0.011792855302662272,48.77530264485461,-0.03390000000000001,-0.29077916000000004,-0.217496,-0.4809884,-0.101076,-0.08847129999999997,-0.00975454402623388,0
2010-06-30,9774.019531,-0.3739479999999999,-0.53325254,-0.00975454402623388,10015.8896484,10199.8627929,-0.05092236077535872,0.010727273812666239,30.172265539897126,-0.12255199999999988,0.23851502000000002,-0.251396,-0.77176756,-0.03390000000000001,-0.29077916000000004,-0.0042448511452641835,0
2010-07-01,9732.530273,-0.0317319999999999,-0.6198813,-0.0042448511452641835,9931.835742,10129.698828,-0.041394446859183365,0.010766107275228408,26.260111977789364,0.34221599999999996,-0.08662875999999997,-0.3739479999999999,-0.53325254,-0.12255199999999988,0.23851502000000002,-0.004731534627511191,0
2010-07-02,9686.480469,-0.3510799999999999,-0.30858397,-0.004731534627511191,9840.3699218,10053.2829101,-0.04508455110913512,0.010221058288952114,25.602964823123003,-0.31934799999999997,0.31129733,-0.0317319999999999,-0.6198813,0.34221599999999996,-0.08662875999999997,0.005898907057405145,1
2010-07-06,9743.620117,-0.25728,-0.46433884,0.005898907057405145,9761.390039,9983.403906200001,-0.03895040225474111,0.011848485726289569,12.3066524537508,0.09379999999999988,-0.15575487,-0.3510799999999999,-0.30858397,-0.31934799999999997,0.31129733,0.02818871761233699,1
2010-07-07,10018.280273,-0.206196,-0.67296875,0.02818871761233699,9790.9861326,9955.879980400001,0.014992499814953764,0.015147546005590772,32.9474128412098,0.05108400000000002,-0.20862991000000003,-0.25728,-0.46433884,0.09379999999999988,-0.15575487,0.012048970253439872,1
2010-07-08,10138.990234,-0.298572,-0.5891617,0.012048970253439872,9863.980273199999,9939.934960800001,0.0373409017490125,0.013590516377465806,38.12613329013319,-0.09237600000000001,0.08380705,-0.206196,-0.67296875,0.05108400000000002,-0.20862991000000003,0.005823068928700215,1
2010-07-09,10198.030273,-0.15242,-0.4975586,0.005823068928700215,9957.080273200001,9944.4580076,0.04782928867854541,0.01209105974409629,40.17505264150279,0.146152,0.09160309999999999,-0.298572,-0.5891617,-0.09237600000000001,0.08380705,0.001788507928662364,1
2010-07-12,10216.269531,-0.483456,-0.18746322,0.001788507928662364,10063.038085600001,9951.7040037,0.05469365923933922,0.010415280693257454,41.2724794868271,-0.331036,0.31009538000000003,-0.15242,-0.4975586,0.146152,0.09160309999999999,0.014364343027041926,1
2010-07-13,10363.019531,-0.25272,-0.62371886,0.014364343027041926,10186.917968400001,9974.154003700001,0.06356974169377905,0.010113309669632019,52.68667579715847,0.230736,-0.43625563999999994,-0.483456,-0.18746322,-0.331036,0.31009538000000003,0.00035705770783622803,1
2010-07-14,10366.719727,-0.1797919999999999,-0.4978255,0.00035705770783622803,10256.6058592,10023.7959959,0.03478036594155487,0.006170955148925553,52.64198027657217,0.0729280000000001,0.12589336,-0.25272,-0.62371886,0.230736,-0.43625563999999994,-0.0007148024828625976,0
2010-07-15,10359.30957,-0.2216679999999999,-0.6181836,-0.0007148024828625976,10300.6697264,10082.324999800001,0.021729909085145493,0.006136175045215544,58.94780577121532,-0.041876,-0.12035810000000008,-0.1797919999999999,-0.4978255,0.0729280000000001,0.12589336,-0.025234227940926446,0
2010-07-16,10097.900391,-0.272248,-0.47631827,-0.025234227940926446,10280.64375,10118.862011599998,-0.009818551163267464,0.014397208061455277,48.36783345150071,-0.0505800000000001,0.14186533000000007,-0.2216679999999999,-0.6181836,-0.041876,-0.12035810000000008,0.005598123848635339,1
2010-07-19,10154.429688,0.002032,-0.738457,0.005598123848635339,10268.2757814,10165.6569335,-0.006053074736561581,0.014737195854307926,50.545755447484524,0.27427999999999997,-0.26213873000000004,-0.272248,-0.47631827,-0.0505800000000001,0.14186533000000007,0.0074381600267769965,1
2010-07-20,10229.959961,0.041096,-0.6302387,0.0074381600267769965,10241.6638674,10214.2909179,-0.012839845529767135,0.013158085378650108,64.2165188398636,0.039064,0.10821829999999999,0.002032,-0.738457,0.27427999999999997,-0.26213873000000004,-0.010696981065144162,0
2010-07-21,10120.530273,-0.400252,-0.37329704,-0.010696981065144162,10192.4259766,10224.5159179,-0.023748057291334113,0.013480392927172737,63.55583639126439,-0.441348,0.25694166,0.041096,-0.6302387,0.039064,0.10821829999999999,0.019936656139282638,1
2010-07-22,10322.299805,-0.120936,-0.60102654,0.019936656139282638,10185.024023599999,10242.846875,-0.003572609231331181,0.017561156466917457,70.50135517969002,0.279316,-0.22772949999999997,-0.400252,-0.37329704,-0.441348,0.25694166,0.009912549909705026,1
2010-07-23,10424.620117,-0.22078,-0.2572631,0.009912549909705026,10250.367968800001,10265.5058594,0.03235521379188877,0.011063447725828688,74.69292892770716,-0.099844,0.34376344,-0.120936,-0.60102654,0.279316,-0.22772949999999997,0.009670335213040948,1
2010-07-26,10525.429688,-0.2773,-0.8514824,0.009670335213040948,10324.5679688,10296.4218751,0.03653577910322525,0.011135842459433009,75.41135340369134,-0.05651999999999999,-0.5942193,-0.22078,-0.2572631,-0.099844,0.34376344,0.00116486854821507,1
2010-07-27,10537.69043,-0.2004039999999999,-0.43416137,0.00116486854821507,10386.114062600001,10313.888965,0.030081297500006876,0.011458375026101732,70.35452687601455,0.0768960000000001,0.41732103,-0.2773,-0.8514824,-0.05651999999999999,-0.5942193,-0.003777919579670219,0
2010-07-28,10497.879883,-0.312,-0.59,-0.003777919579670219,10461.583984600002,10327.0049806,0.03728555716163506,0.009116689060703063,65.01619283903653,-0.11159600000000011,-0.15583862999999998,-0.2004039999999999,-0.43416137,0.0768960000000001,0.41732103,-0.00292627914801602,0
2010-07-29,10467.160156,-0.173528,-0.4206998,-0.00292627914801602,10490.556054800001,10337.790039200001,0.014033728310219207,0.006643087506822718,61.533922201352226,0.138472,0.16930019999999996,-0.312,-0.59,-0.11159600000000011,-0.15583862999999998,-0.00011652883703128225,0
2010-07-30,10465.94043,-0.34668,-0.4281543,-0.00011652883703128225,10498.820117400002,10374.594043100002,0.0039637236212202165,0.005350197730297544,60.858382304380015,-0.173152,-0.007454499999999975,-0.173528,-0.4206998,0.138472,0.16930019999999996,0.019915979303925635,1
2010-08-02,10674.379883,-0.2654519999999999,-0.39277345,0.019915979303925635,10528.6101564,10426.5890626,0.014151459789790488,0.00974913213085013,62.85170235332497,0.08122800000000008,0.035380849999999964,-0.34668,-0.4281543,-0.173152,-0.007454499999999975,-0.0035599257677271234,0
2010-08-03,10636.379883,-0.1322279999999999,-0.5937012,-0.0035599257677271234,10548.348047,10467.2310548,0.009365377893341575,0.010173300592753565,60.8240027294036,0.133224,-0.20092775000000002,-0.2654519999999999,-0.39277345,0.08122800000000008,0.035380849999999964,0.004141428332247177,1
2010-08-04,10680.429688,-0.300648,-0.68855786,0.004141428332247177,10584.858008000001,10523.2209963,0.017389206871724294,0.009671017168375906,62.521276453015545,-0.16842000000000013,-0.09485665999999993,-0.1322279999999999,-0.5937012,0.133224,-0.20092775000000002,-0.0005102059710315743,0
2010-08-05,10674.980469,-0.099644,-0.48443115,-0.0005102059710315743,10626.4220706,10558.4890627,0.019854507803711563,0.00932436731221567,78.11355219846058,0.20100400000000002,0.20412671,-0.300648,-0.68855786,-0.16842000000000013,-0.09485665999999993,-0.0020066452638678456,0
2010-08-06,10653.55957,-0.20774,-0.40536088,-0.0020066452638678456,10663.945898599999,10581.383008,0.017926639393264665,0.009566831391442333,75.1773118647738,-0.10809600000000001,0.07907027,-0.099644,-0.48443115,0.20100400000000002,0.20412671,0.0042418151138192695,1
2010-08-09,10698.75,-0.145544,-0.55481446,0.0042418151138192695,10668.819922,10598.7150392,0.002283047565021734,0.003572130786366835,74.39354188652818,0.062196,-0.14945358000000003,-0.20774,-0.40536088,-0.10809600000000001,0.07907027,-0.005094053043579905,0
2010-08-10,10644.25,-0.33376,-0.226057,-0.005094053043579905,10670.393945400001,10609.3709962,0.0007399243997086025,0.004039227472292881,78.90413199197849,-0.188216,0.32875746,-0.145544,-0.55481446,0.062196,-0.14945358000000003,-0.024935521243864,0
2010-08-11,10378.830078,-0.057192,-0.53168947,-0.024935521243864,10610.0740234,10597.4660157,-0.028238527738154717,0.01128914669988445,52.91510258863749,0.276568,-0.30563247,-0.33376,-0.226057,-0.188216,0.32875746,-0.005673075149848494,0
2010-08-12,10319.950195,-0.1908719999999999,-0.3387126,-0.005673075149848494,10539.0679686,10582.745019599999,-0.03325816614194321,0.010930674275391808,44.34931326921383,-0.1336799999999999,0.19297687000000002,-0.057192,-0.53168947,0.276568,-0.30563247,-0.0016278958408287858,0
2010-08-13,10303.150391,-0.205164,-0.6064258,-0.0016278958408287858,10468.9861328,10566.4660157,-0.03289127701381034,0.010972506611083148,36.80302700428035,-0.01429200000000011,-0.26771320000000004,-0.1908719999999999,-0.3387126,-0.1336799999999999,0.19297687000000002,-0.00011070643023869398,0
2010-08-16,10302.009766,-0.28172,-0.4792163,-0.00011070643023869398,10389.638085999999,10529.229003999999,-0.03708285865171168,0.010027539736325763,35.820137860024104,-0.07655600000000001,0.12720950000000003,-0.205164,-0.6064258,-0.01429200000000011,-0.26771320000000004,0.010079571400010368,1
2010-08-17,10405.849609,-0.100788,-0.4879517,0.010079571400010368,10341.9580078,10506.1759766,-0.022397105573431553,0.012836029535536678,44.85904218262715,0.18093200000000004,-0.008735400000000004,-0.28172,-0.4792163,-0.07655600000000001,0.12720950000000003,0.0009312483232140067,1
2010-08-18,10415.540039,-0.1050799999999999,-0.5362146,0.0009312483232140067,10349.3,10479.6870117,0.0035370037590087833,0.005803453722204231,47.04703934049409,-0.004291999999999893,-0.0482629,-0.100788,-0.4879517,0.18093200000000004,-0.008735400000000004,-0.013857186229381147,0
2010-08-19,10271.209961,-0.181712,-0.65339845,-0.013857186229381147,10339.5519532,10439.3099609,-0.004722913684565455,0.00855781085161117,40.42764616112702,-0.07663200000000012,-0.11718384999999998,-0.1050799999999999,-0.5362146,-0.004291999999999893,-0.0482629,-0.0056069191671350715,0
2010-08-20,10213.620117,-0.270292,-0.6703906,-0.0056069191671350715,10321.6458984,10395.3160156,-0.008689601782208789,0.008821394441268515,23.406478698065058,-0.08857999999999996,-0.016992149999999984,-0.181712,-0.65339845,-0.07663200000000012,-0.11718384999999998,-0.003838987601931465,0
2010-08-23,10174.410156,-0.154424,-0.6581055,-0.003838987601931465,10296.1259764,10342.882031199999,-0.0123858948786012,0.008809681679027516,23.373832501345845,0.11586799999999997,0.012285099999999938,-0.270292,-0.6703906,-0.08857999999999996,-0.016992149999999984,-0.013166361385677172,0
2010-08-24,10040.450195,-0.287484,-0.4374707,-0.013166361385677172,10223.046093599998,10282.5020507,-0.0351148082789865,0.006321084877663768,16.577944263153228,-0.13306,0.22063480000000002,-0.154424,-0.6581055,0.11586799999999997,0.012285099999999938,0.0019530374255294358,1
2010-08-25,10060.05957,-0.345356,-0.44229224,0.0019530374255294358,10151.9499998,10250.624999900001,-0.034129816377157285,0.0066537169676463065,18.354626933313398,-0.05787199999999998,-0.004821540000000013,-0.287484,-0.4374707,-0.13306,0.22063480000000002,-0.0073806720013289695,0
2010-08-26,9985.80957,-0.116228,-0.47368652,-0.0073806720013289695,10094.869921599999,10217.210937400001,-0.027786443085446866,0.0054902159757582785,17.408073998048152,0.229128,-0.03139428,-0.345356,-0.44229224,-0.05787199999999998,-0.004821540000000013,0.016507506962202045,1
2010-08-27,10150.650391,-0.1135559999999999,-0.27643555,0.016507506962202045,10082.275976399998,10201.960937400001,-0.006165270029496406,0.011312107494181012,26.04586529807149,0.002672000000000105,0.19725097000000003,-0.116228,-0.47368652,0.229128,-0.03139428,-0.0138828465735501,0
2010-08-30,10009.730469,-0.250996,-0.69901365,-0.0138828465735501,10049.340038999999,10172.733007699999,-0.016185674105430703,0.012706976684870443,24.216594777986685,-0.13744000000000012,-0.42257810000000007,-0.1135559999999999,-0.27643555,0.002672000000000105,0.19725097000000003,0.0004984407937307367,1
2010-08-31,10014.719727,-0.29734,-0.49764648,0.0004984407937307367,10044.1939454,10133.6200195,-0.00256268070656962,0.011431383969813,31.232388835952563,-0.046343999999999996,0.20136717000000004,-0.250996,-0.69901365,-0.13744000000000012,-0.42257810000000007,0.0254375566111138,1
2010-09-01,10269.469727,-0.270632,-0.53142977,0.0254375566111138,10086.0759768,10119.0129883,0.02081599572476489,0.01641116163027683,47.83516573276292,0.02670800000000001,-0.03378329000000002,-0.29734,-0.49764648,-0.046343999999999996,0.20136717000000004,0.004930135960855564,1
2010-09-02,10320.099609,-0.303696,-0.36371094,0.004930135960855564,10152.933984599998,10123.9019531,0.03347650850505879,0.015104043597606372,50.70636457595339,-0.03306400000000004,0.16771883000000004,-0.270632,-0.53142977,0.02670800000000001,-0.03378329000000002,0.012386516006930748,1
2010-09-03,10447.929688,-0.307048,-0.44156262,0.012386516006930748,10212.389844000001,10147.3329102,0.02928672405697097,0.014536730329103496,55.50043658457105,-0.003351999999999966,-0.07785168000000003,-0.303696,-0.36371094,-0.03306400000000004,0.16771883000000004,-0.010264163446962127,0
2010-09-07,10340.69043,-0.16558,-0.77802736,-0.010264163446962127,10278.5818362,10163.960937599999,0.03306382344909076,0.013348733642964985,47.55010999757443,0.14146799999999998,-0.33646473999999993,-0.307048,-0.44156262,-0.003351999999999966,-0.07785168000000003,0.004479327208715134,1
2010-09-08,10387.009766,-0.1875359999999999,-0.5054785,0.004479327208715134,10353.039844,10198.6168947,0.03717428436826786,0.013008380289090769,48.95605759894336,-0.021955999999999892,0.2725488599999999,-0.16558,-0.77802736,0.14146799999999998,-0.33646473999999993,0.002717862853312214,1
2010-09-09,10415.240234,-0.156588,-0.3235157,0.002717862853312214,10382.1939454,10234.1349611,0.014194550534264438,0.008214705616114162,55.759514558658026,0.030947999999999892,0.18196280000000004,-0.1875359999999999,-0.5054785,-0.021955999999999892,0.2725488599999999,0.004563437417875571,1
2010-09-10,10462.769531,-0.369296,-0.20249069,0.004563437417875571,10410.727929800001,10281.8309572,0.013824471410680772,0.008193099457736325,60.04385566871523,-0.212708,0.12102501000000002,-0.156588,-0.3235157,0.030947999999999892,0.18196280000000004,0.007776177403022944,1
2010-09-13,10544.129883,-0.246192,-0.829707,0.007776177403022944,10429.9679688,10321.1789064,0.009207584456707218,0.007016083705107041,64.41449639697328,0.12310400000000002,-0.62721631,-0.369296,-0.20249069,-0.212708,0.12102501000000002,-0.001672935481232929,0
2010-09-14,10526.490234,-0.242164,-0.6468653,-0.001672935481232929,10467.1279296,10372.854882900001,0.01796783350761233,0.003453990226047649,70.83973617568435,0.004028000000000004,0.1828417,-0.246192,-0.829707,0.12310400000000002,-0.62721631,0.004392749527344364,1
2010-09-15,10572.730469,-0.1200239999999999,-0.95085937,0.004392749527344364,10504.2720702,10428.6559571,0.01788009323028894,0.0034485219990613514,71.49079534295615,0.1221400000000001,-0.30399407,-0.242164,-0.6468653,0.004028000000000004,0.1828417,0.0020902461350735813,1
2010-09-16,10594.830078,-0.141356,-0.5683597,0.0020902461350735813,10540.190039,10461.1919922,0.017242986236048363,0.0034977033884495295,76.69694934527298,-0.021332000000000115,0.38249966999999996,-0.1200239999999999,-0.95085937,0.1221400000000001,-0.30399407,0.0012288569900742452,1
2010-09-17,10607.849609,-0.262956,-0.46990603,0.0012288569900742452,10569.206054600001,10489.9669922,0.013866316903009768,0.0035451286057637675,73.1189655376704,-0.12160000000000001,0.09845367000000005,-0.141356,-0.5683597,-0.021332000000000115,0.38249966999999996,0.013741758544193905,1
2010-09-20,10753.620117,-0.146248,-0.85010743,0.013741758544193905,10611.1041014,10520.536035100002,0.019867948927464907,0.0058854711255036385,87.43227233241817,0.11670800000000003,-0.3802014,-0.262956,-0.46990603,-0.12160000000000001,0.09845367000000005,0.0006890847844145398,1
2010-09-21,10761.030273,-0.037128,-0.40749785,0.0006890847844145398,10658.0121092,10562.5700194,0.022280934460229496,0.005395054111915504,87.4628176122371,0.10912,0.44260958,-0.146248,-0.85010743,0.11670800000000003,-0.3802014,-0.0020184594271144274,0
2010-09-22,10739.30957,-0.2443999999999999,-0.31503174,-0.0020184594271144274,10691.3279294,10597.7999998,0.01575554219304287,0.006118991456508958,80.78740432716226,-0.2072719999999999,0.09246610999999999,-0.037128,-0.40749785,0.10912,0.44260958,-0.0071596453662896575,0
2010-09-23,10662.419922,-0.248768,-0.56948245,-0.0071596453662896575,10704.845898200001,10622.517968600001,0.0063795118470419965,0.007709626115259729,71.68508937443256,-0.004368000000000094,-0.25445070999999997,-0.2443999999999999,-0.31503174,-0.2072719999999999,0.09246610999999999,0.018554872669364064,1
2010-09-24,10860.259766,-0.364968,-0.7685547,0.018554872669364064,10755.3279296,10662.2669921,0.023794658324138185,0.010903764206453226,73.99196754687641,-0.11620000000000003,-0.19907225000000006,-0.248768,-0.56948245,-0.004368000000000094,-0.25445070999999997,-0.004440015988472101,0
2010-09-27,10812.040039,-0.2352759999999999,-0.48458785,-0.004440015988472101,10767.011913999999,10689.0580077,0.005432581899340594,0.01016706167204269,79.4487098969638,0.1296920000000001,0.28396685000000005,-0.364968,-0.7685547,-0.11620000000000003,-0.19907225000000006,0.004263729031127816,1
2010-09-28,10858.139648,-0.373128,-0.20767517,0.004263729031127816,10786.433788999999,10722.2229491,0.009024170784432517,0.010254040147769447,79.44306579448764,-0.1378520000000001,0.27691268,-0.2352759999999999,-0.48458785,0.1296920000000001,0.28396685000000005,-0.002105275465324352,0
2010-09-29,10835.280273,-0.190088,-0.53257674,-0.002105275465324352,10805.6279296,10748.4779295,0.008936394129851033,0.010262277476887797,76.42764361818277,0.18304,-0.32490157,-0.373128,-0.20767517,-0.1378520000000001,0.27691268,-0.004358952127679783,0
2010-09-30,10788.049805,-0.116584,-0.39332524,-0.004358952127679783,10830.7539062,10767.7999022,0.011782492522244947,0.009711059282639599,70.47334554050923,0.07350400000000001,0.13925149999999997,-0.190088,-0.53257674,0.18304,-0.32490157,0.003858888654806325,1
2010-10-01,10829.679688,-0.322816,-0.66698265,0.003858888654806325,10824.637890599999,10789.982910100001,-0.0028157777676492968,0.00432057023987353,68.91887872767845,-0.206232,-0.27365741,-0.116584,-0.39332524,0.07350400000000001,0.13925149999999997,-0.0072403025074586624,0
2010-10-04,10751.269531,-0.326932,-0.5012744,-0.0072403025074586624,10812.483789,10789.7478515,-0.005620632903762357,0.0050668897386908825,63.782709198888796,-0.0041160000000000085,0.16570825,-0.322816,-0.66698265,-0.206232,-0.27365741,0.017993242141517207,1
2010-10-05,10944.719727,-0.1239799999999999,-0.33839843,0.017993242141517207,10829.7998048,10808.1167969,0.007973748893158383,0.01001530995313485,69.32111797867874,0.2029520000000001,0.16287597000000004,-0.326932,-0.5012744,-0.0041160000000000085,0.16570825,0.002095134875261362,1
2010-10-06,10967.650391,0.0132679999999999,-0.489312,0.002095134875261362,10856.273828399999,10830.950879,0.012216584588941926,0.009797514267643158,69.34758020507411,0.1372479999999998,-0.15091357000000005,-0.1239799999999999,-0.33839843,0.2029520000000001,0.16287597000000004,-0.0017387783454191341,0
2010-10-07,10948.580078,-0.084172,-0.5636377,-0.0017387783454191341,10888.379883,10859.566894599999,0.014880379299472501,0.009403103127952301,67.57191780298791,-0.0974399999999999,-0.0743257,0.0132679999999999,-0.489312,0.1372479999999998,-0.15091357000000005,0.0052883927036659895,1
2010-10-08,11006.480469,-0.218552,-0.61478376,0.0052883927036659895,10923.740039200002,10874.188964899999,0.01632557804972823,0.009457562328521952,64.33999652750941,-0.13438,-0.05114605999999999,-0.084172,-0.5636377,-0.0974399999999999,-0.0743257,0.0003506456955855164,1
2010-10-11,11010.339844,-0.21178,-0.44349614,0.0003506456955855164,10975.5541018,10894.018945400001,0.02409671827619997,0.007812950965132145,64.19579954548152,0.006772,0.17128762000000003,-0.218552,-0.61478376,-0.13438,-0.05114605999999999,0.000913736282670774,1
2010-10-12,11020.400391,-0.256612,-0.46923852,0.000913736282670774,10990.6902346,10910.2450197,0.006914810601618138,0.002587985956591436,66.2208296549098,-0.04483200000000001,-0.02574238000000001,-0.21178,-0.44349614,0.006772,0.17128762000000003,0.006867235700601881,1
2010-10-13,11096.080078,-0.164044,-0.27776337,0.006867235700601881,11016.376172,10936.3250002,0.011709863318162483,0.003599201429049241,75.06010111161791,0.09256800000000001,0.19147514999999998,-0.256612,-0.46923852,-0.04483200000000001,-0.02574238000000001,-0.0001360630050781797,0
2010-10-14,11094.570312,0.0842639999999999,-0.6709375,-0.0001360630050781797,11045.5742188,10966.977050899999,0.013334170546311253,0.0031941255262559636,67.51435100795712,0.2483079999999999,-0.39317412999999996,-0.164044,-0.27776337,0.09256800000000001,0.19147514999999998,-0.002865369104526283,0
2010-10-15,11062.780273,-0.078776,-0.7829941,-0.002865369104526283,11056.834179599999,10990.2871094,0.0051151504932545055,0.0035735796135409146,69.21438614093701,-0.1630399999999999,-0.11205660000000006,0.0842639999999999,-0.6709375,0.2483079999999999,-0.39317412999999996,0.0073137272008800824,1
2010-10-18,11143.69043,-0.24004,-0.36689454,0.0073137272008800824,11083.504296800002,11029.5291993,0.012111396004971464,0.0044850829777732795,70.77364424395846,-0.16126400000000002,0.41609956000000003,-0.078776,-0.7829941,-0.1630399999999999,-0.11205660000000006,-0.014812894708167157,0
2010-10-19,10978.620117,-0.102636,-0.36578384,-0.014812894708167157,11075.148242,11032.9192383,-0.003791175684879744,0.009023025655907443,58.640114888409045,0.137404,0.0011106999999999645,-0.24004,-0.36689454,-0.16126400000000002,0.41609956000000003,0.011781955165723001,1
2010-10-20,11107.969727,-0.290192,-0.538125,0.011781955165723001,11077.5261718,11046.9511719,0.0010715179519633633,0.010242404522001616,67.54675943228334,-0.187556,-0.17234115999999994,-0.102636,-0.36578384,0.137404,0.0011106999999999645,0.0034750351278123315,1
2010-10-21,11146.570312,-0.146568,-0.7657715,0.0034750351278123315,11087.926171800002,11066.7501953,0.00468697737160273,0.010334721952844215,67.4385584373533,0.143624,-0.22764650000000008,-0.290192,-0.538125,-0.187556,-0.17234115999999994,-0.001256955422863748,0
2010-10-22,11132.55957,-0.3348319999999999,-0.38995117,-0.001256955422863748,11101.882031199999,11079.3581054,0.006307573257176902,0.010209437711139982,72.58312475775296,-0.1882639999999999,0.37582033000000004,-0.146568,-0.7657715,0.143624,-0.22764650000000008,0.002828660812636663,1
2010-10-25,11164.049805,-0.261604,-0.5834863,0.002828660812636663,11105.9539062,11094.7291015,0.0018269867713831545,0.009734998131941648,66.07443961062754,0.0732279999999999,-0.19353513,-0.3348319999999999,-0.38995117,-0.1882639999999999,0.37582033000000004,0.00048460514728065895,1
2010-10-26,11169.459961,-0.224948,-0.587041,0.00048460514728065895,11144.121875,11109.6350585,0.017382862506053254,0.005018873394830147,65.18022809147303,0.036655999999999994,-0.0035547000000000217,-0.261604,-0.5834863,0.0732279999999999,-0.19353513,-0.003865870700174301,0
2010-10-27,11126.280273,-0.141424,-0.46982154,-0.003865870700174301,11147.7839842,11112.655078,0.0016484151874751607,0.0030117339322716635,62.89886051155748,0.08352400000000001,0.11721946000000005,-0.224948,-0.587041,0.036655999999999994,-0.0035547000000000217,-0.0011081940862052164,0
2010-10-28,11113.950195,-0.283984,-0.53632814,-0.0011081940862052164,11141.2599608,11114.5930663,-0.0029264712002832205,0.0024640664311290257,58.35363875653515,-0.14256000000000002,-0.06650659999999997,-0.141424,-0.46982154,0.08352400000000001,0.11721946000000005,0.0004084991313029196,1
2010-10-29,11118.490234,-0.240528,-0.51887697,0.0004084991313029196,11138.4460936,11120.1640624,-0.0012638006481378028,0.0024628456701481054,58.3976607877269,0.04345600000000002,0.01745116999999996,-0.283984,-0.53632814,-0.14256000000000002,-0.06650659999999997,0.0005513233245693083,1
2010-11-01,11124.620117,-0.204572,-0.62723047,0.0005513233245693083,11130.560156000001,11118.2570311,-0.003531844508821602,0.00189651349661642,58.142153651521475,0.03595599999999999,-0.10835349999999999,-0.240528,-0.51887697,0.04345600000000002,0.01745116999999996,0.005761959449028353,1
2010-11-02,11188.719727,-0.143324,-0.37711155,0.005761959449028353,11134.4121092,11139.266992100002,0.0017243238318815912,0.0035083170117108146,57.37082812272649,0.061248,0.25011891999999997,-0.204572,-0.62723047,0.03595599999999999,-0.10835349999999999,0.0023604269875729944,1
2010-11-03,11215.129883,-0.172492,-0.37148437,0.0023604269875729944,11152.1820312,11149.9830077,0.00798556281344176,0.0026340905883716114,59.22666784787207,-0.029168,0.005627180000000009,-0.143324,-0.37711155,0.061248,0.25011891999999997,0.019590496346639563,1
2010-11-04,11434.839844,-0.36898,-0.3322315,0.019590496346639563,11216.359961,11178.8099609,0.02887269093075151,0.00804060574780118,72.11372702920573,-0.19648799999999997,0.039252869999999995,-0.172492,-0.37148437,-0.029168,0.005627180000000009,0.0008080772556555704,1
2010-11-05,11444.080078,-0.219464,-0.56503904,0.0008080772556555704,11281.477929800001,11209.9620117,0.02928363807923806,0.007976163765084837,69.51668753131364,0.14951599999999998,-0.23280754000000004,-0.36898,-0.3322315,-0.19648799999999997,0.039252869999999995,-0.003254104632804067,0
2010-11-08,11406.839844,-0.247456,-0.23295899,-0.003254104632804067,11337.921875200002,11234.2410156,0.025368931615806556,0.008748124495477383,83.36389495172976,-0.027992000000000017,0.33208005000000007,-0.219464,-0.56503904,0.14951599999999998,-0.23280754000000004,-0.005267878292479655,0
2010-11-09,11346.75,-0.231396,-0.70353514,-0.005267878292479655,11369.5279298,11251.9700195,0.014124071105173108,0.009846488660834323,70.85484823005908,0.01606000000000002,-0.47057614999999997,-0.247456,-0.23295899,-0.027992000000000017,0.33208005000000007,0.000906871042368973,1
2010-11-10,11357.040039,-0.2378,-0.47279298,0.000906871042368973,11397.909961000001,11275.0459961,0.012653456311291444,0.009885839759546797,69.33856876458934,-0.006404000000000021,0.23074215999999997,-0.231396,-0.70353514,0.01606000000000002,-0.47057614999999997,-0.006510537054204901,0
2010-11-11,11283.099609,-0.127356,-0.47493482,-0.006510537054204901,11367.561914,11291.9609375,-0.013269992152939447,0.0034179925482733407,62.45984876025295,0.11044400000000001,-0.002141840000000006,-0.2378,-0.47279298,-0.006404000000000021,0.23074215999999997,-0.008022576608983978,0
2010-11-12,11192.580078,-0.172176,-0.63389647,-0.008022576608983978,11317.261913999999,11299.369921900001,-0.021976427837435475,0.003456956861391563,52.1511828776988,-0.04482,-0.15896165000000007,-0.127356,-0.47493482,0.11044400000000001,-0.002141840000000006,0.0008389172947222967,1
2010-11-15,11201.969727,-0.311672,-0.46070313,0.0008389172947222967,11276.2878906,11307.104882900001,-0.017960286968328187,0.004207953530482318,52.436614382106896,-0.139496,0.17319334000000003,-0.172176,-0.63389647,-0.04482,-0.15896165000000007,-0.015931995117772546,0
2010-11-16,11023.5,-0.255704,-0.5531787,-0.015931995117772546,11211.637890599999,11290.5829102,-0.028488333663824417,0.007020392093346031,43.59544192838174,0.05596800000000002,-0.09247557,-0.311672,-0.46070313,-0.139496,0.17319334000000003,-0.0014169834444596185,0
2010-11-17,11007.879883,-0.1205519999999999,-0.5958136,-0.0014169834444596185,11141.8058594,11269.8579102,-0.030743939864699477,0.006529800513177914,43.41741961040985,0.1351520000000001,-0.04263490000000003,-0.255704,-0.5531787,0.05596800000000002,-0.09247557,0.015747863152805186,1
2010-11-18,11181.230469,-0.346864,-0.38008866,0.015747863152805186,11121.4320314,11244.4969727,-0.009028471211824152,0.011762892593653346,53.21909876529591,-0.22631200000000012,0.21572494000000003,-0.1205519999999999,-0.5958136,0.1351520000000001,-0.04263490000000003,0.0019961430955099946,1
2010-11-19,11203.549805,-0.180692,-0.5973535,0.0019961430955099946,11123.6259768,11220.4439454,0.0009800892129923078,0.011271816067476606,53.98357364567243,0.16617200000000001,-0.21726483999999996,-0.346864,-0.38008866,-0.22631200000000012,0.21572494000000003,-0.0022287335205897207,0
2010-11-22,11178.580078,-0.230152,-0.55707306,-0.0022287335205897207,11118.948047,11197.617968800001,-0.0020879943054677996,0.011314933156454586,49.46720892159473,-0.049460000000000004,0.04028043999999997,-0.180692,-0.5973535,0.16617200000000001,-0.21726483999999996,-0.012721648009649922,0
2010-11-23,11036.370117,-0.156052,-0.5136426,-0.012721648009649922,11121.5220704,11166.5799805,0.0011675163967888036,0.010252026338328184,41.62607412182422,0.0741,0.04343046000000006,-0.230152,-0.55707306,-0.049460000000000004,0.04028043999999997,0.013673894079317295,1
2010-11-24,11187.280273,-0.107568,-0.44469726,0.013673894079317295,11157.4021484,11149.6040039,0.016297451635265192,0.01174230499676663,37.60416613141652,0.048484,0.06894533999999997,-0.156052,-0.5136426,0.0741,0.04343046000000006,-0.008528449602739241,0
2010-11-26,11091.870117,-0.113036,-0.24751693,-0.008528449602739241,11139.530078,11130.4810547,-0.007991996251910827,0.010226271898249022,33.76507860840469,-0.005468000000000001,0.19718033,-0.107568,-0.44469726,0.048484,0.06894533999999997,-0.003550337552153948,0
2010-11-29,11052.490234,-0.466124,-0.3519629,-0.003550337552153948,11109.3181638,11116.4720703,-0.013483188242050193,0.010043027903488292,33.698607481488324,-0.35308799999999996,-0.10444597000000003,-0.113036,-0.24751693,-0.005468000000000001,0.19718033,-0.004204545945405758,0
2010-11-30,11006.019531,-0.326744,-0.39359742,-0.004204545945405758,11074.8060544,11096.8770507,-0.015436714305031352,0.01006012944043706,34.1262302034696,0.13938,-0.04163451999999995,-0.466124,-0.3519629,-0.35308799999999996,-0.10444597000000003,0.02269310365082622,1
2010-12-01,11255.780273,-0.1808,-0.61311525,0.02269310365082622,11118.6880856,11120.105078,0.019880644965143857,0.013456403415980546,46.143133657774655,0.145944,-0.21951783000000002,-0.326744,-0.39359742,0.13938,-0.04163451999999995,0.009473344398502448,1
2010-12-02,11362.410156,-0.225616,-0.61456656,0.009473344398502448,11153.7140622,11155.5581053,0.01565437521241586,0.012818776221530437,52.94744864929688,-0.04481600000000002,-0.0014513099999999834,-0.1808,-0.61311525,0.145944,-0.21951783000000002,0.0017319994376023828,1
2010-12-03,11382.089844,-0.214664,-0.49953124,0.0017319994376023828,11211.758007600001,11175.6440428,0.02616508523257899,0.011194942442679592,57.43426093948706,0.010952000000000017,0.11503532,-0.225616,-0.61456656,-0.04481600000000002,-0.0014513099999999834,-0.0017483093414949469,0
2010-12-06,11362.19043,-0.157792,-0.55880857,-0.0017483093414949469,11273.6980468,11191.508105300001,0.028020852264342366,0.01086582482982943,56.23388011448587,0.056872000000000006,-0.05927732999999996,-0.214664,-0.49953124,0.010952000000000017,0.11503532,-0.0002666980472356695,0
2010-12-07,11359.160156,-0.1845439999999999,-0.8807422,-0.0002666980472356695,11344.3261718,11209.5661131,0.03208613468341848,0.010093785121975982,65.12472363282052,-0.026751999999999915,-0.3219336300000001,-0.157792,-0.55880857,0.056872000000000006,-0.05927732999999996,0.0011726494579764601,1
2010-12-08,11372.480469,-0.134456,-0.64919937,0.0011726494579764601,11367.666211,11243.177148300001,0.010368023643810398,0.004352258061134844,66.46288923682431,0.05008799999999991,0.23154282999999998,-0.1845439999999999,-0.8807422,-0.026751999999999915,-0.3219336300000001,-0.0002128734365910434,0
2010-12-09,11370.05957,-0.079424,-0.6729004,-0.0002128734365910434,11369.196093800001,11261.455078,0.0006732210767765867,0.0013653162912798697,60.08259587814485,0.055032,-0.0237010299999999,-0.134456,-0.64919937,0.05008799999999991,0.23154282999999998,0.003540943805275143,1
2010-12-10,11410.320312,-0.233128,-0.50402564,0.003540943805275143,11374.8421874,11293.3000975,0.0024802534848098468,0.0019906446832977432,60.83302543436089,-0.153704,0.1688747599999999,-0.079424,-0.6729004,0.055032,-0.0237010299999999,0.0015984878164041483,1
2010-12-13,11428.55957,-0.08632,-0.5207715,0.0015984878164041483,11388.116015399999,11330.9070311,0.0058412275704129435,0.001563758484703489,63.189830597360654,0.146808,-0.01674586,-0.233128,-0.50402564,-0.153704,0.1688747599999999,0.004198295393756268,1
2010-12-14,11476.540039,-0.141848,-0.39410156,0.004198295393756268,11411.591991999998,11377.959081899999,0.010333500134514617,0.001798043286268746,75.78941581610648,-0.05552800000000001,0.12666994000000004,-0.08632,-0.5207715,0.146808,-0.01674586,-0.0016616778171116842,0
2010-12-15,11457.469727,-0.21982,-0.5108583,-0.0016616778171116842,11428.5898436,11398.1280273,0.007473238422494477,0.002469100054794115,68.72277939779019,-0.07797199999999999,-0.11675673999999997,-0.141848,-0.39410156,-0.05552800000000001,0.12666994000000004,0.0036465532089988706,1
2010-12-16,11499.25,-0.2573519999999999,-0.2446582,0.0036465532089988706,11454.427929599999,11411.8120117,0.011362335369013321,0.002405066993018706,80.49602818426087,-0.03753199999999993,0.2662001,-0.21982,-0.5108583,-0.07797199999999999,-0.11675673999999997,-0.0006382889318868878,0
2010-12-17,11491.910156,-0.310208,-0.6340625,-0.0006382889318868878,11470.7458984,11422.7940429,0.007150530552082257,0.0025710522018248133,84.55195771339069,-0.05285600000000007,-0.3894043,-0.2573519999999999,-0.2446582,-0.03753199999999993,0.2662001,-0.0011991281530169262,0
2010-12-20,11478.129883,-0.15712,-0.63029236,-0.0011991281530169262,11480.659961000001,11434.3879882,0.0043374068881019134,0.0028174640072951306,89.13430975945465,0.15308799999999997,0.0037701399999999774,-0.310208,-0.6340625,-0.05285600000000007,-0.3894043,0.004794358798945408,1
2010-12-21,11533.160156,-0.28454,-0.67875,0.004794358798945408,11491.9839844,11451.7879882,0.004933552865897806,0.003000225391250326,83.9541916655802,-0.12742,-0.04845763999999997,-0.15712,-0.63029236,0.15308799999999997,0.0037701399999999774,0.002282989019822379,1
2010-12-22,11559.490234,-0.225884,-0.79721373,0.002282989019822379,11512.3880858,11470.488964699998,0.008904278992733161,0.0026242459478057387,80.02785391646816,0.058656000000000014,-0.11846372999999999,-0.28454,-0.67875,-0.12742,-0.04845763999999997,0.001211126071876567,1
2010-12-23,11573.490234,-0.28166,-0.48338765,0.001211126071876567,11527.2361326,11490.832031099999,0.006456093571320043,0.0024076355530578213,79.67609657806389,-0.05577600000000002,0.31382607999999995,-0.225884,-0.79721373,0.058656000000000014,-0.11846372999999999,-0.0015950210892967664,0
2010-12-27,11555.030273,-0.123916,-0.34346595,-0.0015950210892967664,11539.860156,11505.3030272,0.005492569654927726,0.0026272238891105098,80.03333846566774,0.15774400000000002,0.13992169999999998,-0.28166,-0.48338765,-0.05577600000000002,0.31382607999999995,0.0017749642809610222,1
2010-12-28,11575.540039,-0.280876,-0.6581152,0.0017749642809610222,11559.3421872,11520.0010741,0.008486587710100135,0.002292188605767694,81.95945733715999,-0.15696000000000002,-0.31464925,-0.123916,-0.34346595,0.15774400000000002,0.13992169999999998,0.0008500548541880981,1
2010-12-29,11585.379883,-0.244796,-0.64485353,0.0008500548541880981,11569.7861326,11530.8850585,0.00452778998068748,0.001500210736818575,81.77204933762424,0.03608,0.013261670000000003,-0.280876,-0.6581152,-0.15696000000000002,-0.31464925,-0.0013525600505334134,0
2010-12-30,11569.709961,-0.080872,-0.5168994,-0.0013525600505334134,11571.830077999999,11542.1090819,0.0008840984155114029,0.0015456001715436491,78.66143288249923,0.16392400000000001,0.12795413,-0.244796,-0.64485353,0.03608,0.013261670000000003,0.0006741573493449504,1
2010-12-31,11577.509766,-0.243748,-0.40854493,0.0006741573493449504,11572.6339844,11549.9350585,0.00034730508418201467,0.0014727836478777207,76.46826025227399,-0.162876,0.10835447000000004,-0.080872,-0.5168994,0.16392400000000001,0.12795413,0.008053565566735532,1
2011-01-03,11670.75,-0.174936,-0.5561558,0.008053565566735532,11595.7779298,11567.819042899999,0.01001466238218307,0.003571280883804119,80.98403101816987,0.06881199999999998,-0.14761087,-0.243748,-0.40854493,-0.162876,0.10835447000000004,0.0017505034380824736,1
2011-01-04,11691.179688,-0.1884399999999999,-0.49403808,0.0017505034380824736,11618.9058596,11589.1240234,0.00999000034645392,0.003571683012875495,79.54188060192308,-0.013503999999999905,0.06211771999999999,-0.174936,-0.5561558,0.06881199999999998,-0.14761087,0.002712297718984402,1
2011-01-05,11722.889648,-0.270632,-0.53459686,0.002712297718984402,11646.4078126,11608.0969726,0.011869249553204453,0.0035191322766663087,85.30272089517706,-0.08219200000000007,-0.04055877999999996,-0.1884399999999999,-0.49403808,-0.013503999999999905,0.06211771999999999,-0.00218206250916686,0
2011-01-06,11697.30957,-0.394272,-0.085649416,-0.00218206250916686,11671.9277344,11621.8789062,0.011028764716671358,0.0037503126291458773,77.52970655826626,-0.12364000000000003,0.448947444,-0.270632,-0.53459686,-0.08219200000000007,-0.04055877999999996,-0.0019277769699994618,0
2011-01-07,11674.759766,-0.254696,-0.58004075,-0.0019277769699994618,11691.377734400001,11632.0058594,0.008399906539970914,0.004172065445252334,74.38452019507449,0.13957600000000003,-0.494391334,-0.394272,-0.085649416,-0.12364000000000003,0.448947444,-0.003195746357767093,0
2011-01-10,11637.450195,-0.144452,-0.44916454,-0.003195746357767093,11684.7177734,11640.2478516,-0.0028532703553756367,0.002621786217404691,69.99205920778027,0.11024399999999998,0.13087621,-0.254696,-0.58004075,0.13957600000000003,-0.494391334,0.0029585250568713306,1
2011-01-11,11671.879883,-0.163752,-0.28478748,0.0029585250568713306,11680.8578124,11649.881835999999,-0.0016508004765173334,0.0029268351080362254,68.35604651995567,-0.01930000000000001,0.16437706000000002,-0.144452,-0.44916454,0.11024399999999998,0.13087621,0.007159133561827291,1
2011-01-12,11755.44043,-0.330948,-0.8232138,0.007159133561827291,11687.3679688,11666.8878907,0.002776685866487938,0.004390758158490155,72.51841065260253,-0.167196,-0.53842632,-0.163752,-0.28478748,-0.01930000000000001,0.16437706000000002,-0.0020024803953688775,0
2011-01-13,11731.900391,-0.111632,-0.75741804,-0.0020024803953688775,11694.286133,11683.106933699999,0.0029571604301825705,0.004363344778620984,67.81374923065874,0.219316,0.06579575999999998,-0.330948,-0.8232138,-0.167196,-0.53842632,0.0047289433212849286,1
2011-01-14,11787.379883,-0.022528,-0.6780676,0.0047289433212849286,11716.8101564,11704.0939454,0.009646461191259892,0.0044151291762511095,74.12024950862588,0.08910399999999999,0.07935044000000002,-0.111632,-0.75741804,0.219316,0.06579575999999998,0.004288468302689141,1
2011-01-18,11837.929688,-0.052512,-0.60174805,0.004288468302689141,11756.906055,11720.811914200001,0.01722709782991272,0.0033935501302460014,75.6395893980625,-0.029984000000000004,0.07631955000000001,-0.022528,-0.6780676,0.08910399999999999,0.07935044000000002,-0.0010677246218833147,0
2011-01-19,11825.290039,-0.143184,-0.4675605,-0.0010677246218833147,11787.5880862,11734.2229493,0.013143568777077785,0.0039623790755824164,73.31541498548631,-0.090672,0.13418755,-0.052512,-0.60174805,-0.029984000000000004,0.07631955000000001,-0.00021058544794982925,0
2011-01-20,11822.799805,-0.214716,-0.45080748,-0.00021058544794982925,11801.0599612,11744.213964999999,0.005730059660554954,0.003137132874463192,75.24291893547692,-0.07153199999999998,0.016753020000000007,-0.143184,-0.4675605,-0.090672,0.13418755,0.004147920950100081,1
2011-01-21,11871.839844,-0.324448,-0.6089145,0.004147920950100081,11829.047851799998,11761.666992399998,0.01192811465628818,0.002778634323871213,77.12475475110587,-0.10973200000000002,-0.15810702000000004,-0.214716,-0.45080748,-0.07153199999999998,0.016753020000000007,0.009154409798993957,1
2011-01-24,11980.519531,-0.144668,-0.3902246,0.009154409798993957,11867.6757814,11792.2429689,0.016385290871854474,0.004103789410447077,77.75770939533388,0.17978000000000002,0.21868990000000005,-0.324448,-0.6089145,-0.10973200000000002,-0.15810702000000004,-0.00027787617985886026,0
2011-01-25,11977.19043,-0.311012,-0.28315243,-0.00027787617985886026,11895.5279298,11826.2169924,0.011763944006287552,0.0043207546252487985,76.43901360418073,-0.16634400000000002,0.10707216999999997,-0.144668,-0.3902246,0.17978000000000002,0.21868990000000005,0.0006888092869705709,1
2011-01-26,11985.44043,-0.251876,-0.54423094,0.0006888092869705709,11927.558008,11857.5730471,0.013543041267640943,0.004035468429218812,75.37076820084009,0.05913600000000002,-0.26107851000000004,-0.311012,-0.28315243,-0.16634400000000002,0.10707216999999997,0.0003662483682296269,1
2011-01-27,11989.830078,-0.198676,-0.40541115,0.0003662483682296269,11960.9640626,11881.0120119,0.01412781031184851,0.0039385195617446375,79.47385309831526,0.0532,0.13881979000000005,-0.251876,-0.54423094,0.05913600000000002,-0.26107851000000004,-0.013855899701600505,0
2011-01-28,11823.700195,-0.1389079999999999,-0.66643554,-0.013855899701600505,11951.3361328,11890.191992299999,-0.00405494427422981,0.008267329485006915,61.63929216033816,0.0597680000000001,-0.26102439000000005,-0.198676,-0.40541115,0.0532,0.13881979000000005,0.005770570284660437,1
2011-01-31,11891.929688,-0.111436,-0.29318416,0.005770570284660437,11933.6181642,11900.6469728,-0.007394490929276576,0.007336372467986997,68.97013116036533,0.0274719999999999,0.37325138,-0.1389079999999999,-0.66643554,0.0597680000000001,-0.26102439000000005,0.012464795192119071,1
2011-02-01,12040.160156,0.02072,-0.51070803,0.012464795192119071,11946.2121094,11920.870019599999,0.00525747055355108,0.009687083465244876,73.47115328378217,0.132156,-0.21752386999999995,-0.111436,-0.29318416,0.0274719999999999,0.37325138,0.0001502945954665602,1
2011-02-02,12041.969727,-0.044536,-0.6128223,0.0001502945954665602,11957.5179688,11942.537988400001,0.004716497264339425,0.00969560600415121,70.38521291374441,-0.065256,-0.10211427000000006,0.02072,-0.51070803,0.132156,-0.21752386999999995,0.0016849435316637074,1
2011-02-03,12062.259766,-0.296864,-0.5364063,0.0016849435316637074,11972.003906400001,11966.4839845,0.006040926979682393,0.009692699203319853,73.61271266025142,-0.252328,0.07641600000000004,-0.044536,-0.6128223,-0.065256,-0.10211427000000006,0.0024780286264645124,1
2011-02-04,12092.150391,-0.092372,-0.67705077,0.0024780286264645124,12025.6939456,11988.515039200001,0.022704414994683564,0.004898588739204753,72.61082446743733,0.204492,-0.14064447000000002,-0.296864,-0.5364063,-0.252328,0.07641600000000004,0.005745834260522775,1
2011-02-07,12161.629883,-0.1430799999999999,-0.5501074,0.005745834260522775,12079.633984600001,12006.6260744,0.022679262497839137,0.004897009278960894,73.359107098936,-0.050707999999999906,0.12694337,-0.092372,-0.67705077,0.204492,-0.14064447000000002,0.005880832477888065,1
2011-02-08,12233.150391,-0.176584,-0.7601953,0.005880832477888065,12118.232031599999,12032.2220705,0.01602887606971115,0.002538934573811251,77.12707576622304,-0.03350400000000009,-0.2100879,-0.1430799999999999,-0.5501074,-0.050707999999999906,0.12694337,0.0005509011811837272,1
2011-02-09,12239.889648,-0.294128,-0.3624066,0.0005509011811837272,12157.8160158,12057.666992299999,0.016435842763848907,0.0024227724132674542,77.5850220679796,-0.11754400000000001,0.3977887,-0.176584,-0.7601953,-0.03350400000000009,-0.2100879,-0.0008659889349356131,0
2011-02-10,12229.290039,-0.161596,-0.54577637,-0.0008659889349356131,12191.222070400001,12081.6129884,0.013847345044815773,0.003031592040045827,74.90708221030452,0.132532,-0.18336977,-0.294128,-0.3624066,-0.11754400000000001,0.3977887,0.0035954439595249355,1
2011-02-11,12273.259766,-0.110064,-0.40407205,0.0035954439595249355,12227.443945399998,12126.5689455,0.014977433222695957,0.0030469485384417585,72.41992091869001,0.051531999999999994,0.14170432,-0.161596,-0.54577637,0.132532,-0.18336977,-0.0004130390863267275,0
2011-02-14,12268.19043,-0.125848,-0.6818836,-0.0004130390863267275,12248.7560548,12164.1950197,0.008762028447268921,0.0028909087609825432,72.22739398260228,-0.015783999999999992,-0.27781155,-0.110064,-0.40407205,0.051531999999999994,0.14170432,-0.003386871294269622,0
2011-02-15,12226.639648,-0.368724,-0.3516406,-0.003386871294269622,12247.4539062,12182.8429689,-0.0005322212833080986,0.0025282482747754536,67.53160093670681,-0.242876,0.330243,-0.125848,-0.6818836,-0.015783999999999992,-0.27781155,0.005032476278963749,1
2011-02-16,12288.169922,-0.3338839999999999,-0.3433116,0.005032476278963749,12257.109960999998,12207.462988399999,0.003944502392461358,0.0034461916695045147,70.02175848325706,0.03484000000000009,0.00832900000000003,-0.368724,-0.3516406,-0.242876,0.330243,0.002438908819639929,1
2011-02-17,12318.139648,-0.31732,-0.4425396,0.002438908819639929,12274.8798828,12233.0509766,0.007265312108605926,0.0033645649062156477,90.60244552041944,0.016563999999999912,-0.09922799999999998,-0.3338839999999999,-0.3433116,0.03484000000000009,0.00832900000000003,0.005935178045482603,1
2011-02-18,12391.25,-0.325444,-0.2382422,0.005935178045482603,12298.477929600002,12262.9609375,0.00961360194842964,0.0038627831659169554,90.67717856891913,-0.00812400000000002,0.2042974,-0.31732,-0.4425396,0.016563999999999912,-0.09922799999999998,-0.014402095107434731,0
2011-02-22,12212.790039,-0.0536999999999999,-0.6050635,-0.014402095107434731,12287.397851400001,12268.0769531,-0.004515775273957856,0.00838973451822978,63.40316477234907,0.2717440000000001,-0.3668213,-0.325444,-0.2382422,-0.00812400000000002,0.2042974,-0.008762106419440308,0
2011-02-23,12105.780273,-0.190772,-0.7465625,-0.008762106419440308,12263.2259764,12255.3399413,-0.009884921653004586,0.009105671078890567,54.258638830225756,-0.13707200000000008,-0.14149900000000004,-0.0536999999999999,-0.6050635,0.2717440000000001,-0.3668213,-0.0030795431735324286,0
2011-02-24,12068.5,-0.218124,-0.6191237,-0.0030795431735324286,12219.291992,12238.2009765,-0.017876536815031763,0.008230858384441387,50.407230451141956,-0.027352000000000015,0.12743879999999996,-0.190772,-0.7465625,-0.13707200000000008,-0.14149900000000004,0.005133214152545751,1
2011-02-25,12130.450195,-0.253616,-0.60239816,0.005133214152545751,12181.754101399998,12228.3169921,-0.015236834324286463,0.00879199067049144,52.39901781428045,-0.035491999999999996,0.01672554000000004,-0.218124,-0.6191237,-0.027352000000000015,0.12743879999999996,0.007904871415203019,1
2011-02-28,12226.339844,-0.1683,-0.68186814,0.007904871415203019,12148.772070199999,12223.624999900001,-0.013308597276303846,0.009322518859568581,53.92348310827337,0.085316,-0.07946997999999994,-0.253616,-0.60239816,-0.035491999999999996,0.01672554000000004,-0.013767023912933496,0
2011-03-01,12058.019531,-0.107004,-0.7733887,-0.013767023912933496,12117.817968599998,12202.60791,-0.012672821485161023,0.009124444995274223,40.49698799462877,0.061296,-0.09152056000000008,-0.1683,-0.68186814,0.085316,-0.07946997999999994,0.0007281688321558732,1
2011-03-02,12066.799805,-0.26374,-0.23386675,0.0007281688321558732,12110.021875,12186.623925700002,-0.003219988065283119,0.008462918790264638,40.628496324861544,-0.156736,0.53952195,-0.107004,-0.7733887,0.061296,-0.09152056000000008,0.01586173576201122,1
2011-03-03,12258.200195,-0.255884,-0.5001196,0.01586173576201122,12147.961914,12183.626953,0.015718622446865727,0.010956489723079638,51.30899172087624,0.007855999999999974,-0.26625285,-0.26374,-0.23386675,-0.156736,0.53952195,-0.007204998335402002,0
2011-03-04,12169.879883,-0.268904,-0.5171094,-0.007204998335402002,12155.8478516,12168.8009765,0.0032504719417794092,0.011764064698724923,45.49990690177013,-0.013019999999999976,-0.016989800000000055,-0.255884,-0.5001196,0.007855999999999974,-0.26625285,-0.006561248818202414,0
2011-03-07,12090.030273,-0.057088,-0.8319922,-0.006561248818202414,12128.585937400001,12138.6790038,-0.01114884525861537,0.011321068542424201,42.71877672169498,0.21181599999999998,-0.3148827999999999,-0.268904,-0.5171094,-0.013019999999999976,-0.016989800000000055,0.010285301789334733,1
2011-03-08,12214.379883,-0.246936,-0.3437413,0.010285301789334733,12159.8580078,12138.8379882,0.012967332786119057,0.010228701637781014,49.530716174032754,-0.189848,0.48825089999999993,-0.057088,-0.8319922,0.21181599999999998,-0.3148827999999999,-0.00010561641379724929,0
2011-03-09,12213.089844,-0.289772,-0.32425985,-0.00010561641379724929,12189.1160156,12149.5689453,0.012123350131273636,0.010273987260415477,46.987108553956745,-0.042835999999999985,0.01948145000000001,-0.246936,-0.3437413,-0.189848,0.48825089999999993,-0.01870775495131949,0
2011-03-10,11984.610352,-0.282684,-0.5864844,-0.01870775495131949,12134.398047,12141.1799805,-0.02231892436473626,0.010622303874685714,38.45512113243523,0.007087999999999983,-0.26222455,-0.289772,-0.32425985,-0.042835999999999985,0.01948145000000001,0.004988901369665344,1
2011-03-11,12044.400391,0.058324,-0.34570807,0.004988901369665344,12109.3021486,12132.5750001,-0.010310659859123272,0.011217331692082173,37.88230511884502,0.341008,0.24077633000000004,-0.282684,-0.5864844,0.007087999999999983,-0.26222455,-0.004254278613843532,0
2011-03-14,11993.160156,-0.076276,-0.3543564,-0.004254278613843532,12089.928125199998,12109.2570313,-0.00801239656250785,0.01102972284076678,41.578287134535394,-0.1346,-0.008648330000000037,0.058324,-0.34570807,0.341008,0.24077633000000004,-0.011484899076503297,0
2011-03-15,11855.419922,-0.18734,-0.45011163,-0.011484899076503297,12018.136132999998,12088.997070399999,-0.02938830824310623,0.009355216825993572,40.62096434130925,-0.11106400000000001,-0.09575522999999997,-0.076276,-0.3543564,-0.1346,-0.008648330000000037,-0.02042273648617865,0
2011-03-16,11613.299805,-0.1852519999999999,-0.2745508,-0.02042273648617865,11898.1781252,12043.647070399998,-0.049110425507486344,0.010539698675381482,35.21616982888793,0.0020880000000001175,0.17556083,-0.18734,-0.45011163,-0.11106400000000001,-0.09575522999999997,0.013888390182655641,1
2011-03-17,11774.589844,-0.100192,-0.4825,0.013888390182655641,11856.1740236,11995.2860353,-0.0175241832509766,0.013463978254914825,39.1430544906226,0.08505999999999989,-0.2079492,-0.1852519999999999,-0.2745508,0.0020880000000001175,0.17556083,0.007128034871020761,1
2011-03-18,11858.519531,-0.061484,-0.5570749,0.007128034871020761,11818.997851600001,11964.150000099999,-0.015432969177850975,0.013828494619260629,38.695671995815474,0.038708000000000006,-0.07457490000000006,-0.100192,-0.4825,0.08505999999999989,-0.2079492,0.015011211267532465,1
2011-03-21,12036.530273,-0.257876,-0.5255762,0.015011211267532465,11827.671875,11958.8000001,0.0036162376251018813,0.0159266201517929,49.343474931626474,-0.196392,0.03149869999999999,-0.061484,-0.5570749,0.038708000000000006,-0.07457490000000006,-0.001487171933605702,0
2011-03-22,12018.629883,-0.0306159999999999,-0.5382544,-0.001487171933605702,11860.3138672,11939.2250001,0.013766695914088523,0.014564258687201879,48.536501127072746,0.2272600000000001,-0.012678199999999973,-0.257876,-0.5255762,-0.196392,0.03149869999999999,0.005607099033419827,1
2011-03-23,12086.019531,-0.303096,-0.32792473,0.005607099033419827,11954.8578124,11926.517968799999,0.04070503077828702,0.006714138010726796,44.34249056815196,-0.27248000000000006,0.21032967000000002,-0.0306159999999999,-0.5382544,0.2272600000000001,-0.012678199999999973,0.006994862020796688,1
2011-03-24,12170.55957,-0.298652,-0.37571898,0.006994862020796688,12034.0517576,11945.1128906,0.03362917360571793,0.005864266946049429,50.02238876341883,0.0044440000000000035,-0.04779424999999998,-0.303096,-0.32792473,-0.27248000000000006,0.21032967000000002,0.00411076201650773,1
2011-03-25,12220.589844,-0.132588,-0.24054705,0.00411076201650773,12106.4658202,11962.7318359,0.03053250551668718,0.005957386225360667,54.38678582335213,0.16606399999999996,0.13517192999999997,-0.298652,-0.37571898,0.0044440000000000035,-0.04779424999999998,-0.0018583359142153588,0
2011-03-28,12197.879883,-0.459308,-0.41023436,-0.0018583359142153588,12138.7357422,11983.2038086,0.013404993494008366,0.004098616314807281,49.40495979469846,-0.32672,-0.16968731,-0.132588,-0.24054705,0.16606399999999996,0.13517192999999997,0.006651146246575923,1
2011-03-29,12279.009766,-0.188524,-0.6275,0.006651146246575923,12190.8117188,12025.562793000001,0.021664689364325973,0.003621449433241394,52.24783083045209,0.270784,-0.21726563999999993,-0.459308,-0.41023436,-0.32672,-0.16968731,0.005831136823285066,1
2011-03-30,12350.610352,-0.1177959999999999,-0.515083,0.005831136823285066,12243.729883,12099.2938477,0.02189230460213465,0.0036429699976713204,63.975633341222164,0.0707280000000001,0.11241699999999999,-0.188524,-0.6275,0.270784,-0.21726563999999993,-0.002500271818145383,0
2011-03-31,12319.730469,-0.21414,-0.5897106,-0.002500271818145383,12273.5640628,12153.8079102,0.012256700124758657,0.004327434212741701,60.750783227116116,-0.0963440000000001,-0.07462760000000002,-0.1177959999999999,-0.515083,0.0707280000000001,0.11241699999999999,0.0046258526632056984,1
2011-04-01,12376.719727,-0.208384,-0.42345124,0.0046258526632056984,12304.790039399999,12205.627929799999,0.012775969490266048,0.004382724454988764,64.90986853496759,0.005755999999999983,0.16625935999999997,-0.21414,-0.5897106,-0.0963440000000001,-0.07462760000000002,0.001883418750216137,1
2011-04-04,12400.030273,-0.287624,-0.6823633,0.001883418750216137,12345.2201174,12241.977929800001,0.016572584083381026,0.0037096010726186484,73.2375797520362,-0.07923999999999998,-0.25891206,-0.208384,-0.42345124,0.005755999999999983,0.16625935999999997,-0.0004943441157033712,0
2011-04-05,12393.900391,-0.3287,-0.67716795,-0.0004943441157033712,12368.198242399998,12279.504980599999,0.009356668590501993,0.003463195930709934,91.70584200784437,-0.041076,0.005195350000000043,-0.287624,-0.6823633,-0.07923999999999998,-0.25891206,0.0026504657907251428,1
2011-04-06,12426.75,-0.164036,-0.4294932,0.0026504657907251428,12383.426172000001,12313.5780275,0.0061648490098848985,0.0027778021515225144,90.38641581628748,0.164664,0.24767474999999994,-0.3287,-0.67716795,-0.041076,0.005195350000000043,-0.0013889203532700956,0
2011-04-07,12409.490234,-0.31704,-0.38150623,-0.0013889203532700956,12401.378125,12337.471093900002,0.0072858546074414665,0.0024266650323788177,87.19103827546482,-0.153004,0.04798697000000002,-0.164036,-0.4294932,0.164664,0.24767474999999994,-0.002372412439580973,0
2011-04-08,12380.049805,-0.232312,-0.52255446,-0.002372412439580973,12402.044140599999,12353.417089999999,0.0002690598214594164,0.0021423452006546924,79.00562708243272,0.084728,-0.14104823000000005,-0.31704,-0.38150623,-0.153004,0.04798697000000002,8.56658104533281e-05,1
2011-04-11,12381.110352,-0.140732,-0.5403326,8.56658104533281e-05,12398.2601564,12371.7401369,-0.0015257963556102316,0.0018955421774915552,81.502491922278,0.09158,-0.017778139999999998,-0.232312,-0.52255446,0.084728,-0.14104823000000005,-0.009492708703707886,0
2011-04-12,12263.580078,-0.304276,-0.43308595,-0.009492708703707886,12372.196093800001,12370.1971681,-0.010514874969838606,0.004543566355025639,64.19437541948372,-0.163544,0.10724665000000005,-0.140732,-0.5403326,0.09158,-0.017778139999999998,0.0006042408458923898,1
2011-04-13,12270.990234,-0.226844,-0.68221927,0.0006042408458923898,12341.0441406,12362.235156300001,-0.012534231878809754,0.004076453968799995,59.15784937469557,0.077432,-0.24913332000000005,-0.304276,-0.43308595,-0.163544,0.10724665000000005,0.0011539538969531637,1
2011-04-14,12285.150391,-0.223132,-0.7285156,0.0011539538969531637,12316.176172000001,12358.7771485,-0.01001973817259072,0.004397692058957207,56.299070069412856,0.003711999999999993,-0.04629633,-0.226844,-0.68221927,0.077432,-0.24913332000000005,0.004613674655665978,1
2011-04-15,12341.830078,-0.296988,-0.53654295,0.004613674655665978,12308.5322266,12355.2881836,-0.0030872030082272905,0.005273971747183905,63.17186284987098,-0.07385599999999998,0.19197265000000008,-0.223132,-0.7285156,0.003711999999999993,-0.04629633,-0.011363001525194094,0
2011-04-18,12201.589844,-0.199292,-0.6666641,-0.011363001525194094,12272.628125,12335.444140700001,-0.014499548335824342,0.007075586611360928,43.60737586636872,0.09769599999999998,-0.13012115000000002,-0.296988,-0.53654295,-0.07385599999999998,0.19197265000000008,0.005340300471748938,1
2011-04-19,12266.75,-0.2107679999999999,-0.61333984,0.005340300471748938,12273.2621094,12322.7291016,0.0002584825947917757,0.006719280830341297,43.001145864347905,-0.011475999999999903,0.05332426000000001,-0.199292,-0.6666641,0.09769599999999998,-0.13012115000000002,0.015227345384881907,1
2011-04-20,12453.540039,-0.251312,-0.20820054,0.015227345384881907,12309.7720704,12325.4081055,0.01487653412796286,0.009582438006873821,58.861434871774115,-0.04054400000000008,0.4051393,-0.2107679999999999,-0.61333984,-0.011475999999999903,0.05332426000000001,0.0042116695201321885,1
2011-04-21,12505.990234,-0.1841043478260869,-0.5592155,0.0042116695201321885,12353.940039,12335.058105499998,0.017976161135299318,0.009533057184365874,58.61261730201184,0.06720765217391308,-0.35101496,-0.251312,-0.20820054,-0.04054400000000008,0.4051393,-0.002087827553952093,0
2011-04-25,12479.879883,-0.19404,-0.4920996,-0.002087827553952093,12381.55,12345.0411133,0.011185521444350588,0.009822664149091788,55.300188040305976,-0.009935652173913095,0.06711589999999995,-0.1841043478260869,-0.5592155,0.06720765217391308,-0.35101496,0.009254114228881338,1
2011-04-26,12595.370117,-0.306012,-0.3753711,0.009254114228881338,12460.3060546,12366.4670898,0.032272865916209925,0.006403560976384043,61.677619469814324,-0.11197200000000002,0.11672850000000001,-0.19404,-0.4920996,-0.009935652173913095,0.06711589999999995,0.007589284245882011,1
2011-04-27,12690.959961,-0.18872,-0.76272535,0.007589284245882011,12545.148046799999,12409.2050781,0.03458209884443719,0.006390445154259113,64.2758772309563,0.11729200000000001,-0.38735424999999996,-0.306012,-0.3753711,-0.11197200000000002,0.11672850000000001,0.0057008775713054405,1
2011-04-28,12763.30957,-0.067628,-0.3328984,0.0057008775713054405,12607.101953,12458.437011700002,0.02487401413814161,0.004362620926622091,68.04350233647824,0.121092,0.42982695,-0.18872,-0.76272535,0.11729200000000001,-0.38735424999999996,0.0037004876157682443,1
2011-04-29,12810.540039,-0.267512,-0.36963317,0.0037004876157682443,12668.011913999999,12510.975976500002,0.02435231431510476,0.004389675121076962,71.5622034666454,-0.19988400000000003,-0.03673477000000003,-0.067628,-0.3328984,0.121092,0.42982695,-0.00024820866179875445,0
2011-05-02,12807.360352,-0.288644,-0.7413379,-0.00024820866179875445,12733.5080078,12557.5290039,0.026240674755699578,0.0036853396169567085,71.30459403559013,-0.021131999999999984,-0.37170473,-0.267512,-0.36963317,-0.19988400000000003,-0.03673477000000003,1.1666260329556977e-05,1
2011-05-03,12807.509766,-0.22246,-0.35913575,1.1666260329556977e-05,12775.9359376,12618.1209961,0.016842668935442617,0.0034537143845138163,80.80043630652514,0.06618400000000002,0.38220215,-0.288644,-0.7413379,-0.021131999999999984,-0.37170473,-0.006553162131705426,0
2011-05-04,12723.580078,-0.28002,-0.66611326,-0.006553162131705426,12782.459961,12663.8040039,0.0025703427558074754,0.0046860200855601344,73.58443139302958,-0.05756,-0.30697751000000006,-0.22246,-0.35913575,0.06618400000000002,0.38220215,-0.010956834094285495,0
2011-05-05,12584.169922,-0.279036,-0.2649836,-0.010956834094285495,12746.6320314,12676.8669922,-0.014035516965056338,0.005858608830716356,63.78275361970625,0.0009839999999999849,0.40112966000000005,-0.28002,-0.66611326,-0.05756,-0.30697751000000006,0.004336425234103158,1
2011-05-06,12638.740234,-0.236752,-0.6481543,0.004336425234103158,12712.2720704,12690.1419922,-0.013410816755341837,0.006039375930134977,63.712189977989404,0.042284000000000016,-0.3831707,-0.279036,-0.2649836,0.0009839999999999849,0.40112966000000005,0.0036348127384100426,1
2011-05-09,12684.679688,-0.146956,-0.5644434,0.0036348127384100426,12687.735937599999,12710.6219727,-0.009578918733308073,0.00664942919506719,74.43921867776969,0.08979599999999999,0.08371089999999992,-0.236752,-0.6481543,0.042284000000000016,-0.3831707,0.005966304696806368,1
2011-05-10,12760.360352,-0.429748,-0.5740918,0.005966304696806368,12678.306054800001,12727.120996200001,-0.003681388096627991,0.0075507764766383125,74.70843526567165,-0.28279200000000004,-0.009648400000000001,-0.146956,-0.5644434,0.08979599999999999,0.08371089999999992,-0.010213667592825604,0
2011-05-11,12630.030273,-0.1218239999999999,-0.6475977,-0.010213667592825604,12659.5960938,12721.0280274,-0.007352475044484885,0.008389298525878674,59.36376973849168,0.3079240000000001,-0.07350590000000001,-0.429748,-0.5740918,-0.28279200000000004,-0.009648400000000001,0.00521690348920667,1
2011-05-12,12695.919922,-0.396792,-0.34093437,0.00521690348920667,12681.946093800001,12714.289062599999,0.00888020431165959,0.006766846064261989,59.93512399926587,-0.2749680000000001,0.30666333000000007,-0.1218239999999999,-0.6475977,0.3079240000000001,-0.07350590000000001,-0.007889930199261985,0
2011-05-13,12595.75,-0.291648,-0.5078259,-0.007889930199261985,12673.348047,12692.810058699999,-0.003401465114723279,0.007752995204587766,55.625258961547246,0.10514399999999996,-0.16689153000000007,-0.396792,-0.34093437,-0.2749680000000001,0.30666333000000007,-0.0037615769604826266,0
2011-05-16,12548.370117,-0.237916,-0.6651172,-0.0037615769604826266,12646.0861328,12666.9110352,-0.01074600024224115,0.007428180417851785,47.556661614986574,0.05373200000000003,-0.1572912999999999,-0.291648,-0.5078259,0.10514399999999996,-0.16689153000000007,-0.005481989960337996,0
2011-05-17,12479.580078,-0.25886,-0.72628903,-0.005481989960337996,12589.930078,12634.1180664,-0.02200410225530902,0.005916884083930817,38.69625115384475,-0.02094399999999999,-0.06117183000000004,-0.237916,-0.6651172,0.05373200000000003,-0.1572912999999999,0.006458519396985718,1
2011-05-18,12560.179688,-0.166616,-0.35473633,0.006458519396985718,12575.959961,12617.7780274,-0.0055305160391676544,0.006508131714488464,39.23243616474192,0.09224399999999999,0.3715527,-0.25886,-0.72628903,-0.02094399999999999,-0.06117183000000004,0.0035939473097768015,1
2011-05-19,12605.320312,-0.04392,-0.33081055,0.0035939473097768015,12557.840038999999,12619.8930664,-0.007136120151719383,0.0061451892856920175,39.09750172218738,0.12269599999999999,0.023925780000000008,-0.166616,-0.35473633,0.09224399999999999,0.3715527,-0.0074000716119208,0
2011-05-20,12512.040039,-0.14108,-0.31441405,-0.0074000716119208,12541.0980468,12607.2230469,-0.006645889367445368,0.006018782183199998,35.68157497993417,-0.09716000000000001,0.01639649999999998,-0.04392,-0.33081055,0.12269599999999999,0.023925780000000008,-0.010452354099919625,0
2011-05-23,12381.259766,-0.2703279999999999,-0.5729297,-0.010452354099919625,12507.6759766,12576.8810547,-0.013317295349266733,0.00730431167906376,31.657051427145205,-0.1292479999999999,-0.25851565,-0.14108,-0.31441405,-0.09716000000000001,0.01639649999999998,-0.0020232032501884545,0
2011-05-24,12356.209961,-0.3482719999999999,-0.52097654,-0.0020232032501884545,12483.0019532,12536.466015599999,-0.009885758673682243,0.007131552148923824,33.346938398767634,-0.07794400000000001,0.05195315999999994,-0.2703279999999999,-0.5729297,-0.1292479999999999,-0.25851565,0.0031118113985890705,1
2011-05-25,12394.660156,-0.249572,-0.400083,0.0031118113985890705,12449.898046799999,12512.9290039,-0.013178118156871421,0.006245335227780463,40.54390409127986,0.09869999999999993,0.12089354000000002,-0.3482719999999999,-0.52097654,-0.07794400000000001,0.05195315999999994,0.0006534757627927323,1
2011-05-26,12402.759766,-0.154796,-0.6894141,0.0006534757627927323,12409.3859376,12483.6129883,-0.016069448533344022,0.005619339277207253,37.65250171393258,0.094776,-0.2893311,-0.249572,-0.400083,0.09869999999999993,0.12089354000000002,0.003129973710078726,1
2011-05-27,12441.580078,-0.245556,-0.59896487,0.003129973710078726,12395.2939454,12468.1959961,-0.0056313727242220946,0.005635251814304715,37.18452177310434,-0.09076000000000001,0.09044923000000005,-0.154796,-0.6894141,0.094776,-0.2893311,0.010304958067722358,1
2011-05-31,12569.790039,-0.31634,-0.7034863,0.010304958067722358,12433.0,12470.3379883,0.015227067080663348,0.004585964655964768,40.48091048560522,-0.07078400000000001,-0.10452143000000003,-0.245556,-0.59896487,-0.09076000000000001,0.09044923000000005,-0.022247817197609043,0
2011-06-01,12290.139648,-0.4184319999999999,-0.31695312,-0.022247817197609043,12419.7859374,12451.3939453,-0.0053471342109383535,0.012409361560720917,35.22613628613448,-0.1020919999999999,0.38653318000000003,-0.31634,-0.7034863,-0.07078400000000001,-0.10452143000000003,-0.0033840008487427964,0
2011-06-02,12248.549805,-0.372264,-0.2868457,-0.0033840008487427964,12390.5638672,12420.230957,-0.011788169192300968,0.012208426325263005,30.13473137020455,0.04616799999999993,0.030107419999999996,-0.4184319999999999,-0.31695312,-0.1020919999999999,0.38653318000000003,-0.00794298431641971,0
2011-06-03,12151.259766,-0.38576,-0.38840944,-0.00794298431641971,12340.2638672,12374.8249024,-0.02027774501360924,0.012292008078634347,30.21200152974508,-0.013496000000000008,-0.10156374000000001,-0.372264,-0.2868457,0.04616799999999993,0.030107419999999996,-0.005044728380469654,0
2011-06-06,12089.959961,-0.254932,-0.23808213,-0.005044728380469654,12269.9398438,12332.6168946,-0.028261693032202384,0.011627620905673314,29.84214231839313,0.130828,0.15032731,-0.38576,-0.38840944,-0.013496000000000008,-0.10156374000000001,-0.0015839912672810375,0
2011-06-07,12070.80957,-0.2702199999999999,-0.47708043,-0.0015839912672810375,12170.14375,12301.571875,-0.0396968022100469,0.008279515505312637,31.204417723396887,-0.015287999999999913,-0.2389983,-0.254932,-0.23808213,0.130828,0.15032731,-0.0018117376364176208,0
2011-06-08,12048.94043,-0.136976,-0.46480468,-0.0018117376364176208,12121.9039064,12270.8449219,-0.019625425333490876,0.002628346030701658,25.150730596702843,0.13324399999999992,0.012275749999999974,-0.2702199999999999,-0.47708043,-0.015287999999999913,-0.2389983,0.006259465090574734,1
2011-06-09,12124.360352,-0.093644,-0.48507568,0.006259465090574734,12097.0660158,12243.8149415,-0.010139114832133478,0.005315393424449251,27.290927978051144,0.04333199999999998,-0.020270999999999983,-0.136976,-0.46480468,0.13324399999999992,0.012275749999999974,-0.01422344692778399,0
2011-06-10,11951.910156,-0.136712,-0.2894043,-0.01422344692778399,12057.196093800001,12198.7299805,-0.01640567429541684,0.007397751806815625,25.392532461956208,-0.043067999999999995,0.19567138,-0.093644,-0.48507568,0.04333199999999998,-0.020270999999999983,8.865285851133997e-05,1
2011-06-13,11952.969727,-0.1494919999999999,-0.43610245,8.865285851133997e-05,12029.798047,12149.868945400001,-0.011330908823677377,0.0074478063464571784,28.76407478880334,-0.012779999999999903,-0.14669814999999997,-0.136712,-0.2894043,-0.043067999999999995,0.19567138,0.010302094610165735,1
2011-06-14,12076.110352,-0.314828,-0.2022754,0.010302094610165735,12030.8582034,12100.5009767,0.00043914055385108064,0.00936529630858018,37.34299101912059,-0.1653360000000001,0.23382704999999998,-0.1494919999999999,-0.43610245,-0.012779999999999903,-0.14669814999999997,-0.01480947223791984,0
2011-06-15,11897.269531,-0.25516,-0.24151188,-0.01480947223791984,12000.524023599999,12061.213964999999,-0.012587903465964834,0.011578887487569495,30.054761250523015,0.059668,-0.03923648000000002,-0.314828,-0.2022754,-0.1653360000000001,0.23382704999999998,0.005400398791721717,1
2011-06-16,11961.519531,-0.1140719999999999,-0.5544397,0.005400398791721717,11967.955859400001,12032.5109376,-0.013430879343101831,0.011422163984265847,33.068827870980215,0.1410880000000001,-0.31292781999999997,-0.25516,-0.24151188,0.059668,-0.03923648000000002,0.0035815534045628983,1
2011-06-17,12004.360352,-0.381236,-0.2948242,0.0035815534045628983,11978.4458986,12017.8209962,0.004388436267960927,0.009530066941541388,33.274707528955204,-0.2671640000000001,0.2596155,-0.1140719999999999,-0.5544397,0.1410880000000001,-0.31292781999999997,0.006332659864491275,1
2011-06-20,12080.379883,-0.346132,-0.5105957,0.006332659864491275,12003.9279298,12016.8629884,0.01065928877174338,0.009800366969700413,30.499584476842514,0.035104000000000024,-0.2157715,-0.381236,-0.2948242,-0.2671640000000001,0.2596155,0.009075036055304464,1
2011-06-21,12190.009766,-0.165356,-0.37667507,0.009075036055304464,12026.707812600001,12028.783008,0.009431796388075897,0.009557918265216153,45.38508421769869,0.180776,0.13392062999999998,-0.346132,-0.5105957,0.035104000000000024,-0.2157715,-0.0065906299947422475,0
2011-06-22,12109.669922,-0.214564,-0.70204103,-0.0065906299947422475,12069.187890799998,12034.8559572,0.017852868714671066,0.006010950148991445,43.81987316669155,-0.049208,-0.32536595999999995,-0.165356,-0.37667507,0.180776,0.13392062999999998,-0.004927460647923598,0
2011-06-23,12050.0,-0.221624,-0.36450195,-0.004927460647923598,12086.8839846,12027.419922,0.007397092716413756,0.006925298096637885,45.337864325796104,-0.007059999999999983,0.33753907999999994,-0.214564,-0.70204103,-0.049208,-0.32536595999999995,-0.009578416763485365,0
2011-06-24,11934.580078,-0.1880959999999999,-0.56706053,-0.009578416763485365,12072.9279298,12025.6869142,-0.005812910638622437,0.00829832339991663,43.18569411773191,0.033528000000000086,-0.20255858,-0.221624,-0.36450195,-0.007059999999999983,0.33753907999999994,0.00913140565380166,1
2011-06-27,12043.55957,-0.063552,-0.50655276,0.00913140565380166,12065.5638672,12034.7458985,-0.0030479433061385564,0.008993479478657975,48.8922130987829,0.1245439999999999,0.06050776999999996,-0.1880959999999999,-0.56706053,0.033528000000000086,-0.20255858,0.012050495466599198,1
2011-06-28,12188.69043,-0.2052159999999999,-0.38036865,0.012050495466599198,12065.3,12046.0039063,-0.00010823092231460052,0.009849592525162917,55.16371885629988,-0.1416639999999999,0.12618411000000007,-0.063552,-0.50655276,0.1245439999999999,0.06050776999999996,0.005966965230406407,1
2011-06-29,12261.419922,-0.21194,-0.31847167,0.005966965230406407,12095.65,12082.4189454,0.012531307705118566,0.009330843832864215,55.074397280333706,-0.006724000000000091,0.06189697999999999,-0.2052159999999999,-0.38036865,-0.1416639999999999,0.12618411000000007,0.012471632402510258,1
2011-06-30,12414.339844,-0.28902,-0.6787504,0.012471632402510258,12168.517968799999,12127.700976700002,0.03023567170124486,0.009096483230997826,67.37189578686346,-0.07708000000000001,-0.36027873,-0.21194,-0.31847167,-0.006724000000000091,0.06189697999999999,0.013567349461711675,1
2011-07-01,12582.769531,-0.109424,-0.55685794,0.013567349461711675,12298.1558594,12185.5418946,0.05431187764996115,0.0030832949468162897,71.01657362439538,0.179596,0.12189245999999998,-0.28902,-0.6787504,-0.07708000000000001,-0.36027873,-0.0010251649263876006,0
2011-07-05,12569.870117,-0.35092,-0.27642578,-0.0010251649263876006,12403.4179688,12234.490918,0.04370058070796756,0.0061470825071721575,67.78545866187127,-0.24149600000000002,0.28043216,-0.109424,-0.55685794,0.179596,0.12189245999999998,0.0044669844220635024,1
2011-07-06,12626.019531,-0.14374,-0.47799858,0.0044669844220635024,12490.883789,12278.0918945,0.03587990879837277,0.006019039416002259,78.79505592331384,0.20718,-0.2015728,-0.35092,-0.27642578,-0.24149600000000002,0.28043216,0.007403022209058641,1
2011-07-07,12719.490234,-0.224104,-0.36635742,0.007403022209058641,12582.4978514,12339.073925699999,0.037358667667690915,0.005986254019991296,79.27366672031226,-0.08036399999999999,0.11164116000000002,-0.14374,-0.47799858,0.20718,-0.2015728,-0.004897211905041332,0
2011-07-08,12657.200195,-0.271852,-0.44453126,-0.004897211905041332,12631.069921600001,12399.7939452,0.019562888889124164,0.0072058730131322754,74.84022184754048,-0.047747999999999985,-0.07817384,-0.224104,-0.36635742,-0.08036399999999999,0.11164116000000002,-0.011964765245620734,0
2011-07-11,12505.759766,-0.2367919999999999,-0.22038086,-0.011964765245620734,12615.6679686,12456.911914,-0.006120255545511877,0.007676372170691099,65.30695149686335,0.03506000000000009,0.22415039999999997,-0.271852,-0.44453126,-0.047747999999999985,-0.07817384,-0.004708221179818173,0
2011-07-12,12446.879883,-0.316424,-0.2021875,-0.004708221179818173,12591.069921799999,12497.2439453,-0.009784527036095891,0.007830159359133514,59.593662164711844,-0.07963200000000009,0.01819336000000002,-0.2367919999999999,-0.22038086,0.03506000000000009,0.22415039999999997,0.0035937093810227694,1
2011-07-13,12491.610352,-0.1608,-0.628594,0.0035937093810227694,12564.188086,12527.5359375,-0.01064541193445745,0.007659397555695761,64.65462395324192,0.15562399999999998,-0.4264065,-0.316424,-0.2021875,-0.07963200000000009,0.01819336000000002,-0.004362146549926171,0
2011-07-14,12437.120117,-0.107952,-0.6722955,-0.004362146549926171,12507.7140626,12545.105957,-0.022199798247040325,0.005510122070952914,64.91263708557497,0.05284799999999999,-0.04370150000000006,-0.1608,-0.628594,0.15562399999999998,-0.4264065,0.0034260625932007738,1
2011-07-15,12479.730469,-0.246684,-0.43868163,0.0034260625932007738,12472.220117399998,12551.6450195,-0.014021246663231679,0.006513790367237447,72.2483049838083,-0.13873199999999997,0.23361387000000006,-0.107952,-0.6722955,0.05284799999999999,-0.04370150000000006,-0.007577913099558908,0
2011-07-18,12385.160156,-0.234044,-0.5788086,-0.007577913099558908,12448.1001954,12531.884082,-0.009643525244094286,0.0051169192782109674,64.107085090286,0.012639999999999985,-0.14012697000000002,-0.246684,-0.43868163,-0.13873199999999997,0.23361387000000006,0.01633081554476412,1
2011-07-19,12587.419922,-0.214508,-0.47979492,0.01633081554476412,12476.2082032,12533.6390625,0.011291186250776741,0.009243392891415191,65.72438242447791,0.019535999999999998,0.09901367999999999,-0.234044,-0.5788086,0.012639999999999985,-0.14012697000000002,-0.0012321640253608601,0
2011-07-20,12571.910156,-0.169112,-0.7357715,-0.0012321640253608601,12492.268164,12528.228125,0.006428298813142552,0.009323803194281916,62.82328226429885,0.04539599999999999,-0.25597658,-0.214508,-0.47979492,0.019535999999999998,0.09901367999999999,0.012130217135478016,1
2011-07-21,12724.410156,-0.31546,-0.42838132,0.012130217135478016,12549.726171799999,12528.7201172,0.02309940213629602,0.009721224856054653,62.810382802541746,-0.146348,0.30739018,-0.169112,-0.7357715,0.04539599999999999,-0.25597658,-0.0033989787714918673,0
2011-07-22,12681.160156,-0.25392,-0.3428473,-0.0033989787714918673,12590.012109199999,12531.1161133,0.016140547866827504,0.010386390206099546,54.533917976076886,0.06154000000000004,0.08553401999999999,-0.31546,-0.42838132,-0.146348,0.30739018,-0.006967844417467783,0
2011-07-25,12592.799805,-0.31262,-0.53234375,-0.006967844417467783,12631.540039,12539.8201172,0.01676519692798717,0.010229786524562526,50.98791281487447,-0.05870000000000003,-0.18949644999999998,-0.25392,-0.3428473,0.06154000000000004,0.08553401999999999,-0.0072660569068738745,0
2011-07-26,12501.299805,-0.297792,-0.57146484,-0.0072660569068738745,12614.3160156,12545.2621094,-0.0068417608639146366,0.007944940410770233,44.78536427754921,0.014828000000000008,-0.03912108999999997,-0.31262,-0.53234375,-0.05870000000000003,-0.18949644999999998,-0.015898346819944953,0
2011-07-27,12302.549805,-0.259212,-0.6406787,-0.015898346819944953,12560.4439454,12526.3560547,-0.021425570788974002,0.010261559956054727,33.9778995599451,0.03858,-0.06921386000000007,-0.297792,-0.57146484,0.014828000000000008,-0.03912108999999997,-0.0050753261713782916,0
2011-07-28,12240.110352,-0.331256,-0.34501952,-0.0050753261713782916,12463.5839846,12506.655078200001,-0.038060687926790515,0.0048301830862781244,33.973998223642525,-0.072044,0.29565918,-0.259212,-0.6406787,0.03858,-0.06921386000000007,-0.007914153975267957,0
2011-07-29,12143.240234,-0.1109079999999999,-0.4014388,-0.007914153975267957,12356.000000200002,12473.0060547,-0.04241882567388644,0.004201188794197105,35.46107679709944,0.2203480000000001,-0.05641927999999996,-0.331256,-0.34501952,-0.072044,0.29565918,-0.0008852661886652458,0
2011-08-01,12132.490234,-0.458576,-0.20036133,-0.0008852661886652458,12263.938086,12447.7390625,-0.03655339385425893,0.005485201733553477,36.885030196831416,-0.3476680000000001,0.20107746999999998,-0.1109079999999999,-0.4014388,0.2203480000000001,-0.05641927999999996,-0.021913894993702776,0
2011-08-02,11866.620117,-0.218672,-0.20626953,-0.021913894993702776,12137.002148399999,12375.659082,-0.050769095846029955,0.008482979160281576,27.9891237186808,0.23990399999999998,-0.005908200000000002,-0.458576,-0.20036133,-0.3476680000000001,0.20107746999999998,0.0025129575823599204,1
2011-08-03,11896.44043,-0.183784,-0.5137897,0.0025129575823599204,12055.7802734,12308.112109400001,-0.03301017930729688,0.00941084466133661,30.621640853238674,0.034888,-0.30752017,-0.218672,-0.20626953,0.23990399999999998,-0.005908200000000002,-0.04310203081477548,0
2011-08-04,11383.679688,-0.29266,-0.23366383,-0.04310203081477548,11884.4941406,12174.0390626,-0.06996919466988805,0.01864758845874936,20.61858371933984,-0.10887599999999997,0.28012587,-0.183784,-0.5137897,0.034888,-0.30752017,0.0053524576999675055,1
2011-08-05,11444.610352,-0.2641199999999999,-0.24126953,0.0053524576999675055,11744.7681642,12050.3840822,-0.05753241050472668,0.02061626199047717,24.323964097515386,0.028540000000000065,-0.007605700000000021,-0.29266,-0.23366383,-0.10887599999999997,0.28012587,-0.05546372689648371,0
2011-08-08,10809.849609,-0.224744,-0.19060832,-0.05546372689648371,11480.240039200002,11872.0890626,-0.10901641785735317,0.026985177971365175,10.74395815652646,0.03937599999999991,0.05066121000000001,-0.2641199999999999,-0.24126953,0.028540000000000065,-0.007605700000000021,0.03977112888250156,1
2011-08-09,11239.769531,-0.46592,-0.45541874,0.03977112888250156,11354.869922000002,11745.9360352,-0.05282469480100582,0.03883284548852701,25.13254868576,-0.241176,-0.26481042,-0.224744,-0.19060832,0.03937599999999991,0.05066121000000001,-0.04624908896630642,0
2011-08-10,10719.94043,-0.380804,-0.38149413,-0.04624908896630642,11119.569922,11587.675097700001,-0.09889512807823975,0.04091366006594795,17.094652603986916,0.08511600000000002,0.07392461,-0.46592,-0.45541874,-0.241176,-0.26481042,0.03949360938752888,1
2011-08-11,11143.30957,-0.317384,-0.78342164,0.03949360938752888,11071.4958984,11477.9950195,-0.021115326905533416,0.04562589140507421,27.555725190823622,0.06341999999999998,-0.40192751000000004,-0.380804,-0.38149413,0.08511600000000002,0.07392461,0.01128120512225883,1
2011-08-12,11269.019531,-0.22622,-0.4719454,0.01128120512225883,11036.3777342,11390.5729492,-0.015342664852658339,0.04598645693940858,30.8883461737408,0.091164,0.31147624,-0.317384,-0.78342164,0.06341999999999998,-0.40192751000000004,0.018979544707650398,1
2011-08-15,11482.900391,-0.1393319999999999,-0.5188184,0.018979544707650398,11170.9878906,11325.6139649,0.06226273318729936,0.035239091482730515,35.79900085449623,0.0868880000000001,-0.046873,-0.22622,-0.4719454,0.091164,0.31147624,-0.006703071556758089,0
2011-08-16,11405.929688,-0.3780799999999999,-0.7160938,-0.006703071556758089,11204.219922,11279.544922000001,0.014783235238206682,0.03230588379494594,37.057582227219584,-0.23874800000000002,-0.1972754,-0.1393319999999999,-0.5188184,0.0868880000000001,-0.046873,0.0003752673492720682,1
2011-08-17,11410.209961,-0.313172,-0.25366288,0.0003752673492720682,11342.273828200001,11230.9218751,0.06439117227445257,0.017942410000939484,37.81608964408401,0.06490799999999991,0.46243092,-0.3780799999999999,-0.7160938,-0.23874800000000002,-0.1972754,-0.03677670125565535,0
2011-08-18,10990.580078,-0.116976,-0.40912154,-0.03677670125565535,11311.7279298,11191.6119141,-0.013705936377391592,0.021517981107048154,34.54250247770108,0.196196,-0.15545866000000003,-0.313172,-0.25366288,0.06490799999999991,0.46243092,-0.01573435485413166,0
2011-08-19,10817.650391,-0.30038,-0.19154343,-0.01573435485413166,11221.4541018,11128.915918,-0.040053985065721776,0.020540434397415496,33.102621017146745,-0.18340399999999998,0.21757811000000002,-0.116976,-0.40912154,0.196196,-0.15545866000000003,0.0034203360861784216,1
2011-08-22,10854.650391,-0.171636,-0.4546212,0.0034203360861784216,11095.8041018,11133.395996199999,-0.05471178697086021,0.01614484286973591,36.18204245065155,0.12874399999999997,-0.26307777,-0.30038,-0.19154343,-0.18340399999999998,0.21757811000000002,0.029674781167256414,1
2011-08-23,11176.759766,-0.077924,-0.41469464,0.029674781167256414,11049.9701174,11127.0950197,-0.020092173831398163,0.02459684128849558,40.89952059440001,0.09371200000000002,0.03992656,-0.171636,-0.4546212,0.12874399999999997,-0.26307777,0.012879421049909467,1
2011-08-24,11320.709961,-0.1768679999999999,-0.41335183,0.012879421049909467,11032.0701174,11187.171972799999,-0.007843852155736908,0.025737721770605994,49.121827392423306,-0.0989439999999999,0.0013428100000000276,-0.077924,-0.41469464,0.09371200000000002,0.03992656,-0.015095312006819128,0
2011-08-25,11149.820312,-0.170292,-0.78491664,-0.015095312006819128,11063.9181642,11187.823047,0.014488792481367918,0.019285588945540798,46.011207955578854,0.0065759999999998875,-0.3715648100000001,-0.1768679999999999,-0.41335183,-0.0989439999999999,0.0013428100000000276,0.01208268144509983,1
2011-08-26,11284.540039,-0.379052,-0.07563495,0.01208268144509983,11157.2960938,11189.375097799999,0.043159986792366656,0.01630096128281113,57.42820703012573,-0.20876,0.7092816900000001,-0.170292,-0.78491664,0.0065759999999998875,-0.3715648100000001,0.022571585560395846,1
2011-08-29,11539.25,-0.252296,-0.3375089,0.022571585560395846,11294.216015599999,11195.0100587,0.0630697060098433,0.017016164184670658,54.958321185275054,0.12675599999999998,-0.26187395,-0.379052,-0.07563495,-0.20876,0.7092816900000001,0.001793894317221545,1
2011-08-30,11559.950195,-0.285196,-0.20940563,0.001793894317221545,11370.854101399998,11210.412109399998,0.03428457236467364,0.01430090894593697,66.66124313804708,-0.032899999999999985,0.12810327,-0.252296,-0.3375089,0.12675599999999998,-0.26187395,0.004634974813574555,1
2011-08-31,11613.530273,-0.336272,-0.5138281,0.004634974813574555,11429.4181638,11230.7441406,0.025865896486065854,0.013901112886602002,60.929973674051126,-0.05107600000000001,-0.30442247,-0.285196,-0.20940563,-0.032899999999999985,0.12810327,-0.010329327790955412,0
2011-09-01,11493.570312,-0.0677639999999999,-0.52781254,-0.010329327790955412,11498.168163800001,11281.043163999999,0.030830093255407753,0.012223996697301367,55.23352624434749,0.26850800000000014,-0.013984439999999987,-0.336272,-0.5138281,-0.05107600000000001,-0.30442247,-0.022039326260137715,0
2011-09-02,11240.259766,-0.188624,-0.46664062,-0.022039326260137715,11489.3121092,11323.3041015,-0.0039239767723775465,0.016765556091897935,44.44692276603487,-0.12086000000000012,0.06117191999999999,-0.0677639999999999,-0.52781254,0.26850800000000014,-0.013984439999999987,-0.00898199535435884,0
2011-09-06,11139.299805,-0.188436,-0.5085449,-0.00898199535435884,11409.3220702,11351.7690429,-0.03465998180124352,0.010652441691850475,43.96417976745349,0.00018800000000002148,-0.04190427999999996,-0.188624,-0.46664062,-0.12086000000000012,0.06117191999999999,0.024737690144250424,1
2011-09-07,11414.860352,-0.2196119999999999,-0.4237819,0.024737690144250424,11380.304101599999,11375.5791015,-0.012551078555922746,0.017873479222506115,50.093757513894296,-0.031175999999999898,0.08476299999999998,-0.188436,-0.5085449,0.00018800000000002148,-0.04190427999999996,-0.01042945584342092,0
2011-09-08,11295.80957,-0.31742,-0.0086137345,-0.01042945584342092,11316.759961,11373.089062399999,-0.027357805553636094,0.01766048962432953,57.00250521940895,-0.09780800000000009,0.41516816549999996,-0.2196119999999999,-0.4237819,-0.031175999999999898,0.08476299999999998,-0.026884278202292666,0
2011-09-09,10992.129883,-0.3403799999999999,-0.34475335,-0.026884278202292666,11216.4718752,11357.320019499999,-0.04362790807278272,0.02018510195590533,53.77631703699517,-0.022959999999999925,-0.3361396155,-0.31742,-0.0086137345,-0.09780800000000009,0.41516816549999996,0.006276329950094528,1
2011-09-12,11061.120117,-0.274156,-0.553584,0.006276329950094528,11180.643945400001,11334.9780273,-0.015937322867027315,0.019473403064489764,54.40765714782613,0.0662239999999999,-0.20883064999999995,-0.3403799999999999,-0.34475335,-0.022959999999999925,-0.3361396155,0.0040438483197786645,1
2011-09-13,11105.849609,-0.225592,-0.18414064,0.0040438483197786645,11173.9539062,11291.6379882,-0.003002899337082643,0.01935341389940909,48.28287326695873,0.048564000000000024,0.36944336,-0.274156,-0.553584,0.0662239999999999,-0.20883064999999995,0.01268528432852456,1
2011-09-14,11246.730469,-0.326584,-0.251612,0.01268528432852456,11140.3279296,11260.3160156,-0.014729035469149832,0.015868633389941565,48.20588072780026,-0.100992,-0.06747136000000001,-0.225592,-0.18414064,0.048564000000000024,0.36944336,0.01657808191579946,1
2011-09-15,11433.179688,-0.189548,-0.31482422,0.01657808191579946,11167.8019532,11242.2809571,0.012161157387500232,0.017190145482691842,56.82043839754487,0.137036,-0.06321221999999999,-0.326584,-0.251612,-0.100992,-0.06747136000000001,0.006639461468420205,1
2011-09-16,11509.089844,-0.135644,-0.5343642,0.006639461468420205,11271.1939454,11243.8329103,0.0470300084244375,0.005202486366035196,55.56237195042657,0.05390400000000001,-0.21953997999999997,-0.189548,-0.31482422,0.137036,-0.06321221999999999,-0.009390844929092812,0
2011-09-19,11401.009766,-0.095136,-0.26943848,-0.009390844929092812,11339.171875200002,11259.9079103,0.03072832094804001,0.009970463905010779,46.30737399134342,0.04050799999999999,0.26492572,-0.135644,-0.5343642,0.05390400000000001,-0.21953997999999997,0.0006710274052055265,1
2011-09-20,11408.660156,-0.0252,-0.39404297,0.0006710274052055265,11399.7339846,11286.8439454,0.02726586057446756,0.01025532452885354,45.930420409262474,0.069936,-0.12460449000000001,-0.095136,-0.26943848,0.04050799999999999,0.26492572,-0.024877619993854738,0
2011-09-21,11124.839844,-0.388492,-0.40680665,-0.024877619993854738,11375.355859599998,11257.8418946,-0.010837871978525149,0.015850086994811923,38.303425309774724,-0.363292,-0.01276368,-0.0252,-0.39404297,0.069936,-0.12460449000000001,-0.03514745124271468,0
2011-09-22,10733.830078,-0.2073999999999999,-0.44168946,-0.03514745124271468,11235.4859376,11201.643945400001,-0.061168426376961516,0.017432320416713127,33.90436806130846,0.18109200000000011,-0.034882809999999986,-0.388492,-0.40680665,-0.363292,-0.01276368,0.003507638068276142,1
2011-09-23,10771.480469,-0.21882,-0.47011718,0.003507638068276142,11087.9640626,11179.579004000001,-0.06408928811903714,0.016613257514118056,39.06979772811729,-0.011420000000000097,-0.028427720000000045,-0.2073999999999999,-0.44168946,0.18109200000000011,-0.034882809999999986,0.025287135207077593,1
2011-09-26,11043.860352,-0.132284,-0.49789062,0.025287135207077593,11016.534179799999,11177.8530275,-0.03132612122349787,0.024081416650667337,47.939422003617956,0.08653599999999997,-0.027773439999999983,-0.21882,-0.47011718,-0.011420000000000097,-0.028427720000000045,0.013295176987040636,1
2011-09-27,11190.69043,-0.3048559999999999,-0.4910473,0.013295176987040636,10972.9402346,11186.337109600001,-0.019105637561249056,0.025585201071428854,44.87520550211336,-0.1725719999999999,0.006843319999999986,-0.132284,-0.49789062,0.08653599999999997,-0.027773439999999983,-0.016066036329449362,0
2011-09-28,11010.900391,-0.261556,-0.59897214,-0.016066036329449362,10950.152344,11162.754101800001,-0.010241896027065267,0.024006861146896263,43.66263085052871,0.043299999999999894,-0.10792483999999997,-0.3048559999999999,-0.4910473,-0.1725719999999999,0.006843319999999986,0.012994403084142903,1
2011-09-29,11153.980469,0.002104,-0.27813476,0.012994403084142903,11034.1824222,11134.8341799,0.03914263482343894,0.015419068431644657,53.87712325592417,0.26366,0.32083738,-0.261556,-0.59897214,0.043299999999999894,-0.10792483999999997,-0.021570827263746484,0
2011-09-30,10913.379883,-0.159476,-0.7101653,-0.021570827263746484,11062.562305,11075.2631838,0.013173622178342281,0.020430428708131672,46.729763085306125,-0.16158,-0.43203054,0.002104,-0.27813476,0.26366,0.32083738,-0.023648043114673944,0
2011-10-03,10655.299805,-0.184368,-0.32555667,-0.023648043114673944,10984.8501956,11000.6921877,-0.035183399157128314,0.01859657038732753,40.88771877830211,-0.024891999999999997,0.38460863,-0.159476,-0.7101653,-0.16158,-0.43203054,0.01439754477185251,1
2011-10-04,10808.709961,-0.230164,-0.4975373,0.01439754477185251,10908.454101799998,10940.6971682,-0.034133771404844415,0.018901357956234086,41.18579218155279,-0.045796,-0.17198063000000002,-0.184368,-0.32555667,-0.024891999999999997,0.38460863,0.012142081198731391,1
2011-10-05,10939.950195,-0.151132,-0.55640626,0.012142081198731391,10894.264062600001,10922.2082033,-0.006443632535082511,0.01963186816523092,39.84929098851528,0.07903200000000002,-0.058868960000000026,-0.230164,-0.4975373,-0.045796,-0.17198063000000002,0.016762405653712564,1
2011-10-06,11123.330078,-0.258416,-0.23929513,0.016762405653712564,10888.1339844,10961.1582033,-0.002747932998913294,0.02036843975632224,42.397330130237144,-0.10728399999999999,0.31711113,-0.151132,-0.55640626,0.07903200000000002,-0.058868960000000026,-0.0018168984340375394,0
2011-10-07,11103.120117,-0.272684,-0.5727246,-0.0018168984340375394,10926.0820312,10994.3221681,0.017386019366517624,0.016841885146813947,43.91846439740557,-0.014268000000000003,-0.33342947,-0.258416,-0.23929513,-0.10728399999999999,0.31711113,0.029726740548779995,1
2011-10-10,11433.179688,-0.491104,-0.2923828,0.029726740548779995,11081.6580078,11033.2541017,0.073004035290962,0.011274436858251876,50.442344743564135,-0.21842,0.28034180000000003,-0.272684,-0.5727246,-0.014268000000000003,-0.33342947,-0.0014763944467448553,0
2011-10-11,11416.299805,-0.133716,-0.51030266,-0.0014763944467448553,11203.1759766,11055.8150392,0.056212984360974216,0.01327696260327399,55.81849182885304,0.357388,-0.21791986000000002,-0.491104,-0.2923828,-0.21842,0.28034180000000003,0.008982753234553886,1
2011-10-12,11518.849609,-0.253396,-0.28276002,0.008982753234553886,11318.955859400001,11106.609961,0.052916092274769344,0.013288215330493982,67.71141059696966,-0.11968000000000001,0.22754264000000002,-0.133716,-0.51030266,0.357388,-0.21791986000000002,-0.00353505144890387,0
2011-10-13,11478.129883,-0.31926,-0.17314713,-0.00353505144890387,11389.915820400001,11139.0249024,0.03189690519943578,0.013955866781201741,65.92119327907122,-0.06586399999999998,0.10961288999999999,-0.253396,-0.28276002,-0.11968000000000001,0.22754264000000002,0.014493680825688582,1
2011-10-14,11644.490234,-0.293732,-0.104414076,0.014493680825688582,11498.1898438,11212.1359375,0.04875837704134245,0.01345941612066072,64.21144715690525,0.025527999999999995,0.06873305400000002,-0.31926,-0.17314713,-0.06586399999999998,0.10961288999999999,-0.021253848732456282,0
2011-10-17,11397.0,-0.2796,-0.59289014,-0.021253848732456282,11490.9539062,11286.305957,-0.0031644467232482265,0.013744121526559511,54.65951883769946,0.014131999999999978,-0.488476064,-0.293732,-0.104414076,0.025527999999999995,0.06873305400000002,0.01579799991225772,1
2011-10-18,11577.049805,-0.2968,-0.19821289,0.01579799991225772,11523.1039062,11363.1399414,0.014080744439594728,0.01551281710089439,62.785031559063896,-0.017199999999999993,0.39467725,-0.2796,-0.59289014,0.014131999999999978,-0.488476064,-0.006256316524501648,0
2011-10-19,11504.620117,-0.162884,-0.6440961,-0.006256316524501648,11520.2580078,11419.6069336,-0.0012353223180274764,0.015515268229690177,58.179290832192635,0.133916,-0.44588321,-0.2968,-0.19821289,-0.017199999999999993,0.39467725,0.003230020254653132,1
2011-10-20,11541.780273,-0.02678,-0.45518553,0.003230020254653132,11532.9880858,11461.4519531,0.005545362410846355,0.015441150264527049,66.19572329769278,0.136104,0.18891056999999994,-0.162884,-0.6440961,0.133916,-0.44588321,0.02313419244556436,1
2011-10-21,11808.790039,-0.1820159999999999,-0.60941774,0.02313419244556436,11565.848046800002,11532.0189453,0.014109660594696649,0.017629036957792135,79.59261902123089,-0.1552359999999999,-0.15423221000000004,-0.02678,-0.45518553,0.136104,0.18891056999999994,0.00887729205564547,1
2011-10-24,11913.620117,-0.2697,-0.6216166,0.00887729205564547,11669.1720702,11580.062988200001,0.04532948293410555,0.011314169377557115,79.07093502897014,-0.0876840000000001,-0.012198859999999923,-0.1820159999999999,-0.60941774,-0.1552359999999999,-0.15423221000000004,-0.01737507138612082,0
2011-10-25,11706.620117,-0.154732,-0.30677077,-0.01737507138612082,11695.0861326,11609.0950194,0.011191997458976033,0.015317521378234087,69.39827709802245,0.11496799999999999,0.31484582999999994,-0.2697,-0.6216166,-0.0876840000000001,-0.012198859999999923,0.013874194291496389,1
2011-10-26,11869.040039,-0.134848,-0.5595313,0.013874194291496389,11767.970117,11644.1140624,0.03167596307343579,0.01514367103149219,69.07021802149168,0.019884000000000013,-0.25276052999999993,-0.154732,-0.30677077,0.11496799999999999,0.31484582999999994,0.028604652514813367,1
2011-10-27,12208.549805,-0.237252,-0.3346582,0.028604652514813367,11901.3240234,11717.1560546,0.05777007673242518,0.017847822763407725,74.30083262300259,-0.102404,0.22487309999999994,-0.134848,-0.5595313,0.019884000000000013,-0.25276052999999993,0.0018479301276848048,1
2011-10-28,12231.110352,-0.22688,-0.40476218,0.0018479301276848048,11985.788086,11775.8180664,0.03576321635029789,0.01686779671850809,70.28324720641884,0.010371999999999992,-0.07010398000000001,-0.237252,-0.3346582,-0.102404,0.22487309999999994,-0.022573632160456603,0
2011-10-31,11955.009766,-0.040184,-0.5456897,-0.022573632160456603,11994.0660158,11831.619043,0.0034741454397171356,0.021341056251738683,62.09936836450207,0.186696,-0.14092752000000003,-0.22688,-0.40476218,0.010371999999999992,-0.07010398000000001,-0.024847307598594104,0
2011-11-01,11657.959961,-0.08998,-0.4546753,-0.024847307598594104,11984.3339846,11839.7100586,-0.00415663577648151,0.023125619200279734,52.87336105178884,-0.04979600000000001,0.09101440000000005,-0.040184,-0.5456897,0.186696,-0.14092752000000003,0.015275406554469129,1
2011-11-02,11836.040039,-0.180024,-0.545127,0.015275406554469129,11977.7339846,11872.8520508,-0.0027803427987070917,0.02335253403887881,56.99575939849344,-0.09004399999999999,-0.09045170000000002,-0.08998,-0.4546753,-0.04979600000000001,0.09101440000000005,0.01760974847273422,1
2011-11-03,12044.469727,-0.186284,-0.54117864,0.01760974847273422,11944.917968999998,11923.120996200001,-0.013439768082266546,0.02025843876855753,57.691557979902676,-0.0062600000000000156,0.003948359999999984,-0.180024,-0.545127,-0.09004399999999999,-0.09045170000000002,-0.005083618821569269,0
2011-11-04,11983.240234,-0.164188,-0.38458008,-0.005083618821569269,11895.3439454,11940.5660157,-0.020265545062265522,0.020120001439218993,62.14321429290819,0.022096000000000005,0.15659856000000005,-0.186284,-0.54117864,-0.0062600000000000156,0.003948359999999984,0.0071057086678780745,1
2011-11-07,12068.389648,-0.334488,-0.30935365,0.0071057086678780745,11918.0199218,11956.042968799999,0.009483880332950667,0.01744221739040911,60.593974403049685,-0.1703,0.07522643000000001,-0.164188,-0.38458008,0.022096000000000005,0.15659856000000005,0.008434434333736363,1
2011-11-08,12170.179688,-0.387308,-0.61435544,0.008434434333736363,12020.4638672,12002.398925899999,0.04393733798310828,0.00887714782323647,64.17097666289757,-0.05281999999999998,-0.30500179,-0.334488,-0.30935365,-0.1703,0.07522643000000001,-0.03198303295256977,0
2011-11-09,11780.94043,-0.259252,-0.28996798,-0.03198303295256977,12009.4439454,11993.588964999999,-0.004655240166343222,0.01921863284936534,54.428238317887555,0.128056,0.32438745999999996,-0.387308,-0.61435544,-0.05281999999999998,-0.30500179,0.009584966724086819,1
2011-11-10,11893.860352,-0.2537999999999999,-0.67316407,0.009584966724086819,11979.3220704,11962.120019700002,-0.012504442155919948,0.017562316598145486,51.670463531015606,0.005452000000000068,-0.38319609,-0.259252,-0.28996798,0.128056,0.32438745999999996,0.02184482819796263,1
2011-11-11,12153.679688,-0.304104,-0.4225586,0.02184482819796263,12013.4099612,11954.3769533,0.01422315255905593,0.020424812220837404,54.44341172069675,-0.05030400000000007,0.25060547,-0.2537999999999999,-0.67316407,0.005452000000000068,-0.38319609,-0.006146222454237904,0
2011-11-14,12078.980469,-0.26466,-0.5163672,-0.006146222454237904,12015.5281254,11966.774023599999,0.0008775670415774872,0.02061732408122651,57.247192995440535,0.03944399999999998,-0.09380860000000002,-0.304104,-0.4225586,-0.05030400000000007,0.25060547,0.0014222795577896186,1
2011-11-15,12096.160156,-0.178732,-0.46695313,0.0014222795577896186,12000.724219,12010.5940431,-0.006082041013164674,0.020163157644797484,54.68529089522252,0.085928,0.04941407000000003,-0.26466,-0.5163672,0.03944399999999998,-0.09380860000000002,-0.015754612169670446,0
2011-11-16,11905.589844,-0.138672,-0.28125888,-0.015754612169670446,12025.654101799999,12017.5490236,0.01058059963384439,0.01443163980147572,43.34100479894123,0.04006000000000001,0.18569425,-0.178732,-0.46695313,0.085928,0.04941407000000003,-0.011327399714510133,0
2011-11-17,11770.730469,-0.31172,-0.5302441,-0.011327399714510133,12001.0281252,11990.1750978,-0.010352390170723202,0.014778941343562387,40.356986381877505,-0.173048,-0.24898522,-0.138672,-0.28125888,0.04006000000000001,0.18569425,0.002160417067315734,1
2011-11-18,11796.160156,-0.0988439999999999,-0.6176629,0.002160417067315734,11929.524218800001,11971.46709,-0.02941656693100103,0.007829631842381899,46.282385302374294,0.2128760000000001,-0.08741880000000002,-0.31172,-0.5302441,-0.173048,-0.24898522,-0.021095897538609187,0
2011-11-21,11547.30957,-0.353064,-0.31060058,-0.021095897538609187,11823.190039,11919.3590822,-0.04401620653038585,0.010374227224468631,47.35063814401623,-0.2542200000000001,0.30706232,-0.0988439999999999,-0.6176629,0.2128760000000001,-0.08741880000000002,-0.004640894285819375,0
2011-11-22,11493.719727,-0.162764,-0.5295996,-0.004640894285819375,11702.7019532,11851.7130861,-0.049804270217204016,0.009144746526362355,41.28404098053207,0.1903,-0.21899901999999993,-0.353064,-0.31060058,-0.2542200000000001,0.30706232,-0.020547736295083885,0
2011-11-23,11257.549805,-0.375848,-0.4089804,-0.020547736295083885,11573.0939454,11799.3740236,-0.054431577728724534,0.010084488540810569,30.242996097987813,-0.21308400000000002,0.12061919999999993,-0.162764,-0.5295996,0.1903,-0.21899901999999993,-0.0023006261974073405,0
2011-11-25,11231.650391,-0.205888,-0.23088592,-0.0023006261974073405,11465.2779298,11733.1530275,-0.04579835375720731,0.010813108903663618,30.78921121119666,0.16996000000000003,0.17809448000000003,-0.375848,-0.4089804,-0.21308400000000002,0.12061919999999993,0.025940922736828353,1
2011-11-28,11523.009766,-0.147468,-0.53475106,0.025940922736828353,11410.6478518,11670.086035299999,-0.02315587330009805,0.019134108080543624,37.389337283314305,0.05842,-0.30386514,-0.205888,-0.23088592,0.16996000000000003,0.17809448000000003,0.0028308677734745213,1
2011-11-29,11555.629883,-0.205096,-0.5344824,0.0028308677734745213,11412.3119144,11617.7509767,0.00072054126111043,0.016805181892491684,35.32037005818843,-0.05762800000000001,0.00026865999999992063,-0.147468,-0.53475106,0.05842,-0.30386514,0.042407883426669235,1
2011-11-30,12045.679688,-0.159136,-0.4587677,0.042407883426669235,11522.7039066,11612.7029299,0.0480227440820038,0.024696624648334005,56.0332100039717,0.04596,0.07571470000000002,-0.205096,-0.5344824,-0.05762800000000001,0.00026865999999992063,-0.0021293455964591645,0
2011-12-01,12020.030273,-0.283392,-0.44335625,-0.0021293455964591645,11675.2000002,11624.1469728,0.06773058802381193,0.01998809838284814,52.99442636725946,-0.12425599999999998,0.015411449999999993,-0.159136,-0.4587677,0.04596,0.07571470000000002,-5.0777825524428444e-05,0
2011-12-02,12019.419922,-0.253192,-0.10858673,-5.0777825524428444e-05,11832.753906400001,11649.0159181,0.07013835933063284,0.019568616189715657,46.36652044988314,0.030200000000000005,0.33476952,-0.283392,-0.44335625,-0.12425599999999998,0.015411449999999993,0.006523622313626243,1
2011-12-05,12097.830078,-0.315832,-0.17772456,0.006523622313626243,11947.7179688,11679.1829103,0.04988456346674952,0.01845167216945087,50.50910543973055,-0.06264000000000003,-0.06913783,-0.253192,-0.10858673,0.030200000000000005,0.33476952,0.0043230732009624795,1
2011-12-06,12150.129883,-0.220464,-0.411333,0.0043230732009624795,12066.617968800001,11739.4649416,0.051446784469498796,0.018320015532610482,51.43051945157324,0.09536800000000001,-0.23360844,-0.315832,-0.17772456,-0.06264000000000003,-0.06913783,0.003805739892928983,1
2011-12-07,12196.370117,-0.241288,-0.4240625,0.003805739892928983,12096.7560546,11809.7299806,0.01250991499882903,0.003505540041426891,58.345979215488846,-0.02082400000000001,-0.012729500000000005,-0.220464,-0.411333,0.09536800000000001,-0.23360844,-0.016289266404197034,0
2011-12-08,11997.700195,-0.2781,-0.40904295,-0.016289266404197034,12092.290039,11883.745019599999,-0.001857738915197249,0.009226367646472186,56.284295427037726,-0.03681200000000001,0.015019549999999993,-0.241288,-0.4240625,-0.02082400000000001,-0.012729500000000005,0.015549611006094866,1
2011-12-09,12184.259766,-0.2418079999999999,-0.46923614,0.015549611006094866,12125.2580078,11979.005957099998,0.013714459189355876,0.011663487675584581,59.86537490987009,0.0362920000000001,-0.06019319000000001,-0.2781,-0.40904295,-0.03681200000000001,0.015019549999999993,-0.013367255879958018,0
2011-12-12,12021.389648,-0.19362,-0.40381837,-0.013367255879958018,12109.969921799999,12028.8439453,-0.006318524025147987,0.013340157595036595,62.60182270003079,0.048187999999999925,0.06541777000000004,-0.2418079999999999,-0.46923614,0.0362920000000001,-0.06019319000000001,-0.00552758208041737,0
2011-12-13,11954.94043,-0.18314,-0.24727783,-0.00552758208041737,12070.9320312,12068.775,-0.016064803823463758,0.013045517091340329,62.17675357708277,0.01047999999999999,0.15654053999999998,-0.19362,-0.40381837,0.048187999999999925,0.06541777000000004,-0.010996287415210526,0
2011-12-14,11823.480469,-0.381428,-0.40831053,-0.010996287415210526,11996.3541016,12046.5550781,-0.03057382191773972,0.012743995513579838,65.81565175648998,-0.198288,-0.1610327,-0.18314,-0.24727783,0.01047999999999999,0.15654053999999998,0.0038338204320502722,1
2011-12-15,11868.80957,-0.318852,-0.46731445,0.0038338204320502722,11970.575976600001,12031.4330078,-0.0107429443064192,0.0118802597352019,67.61492948620682,0.06257599999999996,-0.05900391999999999,-0.381428,-0.40831053,-0.198288,-0.1610327,-0.0002038891925704167,0
2011-12-16,11866.389648,-0.2597,-0.36985353,-0.0002038891925704167,11907.001952999999,12016.129980400001,-0.026088586759042243,0.007193151547672868,61.29808384274249,0.05915200000000004,0.09746092,-0.318852,-0.46731445,0.06257599999999996,-0.05900391999999999,-0.008438108385972032,0
2011-12-19,11766.259766,-0.3231,-0.3666895,-0.008438108385972032,11855.9759766,11982.9729492,-0.021222994135494777,0.006049848775523786,56.635485617300155,-0.06340000000000001,0.0031640299999999844,-0.2597,-0.36985353,0.05915200000000004,0.09746092,0.028668439989292915,1
2011-12-20,12103.580078,-0.084,-0.6569385,0.028668439989292915,11885.7039062,11978.3179687,0.012433324019499148,0.015776904311514607,52.018253789748975,0.23909999999999998,-0.290249,-0.3231,-0.3666895,-0.06340000000000001,0.0031640299999999844,0.00034371284968504057,1
2011-12-21,12107.740234,-0.163372,-0.33220214,0.00034371284968504057,11942.555859199998,11969.454980400002,0.024041970191882367,0.014060338946125324,53.10383533299698,-0.07937199999999998,0.32473636,-0.084,-0.6569385,0.23909999999999998,-0.290249,0.005113270998839736,1
2011-12-22,12169.650391,-0.344264,-0.18474609,0.005113270998839736,12002.7240234,11986.65,0.025347177341223492,0.014049069109768345,55.09522328022531,-0.18089200000000002,0.14745604999999998,-0.163372,-0.33220214,-0.07937199999999998,0.32473636,0.010218009967809971,1
2011-12-23,12294.0,-0.328168,-0.31542602,0.010218009967809971,12088.2460938,11997.6240234,0.036035421445314686,0.013837576127954231,56.452244953499736,0.016096,-0.13067992999999997,-0.344264,-0.18474609,-0.18089200000000002,0.14745604999999998,-0.0002155841060679231,0
2011-12-27,12291.349609,-0.260696,-0.27975586,-0.0002155841060679231,12193.2640624,12024.6200195,0.04462674234996156,0.011865326698388665,54.80169820421052,0.06747200000000003,0.03567015999999995,-0.328168,-0.31542602,0.016096,-0.13067992999999997,-0.011385198326596568,0
2011-12-28,12151.410156,-0.257972,-0.18699096,-0.011385198326596568,12202.830078,12044.266992100002,0.003951729793314485,0.008015933886576305,48.562861202063566,0.002724000000000004,0.09276490000000001,-0.260696,-0.27975586,0.06747200000000003,0.03567015999999995,0.011161657886515242,1
2011-12-29,12287.040039,-0.11896,-0.28239244,0.011161657886515242,12238.690039,12090.622949100001,0.01480869274817298,0.009225641273885157,59.63709484382748,0.13901199999999997,-0.09540148000000001,-0.257972,-0.18699096,0.002724000000000004,0.09276490000000001,-0.005654776803808215,0
2011-12-30,12217.55957,-0.242248,-0.22486328,-0.005654776803808215,12248.2718748,12125.497949100001,0.003936775294336448,0.009839136118622496,51.202941872425754,-0.123288,0.057529160000000024,-0.11896,-0.28239244,0.13901199999999997,-0.09540148000000001,0.014718185900361558,1
2012-01-03,12397.379883,-0.11522,-0.14265096,0.014718185900361558,12268.9478514,12178.5969726,0.008408970473401611,0.011045108242063159,63.41817029336121,0.12702799999999997,0.08221232,-0.242248,-0.22486328,-0.123288,0.057529160000000024,0.0016971359431239286,1
2012-01-04,12418.419922,-0.166292,-0.5523047,0.0016971359431239286,12294.361914,12243.812988200001,0.010338190438172523,0.01099410548695421,67.09449456881032,-0.05107199999999999,-0.40965374,-0.11522,-0.14265096,0.12702799999999997,0.08221232,-0.00021900749186143376,0
2012-01-05,12415.700195,-0.320708,-0.2577051,-0.00021900749186143376,12347.219921799999,12275.0249999,0.021749742260942506,0.008395037223754401,74.13481167413777,-0.154416,0.29459959999999996,-0.166292,-0.5523047,-0.05107199999999999,-0.40965374,-0.004492720678167195,0
2012-01-06,12359.919922,-0.372744,-0.35154298,-0.004492720678167195,12361.7958984,12300.2429687,0.005931443437042105,0.008130138891448226,69.845238591094,-0.05203600000000003,-0.09383787999999998,-0.320708,-0.2577051,-0.154416,0.29459959999999996,0.0026513527762968003,1
2012-01-09,12392.69043,-0.111608,-0.65786064,0.0026513527762968003,12396.8220704,12322.5469726,0.014334356955380212,0.007168586750711318,70.75807744066671,0.26113600000000003,-0.30631766,-0.372744,-0.35154298,-0.05203600000000003,-0.09383787999999998,0.005630681843797003,1
2012-01-10,12462.469727,-0.220316,-0.5849672,0.005630681843797003,12409.8400392,12339.3939453,0.005250290352823317,0.003751594110518381,78.1330921209641,-0.10870800000000001,0.07289343999999998,-0.111608,-0.65786064,0.26113600000000003,-0.30631766,-0.0010446991876572609,0
2012-01-11,12449.450195,-0.52396,-0.15828519,-0.0010446991876572609,12416.0460938,12355.204003899998,0.002498729564220037,0.0038334844113378447,68.94037512238359,-0.30364399999999997,0.42668201000000006,-0.220316,-0.5849672,-0.10870800000000001,0.07289343999999998,0.0017325532985112968,1
2012-01-12,12471.019531,-0.205676,-0.6887207,0.0017325532985112968,12427.109960999998,12387.1649414,0.004455595345502772,0.0038406678856935015,69.52151046287864,0.318284,-0.53043551,-0.52396,-0.15828519,-0.30364399999999997,0.42668201000000006,-0.00392589883114991,0
2012-01-13,12422.05957,-0.333976,-0.46618477,-0.00392589883114991,12439.5378906,12400.6668945,0.0050275121839093995,0.003645260680181114,63.75513681590434,-0.1283,0.22253592999999994,-0.205676,-0.6887207,0.318284,-0.53043551,0.0048309816630511815,1
2012-01-17,12482.070312,-0.21094,-0.63646775,0.0048309816630511815,12457.413867,12427.1179687,0.007212306520917311,0.00400351867540993,61.02185547740895,0.123036,-0.17028297999999997,-0.333976,-0.46618477,-0.1283,0.22253592999999994,0.0077615235756893775,1
2012-01-18,12578.950195,-0.228492,-0.2403428,0.0077615235756893775,12480.7099606,12445.274999899999,0.009346499574449885,0.004625588197294462,65.17842322588038,-0.017552000000000012,0.39612495000000003,-0.21094,-0.63646775,0.123036,-0.17028297999999997,0.0035798117729968215,1
2012-01-19,12623.980469,-0.25608,-0.5855076,0.0035798117729968215,12515.616015399999,12465.8310546,0.014019115002371407,0.004351056716957701,77.7170513214921,-0.027587999999999974,-0.34516480000000005,-0.228492,-0.2403428,-0.017552000000000012,0.39612495000000003,0.0076441816617960345,1
2012-01-20,12720.480469,-0.260788,-0.6098766,0.0076441816617960345,12565.508203000001,12496.309082,0.02000325132840186,0.004772674482609654,76.64504286866185,-0.0047080000000000455,-0.024368999999999974,-0.25608,-0.5855076,-0.027587999999999974,-0.34516480000000005,-0.0009166443852821615,0
2012-01-23,12708.820312,-0.2409639999999999,-0.29007807,-0.0009166443852821615,12622.860351399999,12531.199121,0.02308479848965983,0.003563276908191246,82.51056957216828,0.01982400000000012,0.31979852999999997,-0.260788,-0.6098766,-0.0047080000000000455,-0.024368999999999974,-0.00260215434541744,0
2012-01-24,12675.75,-0.262264,-0.49009764,-0.00260215434541744,12661.596289,12559.505077999998,0.015516631709228568,0.004776436514856798,72.86257151502906,-0.021300000000000097,-0.20001956999999998,-0.2409639999999999,-0.29007807,0.01982400000000012,0.31979852999999997,0.0065557942528056135,1
2012-01-25,12758.849609,-0.2330839999999999,-0.25615218,0.0065557942528056135,12697.576171800001,12589.1430662,0.01430162384071676,0.004504533462369901,75.3730255945546,0.029180000000000095,0.23394546,-0.262264,-0.49009764,-0.021300000000000097,-0.20001956999999998,-0.0018982687892893368,0
2012-01-26,12734.629883,-0.236884,-0.23884766,-0.0018982687892893368,12719.7060546,12617.661035,0.008765017838209932,0.004929475736649656,73.03241623837977,-0.003800000000000109,0.017304520000000018,-0.2330839999999999,-0.25615218,0.029180000000000095,0.23394546,-0.005824269938069504,0
2012-01-27,12660.459961,-0.39702,-0.5966797,-0.005824269938069504,12707.701953,12636.605077999999,-0.0047184151688507425,0.004575056396750908,71.1427774105834,-0.16013599999999997,-0.35783204,-0.236884,-0.23884766,-0.003800000000000109,0.017304520000000018,-0.0005323846069387184,0
2012-01-30,12653.719727,-0.179116,-0.33714294,-0.0005323846069387184,12696.681836,12659.7710937,-0.004335617598430708,0.004578712039874825,69.06133136254945,0.217904,0.25953676000000003,-0.39702,-0.5966797,-0.16013599999999997,-0.35783204,-0.001644541798693111,0
2012-01-31,12632.910156,-0.273464,-0.3588556,-0.001644541798693111,12688.1138672,12674.8550781,-0.0033796693686763968,0.004507102924811408,63.40490040430233,-0.09434799999999999,-0.021712659999999995,-0.179116,-0.33714294,0.217904,0.25953676000000003,0.0066136625661283865,1
2012-02-01,12716.459961,-0.266424,-0.35388672,0.0066136625661283865,12679.6359376,12688.6060547,-0.0033223722591807503,0.00453030707133034,68.90282349033849,0.007039999999999991,0.004968880000000009,-0.273464,-0.3588556,-0.09434799999999999,-0.021712659999999995,-0.0008689371911592136,0
2012-02-02,12705.410156,-0.145616,-0.40188476,-0.0008689371911592136,12673.7919922,12696.7490234,-0.002294509323667593,0.004482948905104371,66.8444573958397,0.120808,-0.04799804000000002,-0.266424,-0.35388672,0.007039999999999991,0.004968880000000009,0.012342798152481738,1
2012-02-03,12862.230469,-0.31172,-0.2671582,0.012342798152481738,12714.1460938,12710.924023399999,0.015937059839969958,0.006107347655825951,77.3870848824168,-0.166104,0.13472656,-0.145616,-0.40188476,0.120808,-0.04799804000000002,-0.001329519482737851,0
2012-02-06,12845.129883,-0.35846,-0.5554395,-0.001329519482737851,12752.428125,12724.554980500001,0.015126789602552648,0.006237568480264538,73.86351235557771,-0.046740000000000004,-0.28828129999999996,-0.31172,-0.2671582,-0.166104,0.13472656,0.002574540880568854,1
2012-02-07,12878.200195,-0.26696,-0.22137696,0.002574540880568854,12801.4861328,12744.8,0.019416748474499368,0.005711538206928048,71.4703705886839,0.09150000000000003,0.33406253999999996,-0.35846,-0.5554395,-0.046740000000000004,-0.28828129999999996,0.0004464909624741775,1
2012-02-08,12883.950195,-0.0333,-0.75628906,0.0004464909624741775,12834.9841796,12757.3100586,0.013171136819026152,0.005635369200766754,69.76624343042566,0.23365999999999998,-0.5349120999999999,-0.26696,-0.22137696,0.09150000000000003,0.33406253999999996,0.0005052616551193267,1
2012-02-09,12890.459961,-0.350876,-0.47709987,0.0005052616551193267,12871.9941406,12772.8930664,0.014564646298538708,0.005452415996330683,64.97299748632227,-0.317576,0.27918919,-0.0333,-0.75628906,0.23365999999999998,-0.5349120999999999,-0.006922134064258678,0
2012-02-10,12801.230469,-0.2099879999999999,-0.6029884,-0.006922134064258678,12859.794140599999,12786.9701172,-0.0047425677954550105,0.00361595978979862,57.16147455373853,0.14088800000000012,-0.12588853,-0.350876,-0.47709987,-0.317576,0.27918919,0.005687700895341097,1
2012-02-13,12874.040039,-0.272848,-0.48470703,0.005687700895341097,12865.5761718,12809.002148399999,0.0022506705859206555,0.004644842865752207,64.47523193402812,-0.06286000000000008,0.11828137,-0.2099879999999999,-0.6029884,0.14088800000000012,-0.12588853,0.0003293631204466241,1
2012-02-14,12878.280273,-0.174128,-0.4782835,0.0003293631204466241,12865.592187400001,12833.5391601,6.2181049205189964e-06,0.004495235511372235,59.85288785506208,0.09871999999999997,0.006423530000000011,-0.272848,-0.48470703,-0.06286000000000008,0.11828137,-0.007557692171373143,0
2012-02-15,12780.950195,-0.369108,-0.5825588,-0.007557692171373143,12844.9921874,12839.988183500001,-0.007994442577088812,0.005592047898431414,53.41001894037794,-0.19498,-0.10427530000000007,-0.174128,-0.4782835,0.09871999999999997,0.006423530000000011,0.009633859855597393,1
2012-02-16,12904.080078,-0.232368,-0.3114804,0.009633859855597393,12847.7162108,12859.8551757,0.0010566044222788396,0.007583370528392824,66.72894185439408,0.13674,0.27107840000000005,-0.369108,-0.5825588,-0.19498,-0.10427530000000007,0.003548493090806737,1
2012-02-17,12949.870117,-0.4041559999999999,-0.3457422,0.003548493090806737,12877.4441404,12868.6191405,0.011611356295783581,0.006478314599665969,69.30099458848915,-0.1717879999999999,-0.03426180000000001,-0.232368,-0.3114804,0.13674,0.27107840000000005,0.0012216580442170333,1
2012-02-21,12965.69043,-0.3773959999999999,-0.14131714,0.0012216580442170333,12895.7742186,12880.675195200001,0.007119007764645691,0.006201302606554084,71.8302406471697,0.026760000000000006,0.20442506,-0.4041559999999999,-0.3457422,-0.1717879999999999,-0.03426180000000001,-0.0020840007052367326,0
2012-02-22,12938.669922,-0.3286079999999999,-0.4945508,-0.0020840007052367326,12907.8521484,12886.722167900001,0.004689263451317149,0.006399635584208268,65.74458868254936,0.048788,-0.35323366,-0.3773959999999999,-0.14131714,0.026760000000000006,0.20442506,0.0035568190762600427,1
2012-02-23,12984.69043,-0.185492,-0.3889453,0.0035568190762600427,12948.6001954,12896.7961914,0.01594093020405518,0.004285871733811104,68.85394185567219,0.1431159999999999,0.10560550000000002,-0.3286079999999999,-0.4945508,0.048788,-0.35323366,-0.0001340220630889899,0
2012-02-24,12982.950195,-0.428148,-0.44885674,-0.0001340220630889899,12964.3742188,12906.0452148,0.006112029414205411,0.0024306576586604098,60.308030928616624,-0.24265599999999998,-0.05991143999999998,-0.185492,-0.3889453,0.1431159999999999,0.10560550000000002,-0.00011094774133502128,0
2012-02-27,12981.509766,-0.236244,-0.4196753,-0.00011094774133502128,12970.702148600001,12924.0731445,0.0024432406436620813,0.0020806684049302815,61.9652180971166,0.19190399999999996,0.029181440000000003,-0.428148,-0.44885674,-0.24265599999999998,-0.05991143999999998,0.0018187677262193613,1
2012-02-28,13005.120117,-0.178052,-0.8042778,0.0018187677262193613,12978.588086,12937.1811523,0.003041078854448598,0.0021491762416208683,61.3232106551384,0.05819200000000002,-0.38460250000000007,-0.236244,-0.4196753,0.19190399999999996,0.029181440000000003,-0.004079147637448988,0
2012-02-29,12952.070312,-0.218856,-0.44383803,-0.004079147637448988,12981.268164,12944.560156200001,0.0010356852814690232,0.002846378276983915,55.60436874832891,-0.04080400000000001,0.36043977000000005,-0.178052,-0.8042778,0.05819200000000002,-0.38460250000000007,0.002179535187810666,1
2012-03-01,12980.299805,-0.352676,-0.62771773,0.002179535187810666,12980.390039,12964.4951172,-0.000338138596654991,0.0024852955266099304,57.13625251198659,-0.13382,-0.18387969999999998,-0.218856,-0.44383803,-0.04080400000000001,0.36043977000000005,-0.00021027965771247548,0
2012-03-02,12977.570312,-0.2594559999999999,-0.39713722,-0.00021027965771247548,12979.314062399999,12971.8441406,-0.0004143806237562053,0.0024860576050435832,66.23872274539409,0.09322000000000008,0.23058050999999996,-0.352676,-0.62771773,-0.13382,-0.18387969999999998,-0.0011374041245880706,0
2012-03-05,12962.80957,-0.082212,-0.4367871,-0.0011374041245880706,12975.574023199999,12973.1380859,-0.0014405255118304927,0.0025311806565170855,59.15315672534296,0.1772439999999999,-0.03964987999999997,-0.2594559999999999,-0.39713722,0.09322000000000008,0.23058050999999996,-0.01571103686282116,0
2012-03-06,12759.150391,-0.1629159999999999,-0.551311,-0.01571103686282116,12926.380077999998,12952.484081999999,-0.01891329905353778,0.007029948885280911,41.29588808256575,-0.0807039999999999,-0.11452390000000001,-0.082212,-0.4367871,0.1772439999999999,-0.03964987999999997,0.006127342699491001,1
2012-03-07,12837.330078,-0.30102,-0.2543293,0.006127342699491001,12903.4320312,12942.350097600001,-0.008858833471100946,0.008293828079397391,54.237937598501944,-0.13810400000000012,0.2969817,-0.1629159999999999,-0.551311,-0.0807039999999999,-0.11452390000000001,0.005500392337890236,1
2012-03-08,12907.94043,-0.339088,-0.2881564,0.005500392337890236,12888.960156199999,12934.6750976,-0.005574553445377828,0.00880446063758939,50.31504789399612,-0.03806799999999999,-0.0338271,-0.30102,-0.2543293,-0.13810400000000012,0.2969817,0.001090731792291022,1
2012-03-09,12922.019531,-0.1390279999999999,-0.2770703,0.001090731792291022,12877.85,12928.5820312,-0.004280522444839563,0.008855893100208644,47.60301432104173,0.2000600000000001,0.011086099999999988,-0.339088,-0.2881564,-0.03806799999999999,-0.0338271,0.002916760024203713,1
2012-03-12,12959.709961,-0.1659199999999999,-0.3022754,0.002916760024203713,12877.2300782,12926.4020507,-0.00023911552378064194,0.009004601034786034,49.503959233702865,-0.026892,-0.025205100000000036,-0.1390279999999999,-0.2770703,0.2000600000000001,0.011086099999999988,0.01681902817701486,1
2012-03-13,13177.679688,-0.317264,-0.5759961,0.01681902817701486,12960.935937600001,12943.6580078,0.032802285745861415,0.006118002210821026,65.05536282035065,-0.1513440000000001,-0.2737207,-0.1659199999999999,-0.3022754,-0.026892,-0.025205100000000036,0.00124604037954823,1
2012-03-14,13194.099609,-0.289696,-0.4577014,0.00124604037954823,13032.289843800001,12967.8609375,0.027791567937589745,0.006563731445582,63.70175930140673,0.02756799999999998,0.11829470000000003,-0.317264,-0.5759961,-0.1513440000000001,-0.2737207,0.004445938619410228,1
2012-03-15,13252.759766,-0.20892,-0.28706056,0.004445938619410228,13101.253711000001,12995.106933600002,0.02671373778566455,0.0065812180250516585,66.42998595181284,0.08077600000000001,0.17064083999999996,-0.289696,-0.4577014,0.02756799999999998,0.11829470000000003,-0.0015196569888534794,0
2012-03-16,13232.620117,-0.1822679999999999,-0.37466958,-0.0015196569888534794,13163.373828200001,13020.6119141,0.024036535872343112,0.007083360700992563,64.9508164551994,0.026652000000000092,-0.08760901999999998,-0.20892,-0.28706056,0.08077600000000001,0.17064083999999996,0.0004919483777545697,1
2012-03-19,13239.129883,-0.187664,-0.7008984,0.0004919483777545697,13219.2578126,13048.243945400001,0.021560661684626004,0.007321947192839103,64.2222754953192,-0.005396000000000095,-0.32622882000000003,-0.1822679999999999,-0.37466958,0.026652000000000092,-0.08760901999999998,-0.005207249540509662,0
2012-03-20,13170.19043,-0.109876,-0.5072949,-0.005207249540509662,13217.759961,13089.3479493,-0.0005683290364706384,0.003568152179710126,63.00536975041599,0.077788,0.19360350000000004,-0.187664,-0.7008984,-0.005396000000000095,-0.32622882000000003,-0.003460110409352679,0
2012-03-21,13124.620117,-0.18264,-0.6465332,-0.003460110409352679,13203.864062600001,13118.076953200001,-0.00526595175563227,0.003738143910121426,58.43073267874024,-0.072764,-0.13923830000000004,-0.109876,-0.5072949,0.077788,0.19360350000000004,-0.005979637376197,0
2012-03-22,13046.139648,-0.4008679999999999,-0.3584912,-0.005979637376197,13162.540039,13131.896875,-0.015590723867951128,0.0026578169754396725,53.67991958379606,-0.2182279999999999,0.288042,-0.18264,-0.6465332,-0.072764,-0.13923830000000004,0.002651421948047572,1
2012-03-23,13080.730469,-0.065052,-0.3739966,0.002651421948047572,13132.1621094,13147.7679688,-0.011478425788470026,0.0037299209004222136,56.19658538273336,0.3358159999999999,-0.015505400000000003,-0.4008679999999999,-0.3584912,-0.2182279999999999,0.288042,0.01230049150399637,1
2012-03-26,13241.629883,-0.0128559999999999,-0.6748437,0.01230049150399637,13132.6621094,13175.959961,0.0001888341622215961,0.007634746390525514,76.54664067226513,0.052196000000000096,-0.30084710000000003,-0.065052,-0.3739966,0.3358159999999999,-0.015505400000000003,-0.0033152575919946914,0
2012-03-27,13197.730469,-0.256412,-0.28131735,-0.0033152575919946914,13138.1701172,13177.9650391,0.0020910888985528064,0.007349935521246541,70.6070494075671,-0.24355600000000008,0.39352635,-0.0128559999999999,-0.6748437,0.052196000000000096,-0.30084710000000003,-0.005419152040420427,0
2012-03-28,13126.209961,-0.15244,-0.60823977,-0.005419152040420427,13138.488086000001,13171.1760743,0.00012113447748030026,0.007655635479612173,62.4672849588897,0.10397199999999998,-0.32692241999999994,-0.256412,-0.28131735,-0.24355600000000008,0.39352635,0.0014939842542718296,1
2012-03-29,13145.820312,-0.298048,-0.49467164,0.0014939842542718296,13158.4242188,13160.4821289,0.007640625249269117,0.0068743881657604014,62.70295613320276,-0.145608,0.11356812999999993,-0.15244,-0.60823977,0.10397199999999998,-0.32692241999999994,0.005037321782007886,1
2012-03-30,13212.040039,-0.26462,-0.39766613,0.005037321782007886,13184.6861328,13158.424121099999,0.010038397344184213,0.007051159198201179,63.87298439750746,0.03342799999999996,0.09700551000000002,-0.298048,-0.49467164,-0.145608,0.11356812999999993,0.00396987859900344,1
2012-04-02,13264.490234,-0.095976,-0.39847657,0.00396987859900344,13189.258203,13160.960156199999,0.0017264000883570052,0.004557970456646757,55.83474664691977,0.16864400000000002,-0.0008104399999999679,-0.26462,-0.39766613,0.03342799999999996,0.09700551000000002,-0.004895810382033572,0
2012-04-03,13199.549805,-0.134108,-0.36562812,-0.004895810382033572,13189.6220702,13163.8960937,0.00013785218634931873,0.004916700320587211,50.34389103260675,-0.038132,0.032848449999999974,-0.095976,-0.39847657,0.16864400000000002,-0.0008104399999999679,-0.009454853146031228,0
2012-04-04,13074.75,-0.178172,-0.2193853,-0.009454853146031228,13179.330077999999,13158.909081999998,-0.003920397521668173,0.006200121884668663,39.63336123452319,-0.04406399999999999,0.14624282,-0.134108,-0.36562812,-0.038132,0.032848449999999974,-0.001117447905313651,0
2012-04-05,13060.139648,-0.25456,-0.5684473,-0.001117447905313651,13162.193945200002,13160.309081999998,-0.006517711482925681,0.006070374157165711,39.89025934493836,-0.07638800000000001,-0.349062,-0.178172,-0.2193853,-0.04406399999999999,0.14624282,-0.00999604962263878,0
2012-04-09,12929.589844,-0.226356,-0.5183667,-0.00999604962263878,13105.7039062,13145.195019499999,-0.02137824243388975,0.0058713713392113285,34.159961068941215,0.028204000000000007,0.05008060000000003,-0.25456,-0.5684473,-0.07638800000000001,-0.349062,-0.01652489820465186,0
2012-04-10,12715.929688,-0.198412,-0.5475877,-0.01652489820465186,12995.991796999999,13092.625000000002,-0.04135556936774787,0.005809237177635972,29.753074072112454,0.027943999999999997,-0.029221000000000052,-0.226356,-0.5183667,0.028204000000000007,0.05008060000000003,0.007035266960025988,1
2012-04-11,12805.389648,-0.176736,-0.51676697,0.007035266960025988,12917.159765600001,13053.3909179,-0.029861636406015357,0.009116396387298848,36.307247886073235,0.021676,0.030820729999999963,-0.198412,-0.5475877,0.027943999999999997,-0.029221000000000052,0.014149544448130102,1
2012-04-12,12986.580078,-0.188072,-0.566777,0.014149544448130102,12899.5257812,13039.4279296,-0.006743526415418977,0.012405813130498072,47.65217968079674,-0.011335999999999985,-0.05001002999999993,-0.176736,-0.51676697,0.021676,0.030820729999999963,-0.010548599644957357,0
2012-04-13,12849.589844,-0.269044,-0.33688477,-0.010548599644957357,12857.415820400001,13009.8048828,-0.016121558396371638,0.013071972350464547,41.56913869101326,-0.08097200000000002,0.22989222999999998,-0.188072,-0.566777,-0.011335999999999985,-0.05001002999999993,0.0055893077422650705,1
2012-04-16,12921.410156,-0.346328,-0.3534566,0.0055893077422650705,12855.7798828,12980.741894499999,-0.0006326332156465497,0.012896435941266802,37.50821911081717,-0.07728400000000002,-0.01657183000000001,-0.269044,-0.33688477,-0.08097200000000002,0.22989222999999998,0.015023892954118212,1
2012-04-17,13115.540039,-0.240824,-0.7067871,0.015023892954118212,12935.701953,12965.846875,0.03142596418861232,0.010278984731951626,47.130126511923244,0.10550400000000001,-0.3533305,-0.346328,-0.3534566,-0.07728400000000002,-0.01657183000000001,-0.006312362186674525,0
2012-04-18,13032.75,-0.273356,-0.6451173,-0.006312362186674525,12981.174023399999,12949.1668945,0.01775505144706857,0.0116639554859538,46.76210652564913,-0.03253199999999998,0.0616698,-0.240824,-0.7067871,0.10550400000000001,-0.3533305,-0.0052675291860888596,0
2012-04-19,12964.099609,-0.0724679999999999,-0.36737305,-0.0052675291860888596,12976.677929599999,12938.1018554,-0.0017310538159375222,0.01043269181652823,43.911232160893164,0.2008880000000001,0.27774425,-0.273356,-0.6451173,-0.03253199999999998,0.0616698,0.005026199964921707,1
2012-04-20,13029.259766,-0.144664,-0.48392427,0.005026199964921707,13012.611914,12935.0138672,0.01398254140258759,0.00880737228742312,43.87137842553012,-0.0721960000000001,-0.11655122000000001,-0.0724679999999999,-0.36737305,0.2008880000000001,0.27774425,-0.00783542932088932,0
2012-04-23,12927.169922,-0.177996,-0.5736523,-0.00783542932088932,13013.7638672,12934.771875,0.00044575367010724065,0.009745334668102424,39.054025115502455,-0.033332,-0.08972803000000001,-0.144664,-0.48392427,-0.0721960000000001,-0.11655122000000001,0.005754519237300526,1
2012-04-24,13001.55957,-0.131012,-0.30578125,0.005754519237300526,12990.9677734,12963.3348632,-0.008690489957795977,0.006566061260401796,43.61441712928971,0.046984,0.26787105,-0.177996,-0.5736523,-0.033332,-0.08972803000000001,0.006857650924103842,1
2012-04-25,13090.719727,-0.204904,-0.55737305,0.006857650924103842,13002.5617188,12991.8678711,0.004448004220137802,0.00689984381334607,50.527175010300574,-0.07389200000000001,-0.25159180000000003,-0.131012,-0.30578125,0.046984,0.26787105,0.008700850096506008,1
2012-04-26,13204.620117,-0.198728,-0.7977246,0.008700850096506008,13050.665820400001,13013.671875,0.018552812401489538,0.006595931386708589,54.476013458493554,0.006176000000000015,-0.24035154999999997,-0.204904,-0.55737305,-0.07389200000000001,-0.25159180000000003,0.0017940276047396786,1
2012-04-27,13228.30957,-0.401312,-0.23982425,0.0017940276047396786,13090.475781199999,13051.5438476,0.015277138346678987,0.006591939801064117,59.91053948980237,-0.20258400000000001,0.55790035,-0.198728,-0.7977246,0.006176000000000015,-0.24035154999999997,-0.0011097175283296679,0
2012-04-30,13213.629883,-0.195548,-0.5145636,-0.0011097175283296679,13147.767773399999,13080.7658203,0.022159526232612636,0.003984976785472237,69.02377388662356,0.205764,-0.27473935000000005,-0.401312,-0.23982425,-0.20258400000000001,0.55790035,0.0049714143336581085,1
2012-05-01,13279.320312,-0.1925,-0.6195264,0.0049714143336581085,13203.319921799999,13097.1438476,0.021363647991961665,0.003933461102838302,68.45048683219024,0.003047999999999995,-0.10496280000000002,-0.195548,-0.5145636,0.205764,-0.27473935000000005,-0.0008095293845939988,0
2012-05-02,13268.570312,-0.146192,-0.46787113,-0.0008095293845939988,13238.890038799998,13120.7258788,0.01358600510200958,0.004147909486571465,62.657896023371116,0.046308000000000016,0.15165527,-0.1925,-0.6195264,0.003047999999999995,-0.10496280000000002,-0.004671224294899745,0
2012-05-03,13206.589844,-0.218544,-0.2920123,-0.004671224294899745,13239.2839842,13144.9749023,0.00014916953176591363,0.0035928581868281723,67.18195100289358,-0.072352,0.17585883000000002,-0.146192,-0.46787113,0.046308000000000016,0.15165527,-0.012745176081656817,0
2012-05-04,13038.269531,-0.211844,-0.5188086,-0.012745176081656817,13201.275976399998,13145.875878800001,-0.014366162055277631,0.006511439613825584,55.14626321527587,0.006699999999999984,-0.22679629999999995,-0.218544,-0.2920123,-0.072352,0.17585883000000002,-0.0022809206336232846,0
2012-05-07,13008.530273,-0.080684,-0.653373,-0.0022809206336232846,13160.2560544,13154.011913899998,-0.015521821922972912,0.006452960411358046,44.489657967044,0.13116,-0.13456440000000003,-0.211844,-0.5188086,0.006699999999999984,-0.22679629999999995,-0.005876177200329624,0
2012-05-08,12932.089844,-0.192436,-0.37523437,-0.005876177200329624,13090.809960800001,13147.064941300001,-0.026148210890449053,0.0046215369737781535,44.782504826377696,-0.11175199999999999,0.27813863,-0.080684,-0.653373,0.13116,-0.13456440000000003,-0.00750306216322949,0
2012-05-09,12835.05957,-0.054336,-0.60569334,-0.00750306216322949,13004.1078124,13121.4989256,-0.03267200096214862,0.003920334162607748,43.502649840039936,0.1381,-0.23045896999999999,-0.192436,-0.37523437,-0.11175199999999999,0.27813863,0.0015567102662072951,1
2012-05-10,12855.040039,-0.323944,-0.42452195,0.0015567102662072951,12933.797851399999,13086.5409178,-0.02661927182964008,0.005401877401697158,40.80965265962029,-0.269608,0.18117139,-0.054336,-0.60569334,0.1381,-0.23045896999999999,-0.002679138290935912,0
2012-05-11,12820.599609,-0.110496,-0.49698547,-0.002679138290935912,12890.263867,13045.7699217,-0.016694694144990918,0.0035106294287525737,43.946185318635415,0.21344800000000003,-0.07246352,-0.323944,-0.42452195,-0.269608,0.18117139,-0.009769433865797872,0
2012-05-14,12695.349609,-0.222456,-0.31598336,-0.009769433865797872,12827.6277342,12993.9418943,-0.024075022883255692,0.004417326566794318,33.55569608790293,-0.11195999999999999,0.18100211,-0.110496,-0.49698547,0.21344800000000003,-0.07246352,-0.004989985384497908,0
2012-05-15,12632.0,-0.228524,-0.3944043,-0.004989985384497908,12767.6097654,12929.2098631,-0.02320505406473261,0.004383721734120579,24.6631216940103,-0.006068000000000018,-0.07842094,-0.222456,-0.31598336,-0.11195999999999999,0.18100211,-0.0026480521690943615,0
2012-05-16,12598.549805,-0.317532,-0.63506836,-0.0026480521690943615,12720.3078124,12862.2078124,-0.018426853705673873,0.004131696583699016,13.259158883125224,-0.08900799999999998,-0.24066406,-0.228524,-0.3944043,-0.006068000000000018,-0.07842094,-0.012387105930086073,0
2012-05-17,12442.490234,-0.303168,-0.42296875,-0.012387105930086073,12637.797851400002,12785.7978514,-0.0320924558576553,0.004389296819885278,8.950519942341359,0.014363999999999988,0.21209961,-0.317532,-0.63506836,-0.08900799999999998,-0.24066406,-0.005875861634210611,0
2012-05-18,12369.379883,-0.2046079999999999,-0.34065428,-0.005875861634210611,12547.553906199999,12718.9088866,-0.03519490037605155,0.0039001305201151193,8.435564203789639,0.09856000000000009,0.08231447000000003,-0.303168,-0.42296875,0.014363999999999988,0.21209961,0.010922179387964137,1
2012-05-21,12504.480469,-0.404544,-0.18922752,0.010922179387964137,12509.3800782,12668.5039062,-0.015034571388620077,0.008577575942955815,14.293159064940454,-0.1999360000000001,0.15142675999999997,-0.2046079999999999,-0.34065428,0.09856000000000009,0.08231447000000003,-0.0001336240241361919,0
2012-05-22,12502.80957,-0.312812,-0.50737303,-0.0001336240241361919,12483.5419922,12625.575878799998,-0.01022723480050669,0.008570258522032716,14.41377090483067,0.09173200000000004,-0.31814551,-0.404544,-0.18922752,-0.1999360000000001,0.15142675999999997,-0.0005326146065584014,0
2012-05-23,12496.150391,-0.28882,-0.4921077,-0.0005326146065584014,12463.0621094,12591.6849609,-0.008127873095311489,0.00858398485395472,15.195063443186228,0.023991999999999958,0.015265330000000021,-0.312812,-0.50737303,0.09173200000000004,-0.31814551,0.002688796785304426,1
2012-05-24,12529.75,-0.293548,-0.4619124,0.002688796785304426,12480.514062600001,12559.155956999999,0.007013046774315024,0.0061513639352851705,21.298650047929385,-0.0047279999999999545,0.03019529999999998,-0.28882,-0.4921077,0.023991999999999958,0.015265330000000021,-0.005979362876354255,0
2012-05-25,12454.830078,-0.24148,-0.47874025,-0.005979362876354255,12497.6041016,12522.5790039,0.006908203629305776,0.006182124553772926,20.265112383985922,0.052067999999999975,-0.016827849999999978,-0.293548,-0.4619124,-0.0047279999999999545,0.03019529999999998,0.01010534477080638,1
2012-05-29,12580.69043,-0.290504,-0.48997375,0.01010534477080638,12512.8460938,12511.113086000001,0.006094612342266714,0.005870285901227956,32.08026192471168,-0.049023999999999984,-0.011233500000000007,-0.24148,-0.47874025,0.052067999999999975,-0.016827849999999978,-0.012783883276905383,0
2012-05-30,12419.860352,-0.184532,-0.6317578,-0.012783883276905383,12496.2562502,12489.8991212,-0.006634446244709102,0.008665409409435748,30.120335493910332,0.10597199999999998,-0.14178405000000005,-0.290504,-0.48997375,-0.049023999999999984,-0.011233500000000007,-0.0021264455679445016,0
2012-05-31,12393.450195,-0.314228,-0.35104492,-0.0021264455679445016,12475.716211,12469.3891602,-0.0082185467353183,0.008659420554986984,28.034403787657183,-0.129696,0.28071288000000005,-0.184532,-0.6317578,0.10597199999999998,-0.14178405000000005,-0.02217944790796811,0
2012-06-01,12118.570312,-0.447116,-0.35461885,-0.02217944790796811,12393.4802734,12436.997168,-0.032816272311897654,0.012046013562008335,22.813806126168018,-0.132888,-0.003573930000000003,-0.314228,-0.35104492,-0.129696,0.28071288000000005,-0.0014119116826063483,0
2012-06-04,12101.459961,-0.264696,-0.46659046,-0.0014119116826063483,12322.80625,12410.2051758,-0.028372134729014675,0.012275161635654536,24.89922842982945,0.18242000000000003,-0.11197161,-0.447116,-0.35461885,-0.132888,-0.003573930000000003,0.0021890114155953544,1
2012-06-05,12127.950195,-0.1896159999999999,-0.59876955,0.0021890114155953544,12232.258203,12372.5521484,-0.03598691482944316,0.010036689132889605,28.011202555238043,0.07508000000000009,-0.13217909,-0.264696,-0.46659046,0.18242000000000003,-0.11197161,0.023651139672246968,1
2012-06-06,12414.790039,-0.270856,-0.46193358,0.023651139672246968,12231.2441404,12363.7501953,-0.00040824235187020275,0.016298837074494373,43.43499890681299,-0.08124000000000009,0.13683596999999997,-0.1896159999999999,-0.59876955,0.07508000000000009,-0.13217909,0.0037189450530343837,1
2012-06-07,12460.959961,-0.294772,-0.5754607,0.0037189450530343837,12244.746093599999,12360.231152299999,0.005447213240687088,0.016315616440056968,50.716074416412404,-0.023915999999999993,-0.11352712000000004,-0.270856,-0.46193358,-0.08124000000000009,0.13683596999999997,0.007482588363321829,1
2012-06-08,12554.200195,-0.221672,-0.69475585,0.007482588363321829,12331.8720702,12362.6761718,0.03594730003494151,0.00977350003877815,57.055388523847014,0.07309999999999997,-0.1192951499999999,-0.294772,-0.5754607,-0.023915999999999993,-0.11352712000000004,-0.011388198672898309,0
2012-06-11,12411.230469,-0.14648,-0.53924805,-0.011388198672898309,12393.8261718,12358.3162109,0.02559777985452283,0.012570388435229618,46.46150448147327,0.07519200000000001,0.15550779999999997,-0.221672,-0.69475585,0.07309999999999997,-0.1192951499999999,0.013098567173178921,1
2012-06-12,12573.799805,-0.15816,-0.5362402,0.013098567173178921,12482.9960938,12357.627148399999,0.03676215706952779,0.012875251625464905,52.400672663074694,-0.011679999999999996,0.003007850000000034,-0.14648,-0.53924805,0.07519200000000001,0.15550779999999997,-0.006157241502223965,0
2012-06-13,12496.379883,-0.128132,-0.5524745,-0.006157241502223965,12499.3140626,12365.2791015,0.006571987423362957,0.009998371709683578,50.00740626677986,0.030028,-0.016234300000000035,-0.15816,-0.5362402,-0.011679999999999996,0.003007850000000034,0.012446026325718673,1
2012-06-14,12651.910156,-0.0541399999999999,-0.6635026,0.012446026325718673,12537.5041016,12391.1250976,0.015323875174756196,0.011204139733850652,53.654775462999055,0.0739920000000001,-0.11102810000000007,-0.128132,-0.5524745,0.030028,-0.016234300000000035,0.009110068327930598,1
2012-06-15,12767.169922,-0.170948,-0.5215633,0.009110068327930598,12580.098047000001,12455.9850586,0.016964021896418435,0.011385593715909248,59.12431290871798,-0.11680800000000009,0.1419393000000001,-0.0541399999999999,-0.6635026,0.0739920000000001,-0.11102810000000007,-0.001985530869791141,0
2012-06-18,12741.820312,-0.218832,-0.6474299,-0.001985530869791141,12646.216015599999,12520.0210937,0.02663634712333529,0.00881401267143822,55.00071221019128,-0.04788400000000001,-0.12586660000000005,-0.170948,-0.5215633,-0.11680800000000009,0.1419393000000001,0.007495770907242516,1
2012-06-19,12837.330078,-0.20176,-0.4994631,0.007495770907242516,12698.922070199998,12590.959082,0.02095868210779117,0.007881932153496644,63.50380040738106,0.017072000000000004,0.1479668,-0.218832,-0.6474299,-0.04788400000000001,-0.12586660000000005,-0.0010080312589435536,0
2012-06-20,12824.389648,-0.199108,-0.63637424,-0.0010080312589435536,12764.5240232,12631.919042900001,0.02624838297739518,0.006388171139601436,64.06203992456608,0.0026519999999999877,-0.13691114,-0.20176,-0.4994631,0.017072000000000004,0.1479668,-0.019557994016433877,0
2012-06-21,12573.570312,-0.260564,-0.55628926,-0.019557994016433877,12748.856054400001,12643.180078000001,-0.0061919380578946415,0.011397183932000933,65.08401881358391,-0.06145600000000001,0.08008497999999997,-0.199108,-0.63637424,0.0026519999999999877,-0.13691114,0.005345336235631937,1
2012-06-22,12640.780273,-0.254116,-0.44816408,0.005345336235631937,12723.5781246,12651.8380858,-0.009899582270163743,0.0106462930966765,67.30456130928212,0.006448000000000009,0.10812517999999999,-0.260564,-0.55628926,-0.06145600000000001,0.08008497999999997,-0.010926549945260655,0
2012-06-25,12502.660156,-0.133124,-0.49615234,-0.010926549945260655,12675.746093400001,12660.9810545,-0.018769700886047125,0.011380954478280948,61.21920881592256,0.12099200000000002,-0.047988260000000005,-0.254116,-0.44816408,0.006448000000000009,0.10812517999999999,0.002560236429735907,1
2012-06-26,12534.669922,-0.322968,-0.19866699,0.002560236429735907,12615.2140622,12657.0680662,-0.02357656570026867,0.010329313176729108,54.23568455147346,-0.18984399999999998,0.29748535000000004,-0.133124,-0.49615234,0.12099200000000002,-0.047988260000000005,0.007366755133929148,1
2012-06-27,12627.009766,-0.229588,-0.46182618,0.007366755133929148,12575.7380858,12670.1310545,-0.015390976679407364,0.011672819183794307,55.681624536503826,0.09337999999999999,-0.26315919,-0.322968,-0.19866699,-0.18984399999999998,0.29748535000000004,-0.0019600840150327814,0
2012-06-28,12602.259766,-0.218496,-0.52442384,-0.0019600840150327814,12581.4759766,12665.166015499999,0.0022817269310229094,0.007271341473293618,51.725288809732234,0.01109199999999999,-0.06259766,-0.229588,-0.46182618,0.09337999999999999,-0.26315919,0.022046052307981068,1
2012-06-29,12880.089844,-0.257416,-0.40623534,0.022046052307981068,12629.3378908,12676.4580077,0.01893155057137985,0.012219099072119557,65.34568967932191,-0.03891999999999998,0.11818849999999997,-0.218496,-0.52442384,0.01109199999999999,-0.06259766,-0.0006754763441384481,0
2012-07-02,12871.389648,-0.156856,-0.3004883,-0.0006754763441384481,12703.0837892,12689.414941300001,0.02949208307666007,0.009734127131055412,60.83098747040904,0.10055999999999998,0.10574704000000001,-0.257416,-0.40623534,-0.03891999999999998,0.11818849999999997,0.005614817822815921,1
2012-07-03,12943.660156,-0.355304,-0.6246289,0.005614817822815921,12784.881836,12700.0479491,0.032628719906071746,0.009569126222143686,66.34032276769102,-0.198448,-0.32414060000000006,-0.156856,-0.3004883,0.10055999999999998,0.10574704000000001,-0.0036303667922105154,0
2012-07-05,12896.669922,-0.112332,-0.6799414,-0.0036303667922105154,12838.813867199999,12707.2759765,0.021355820657246838,0.010529525692245538,59.71192133023206,0.24297200000000002,-0.05531249999999999,-0.355304,-0.6246289,-0.198448,-0.32414060000000006,-0.00963040814033167,0
2012-07-06,12772.469727,-0.228432,-0.7286438,-0.00963040814033167,12872.8558594,12727.165917999999,0.013506304754899112,0.012106425580021004,50.208811575237,-0.1161,-0.048702399999999924,-0.112332,-0.6799414,0.24297200000000002,-0.05531249999999999,-0.0028326305540986585,0
2012-07-09,12736.290039,-0.224384,-0.29435548,-0.0028326305540986585,12844.095898399999,12736.716894599998,-0.011164503255929326,0.005501089404552704,49.78395178862675,0.004047999999999996,0.43428831999999995,-0.228432,-0.7286438,-0.1161,-0.048702399999999924,-0.006530152952337276,0
2012-07-10,12653.120117,-0.180396,-0.5663281,-0.006530152952337276,12800.4419922,12751.7628907,-0.01695772849467858,0.005706525763240895,42.73350843631722,0.043988,-0.27197262,-0.224384,-0.29435548,0.004047999999999996,0.43428831999999995,-0.0038401472167104433,0
2012-07-11,12604.530273,-0.252868,-0.52563477,-0.0038401472167104433,12732.6160156,12758.7489258,-0.026200462536309477,0.0027960778186648595,41.5645026984456,-0.07247199999999998,0.04069332999999997,-0.180396,-0.5663281,0.043988,-0.27197262,-0.002480119554075233,0
2012-07-12,12573.269531,-0.180328,-0.49079114,-0.002480119554075233,12667.935937400001,12753.3749023,-0.025076271080515244,0.0030064490110171824,49.98612148649617,0.07254,0.034843630000000014,-0.252868,-0.52563477,-0.07247199999999998,0.04069332999999997,0.016210605562655855,1
2012-07-13,12777.089844,-0.265516,-0.4238672,0.016210605562655855,12668.859960799999,12770.857910100001,0.00036172463891093187,0.009141833608166759,55.58539821831029,-0.08518799999999999,0.06692394000000002,-0.180328,-0.49079114,0.07254,0.034843630000000014,-0.0039038531941937293,0
2012-07-16,12727.209961,-0.243216,-0.521781,-0.0039038531941937293,12667.0439452,12755.5699218,-0.0007129295872028152,0.009239931126106481,59.91835459592038,0.022299999999999986,-0.09791380000000005,-0.265516,-0.4238672,-0.08518799999999999,0.06692394000000002,0.0061545364805033476,1
2012-07-17,12805.540039,-0.35432,-0.52612615,0.0061545364805033476,12697.527929599999,12748.9849609,0.01204603454251707,0.008765257583032397,61.493994213457285,-0.11110400000000004,-0.004345149999999909,-0.243216,-0.521781,0.022299999999999986,-0.09791380000000005,0.008055900468533217,1
2012-07-18,12908.700195,-0.196976,-0.51927876,0.008055900468533217,12758.361914000001,12745.488964799999,0.024131793522806477,0.00823702771876429,61.84437335857825,0.157344,0.006847390000000009,-0.35432,-0.52612615,-0.11110400000000004,-0.004345149999999909,0.0026850230059123348,1
2012-07-19,12943.360352,-0.119296,-0.5018522,0.0026850230059123348,12832.3800782,12750.1580078,0.029434732158371668,0.007373180483084601,64.2238798852278,0.07768000000000001,0.01742655999999998,-0.196976,-0.51927876,0.157344,0.006847390000000009,-0.009332200967528181,0
2012-07-20,12822.570312,-0.229312,-0.5714758,-0.009332200967528181,12841.4761718,12755.1680663,0.0035595326130821725,0.007239423228049643,47.23995086243387,-0.11001599999999999,-0.06962360000000001,-0.119296,-0.5018522,0.07768000000000001,0.01742655999999998,-0.007885341904140364,0
2012-07-23,12721.459961,-0.278836,-0.5505489,-0.007885341904140364,12840.3261718,12753.685058500001,-0.00045178794233924346,0.008050357826729292,43.39174513626115,-0.049523999999999985,0.02092689999999997,-0.229312,-0.5714758,-0.11001599999999999,-0.06962360000000001,-0.008186139744908227,0
2012-07-24,12617.320312,-0.2971519999999999,-0.23568451,-0.008186139744908227,12802.682226399998,12750.105077999999,-0.014698304517167249,0.007832449417900251,36.00938481003721,-0.018315999999999943,0.31486439,-0.278836,-0.5505489,-0.049523999999999985,0.02092689999999997,0.004654672430258078,1
2012-07-25,12676.049805,-0.19442,-0.67220706,0.004654672430258078,12756.1521484,12757.257031199999,-0.01802275879721127,0.0067062521793325135,40.635981507116604,0.1027319999999999,-0.43652254999999995,-0.2971519999999999,-0.23568451,-0.018315999999999943,0.31486439,0.016714977162398448,1
2012-07-26,12887.929688,-0.4337399999999999,-0.44519532,0.016714977162398448,12745.0660156,12788.7230469,-0.004282555881358507,0.011336701771807274,54.56111017013439,-0.2393199999999999,0.22701173999999996,-0.19442,-0.67220706,0.1027319999999999,-0.43652254999999995,0.014566378972007854,1
2012-07-27,13075.660156,-0.075504,-0.47932556,0.014566378972007854,12795.6839844,12818.5800781,0.019737840217818547,0.01186915423866089,61.97283057230475,0.3582359999999999,-0.03413023999999998,-0.4337399999999999,-0.44519532,-0.2393199999999999,0.22701173999999996,-0.00020269645802817315,0
2012-07-30,13073.009766,-0.3147919999999999,-0.52056485,-0.00020269645802817315,12865.9939454,12853.1600586,0.027634391498911226,0.01035036523151627,65.70583418016943,-0.2392879999999999,-0.041239289999999984,-0.075504,-0.47932556,0.3582359999999999,-0.03413023999999998,-0.004920831480391574,0
2012-07-31,13008.679688,-0.261044,-0.15447335,-0.004920831480391574,12944.265820600001,12873.474023499999,0.031017630235462113,0.009322143834342957,64.94114149218922,0.05374799999999991,0.36609149999999996,-0.3147919999999999,-0.52056485,-0.2392879999999999,-0.041239289999999984,-0.0025021605405525227,0
2012-08-01,12976.129883,-0.23632,-0.449729,-0.0025021605405525227,13004.2818362,12880.2169923,0.023672996131778756,0.010126304991629509,64.87930396067091,0.024723999999999996,-0.29525565,-0.261044,-0.15447335,0.05374799999999991,0.36609149999999996,-0.0074945304090556775,0
2012-08-02,12878.879883,-0.187784,-0.60059446,-0.0074945304090556775,13002.471875199999,12873.7689454,-0.0007021923007871633,0.008642952481084164,54.08077373229941,0.048535999999999996,-0.15086546000000006,-0.23632,-0.449729,0.024723999999999996,-0.29525565,0.016871811910197376,1
2012-08-03,13096.169922,-0.210968,-0.49351716,0.016871811910197376,13006.5738284,12901.1289064,0.0015685453549041384,0.009627160578871297,63.04113558239315,-0.023183999999999982,0.10707730000000004,-0.187784,-0.60059446,0.048535999999999996,-0.15086546000000006,0.001629472137815835,1
2012-08-06,13117.509766,-0.276032,-0.1780371,0.001629472137815835,13015.4738284,12940.7338869,0.003403959822300129,0.009635713816259647,61.489663669351806,-0.06506400000000001,0.31548006,-0.210968,-0.49351716,-0.023183999999999982,0.10707730000000004,0.0038947821584569553,1
2012-08-07,13168.599609,-0.26344,-0.5952832,0.0038947821584569553,13047.4578126,12995.8618166,0.012293324521436277,0.009140055206530528,59.95371287118858,0.012591999999999992,-0.4172461,-0.276032,-0.1780371,-0.06506400000000001,0.31548006,0.0005346080227990324,1
2012-08-08,13175.639648,-0.324476,-0.48718262,0.0005346080227990324,13087.3597656,13045.820800899999,0.015375136253944044,0.008821584738944005,59.08817884443311,-0.06103599999999998,0.10810058,-0.26344,-0.5952832,0.012591999999999992,-0.4172461,-0.000793071021913172,0
2012-08-09,13165.19043,-0.260768,-0.39992186,-0.000793071021913172,13144.621875,13073.546875099999,0.02223101306953934,0.007165588197653638,64.67224439012314,0.06370799999999999,0.08726075999999999,-0.324476,-0.48718262,-0.06103599999999998,0.10810058,0.003247941245313246,1
2012-08-10,13207.950195,-0.256812,-0.5687109,0.003247941245313246,13166.9779296,13086.775878999999,0.008535340764953103,0.0019229969361429327,71.92921602085676,0.003956000000000015,-0.16878904,-0.260768,-0.39992186,0.06370799999999999,0.08726075999999999,-0.002916463677655412,0
2012-08-13,13169.429688,-0.1871399999999999,-0.6485547,-0.002916463677655412,13177.361914,13096.4178712,0.003958062385787109,0.0028279982314534454,76.45191729842001,0.0696720000000001,-0.07984380000000002,-0.256812,-0.5687109,0.003956000000000015,-0.16878904,0.00020577656468057093,1
2012-08-14,13172.139648,-0.313092,-0.34233513,0.00020577656468057093,13178.069921799999,13112.7638672,0.00026882425657315245,0.002235869472672707,75.11618808787686,-0.1259520000000001,0.30621957000000005,-0.1871399999999999,-0.6485547,0.0696720000000001,-0.07984380000000002,-0.0005587076357118637,0
2012-08-15,13164.780273,-0.173844,-0.2651172,-0.0005587076357118637,13175.898046799999,13131.6289062,-0.0008242009716505905,0.002230787559261011,67.67727160546914,0.13924799999999998,0.07721792999999999,-0.313092,-0.34233513,-0.1259520000000001,0.30621957000000005,0.006481694128614102,1
2012-08-16,13250.110352,-0.31376,-0.48292968,0.006481694128614102,13192.882031199999,13168.7519531,0.006450337536059392,0.0036426226102419536,62.814614068288144,-0.13991599999999998,-0.21781247999999997,-0.173844,-0.2651172,0.13924799999999998,0.07721792999999999,0.0018935572862011085,1
2012-08-17,13275.200195,-0.400468,-0.2790918,0.0018935572862011085,13206.3320312,13186.6549804,0.005091630344385978,0.003508711377197265,64.37832562076015,-0.08670800000000001,0.20383787999999997,-0.31376,-0.48292968,-0.13991599999999998,-0.21781247999999997,-0.0002682104185020018,0
2012-08-20,13271.639648,-0.333364,-0.56879884,-0.0002682104185020018,13226.774023200001,13202.067968599998,0.00776115309633596,0.002915437740363463,70.46894363221973,0.067104,-0.28970704,-0.400468,-0.2790918,-0.08670800000000001,0.20383787999999997,-0.005128196048500788,0
2012-08-21,13203.580078,-0.26708,-0.8217621,-0.005128196048500788,13233.062109200002,13205.566015499999,0.0023868886027771374,0.004216307354007079,66.77735893156188,0.06628400000000001,-0.25296326,-0.333364,-0.56879884,0.067104,-0.28970704,-0.0023342390334992746,0
2012-08-22,13172.759766,-0.2937,-0.48685303,-0.0023342390334992746,13234.6580078,13205.2780273,0.0006061242827093416,0.004396982431795025,74.0326119533808,-0.026620000000000033,0.33490907000000003,-0.26708,-0.8217621,0.06628400000000001,-0.25296326,-0.008752896663127285,0
2012-08-23,13057.459961,-0.199924,-0.509375,-0.008752896663127285,13196.1279296,13194.504980400001,-0.014539531059144739,0.004166660258911424,46.20064981928876,0.09377600000000003,-0.022521970000000002,-0.2937,-0.48685303,-0.026620000000000033,0.33490907000000003,0.00769749754547977,1
2012-08-24,13157.969727,-0.356448,-0.5296484,0.00769749754547977,13172.681836,13189.506933600002,-0.00883078720305508,0.006169375087024676,53.436973771816305,-0.156524,-0.020273399999999997,-0.199924,-0.509375,0.09377600000000003,-0.022521970000000002,-0.0025307707564997672,0
2012-08-27,13124.669922,-0.31714,-0.48046875,-0.0025307707564997672,13143.287890800002,13185.030957,-0.011073968996901495,0.006115598935549703,46.15197741478964,0.03930800000000001,0.04917965000000002,-0.356448,-0.5296484,-0.156524,-0.020273399999999997,-0.001651827293855046,0
2012-08-28,13102.990234,-0.304308,-0.54586184,-0.001651827293855046,13123.169922000001,13178.1160156,-0.0076183764862080006,0.005894466094057765,43.79540247657075,0.012831999999999955,-0.06539309000000004,-0.31714,-0.48046875,0.03930800000000001,0.04917965000000002,0.00034268780788271336,1
2012-08-29,13107.480469,-0.0877479999999999,-0.48279405,0.00034268780788271336,13110.114062600001,13172.3860352,-0.004955627989853051,0.005922892593069655,45.020618561700005,0.21656000000000014,0.06306779000000007,-0.304308,-0.54586184,0.012831999999999955,-0.06539309000000004,-0.008145768994469837,0
2012-08-30,13000.709961,-0.403628,-0.45360267,-0.008145768994469837,13098.764062600001,13147.445996100001,-0.004346174536969727,0.005726650187816949,33.897417715617664,-0.3158800000000001,0.02919137999999999,-0.0877479999999999,-0.48279405,0.21656000000000014,0.06306779000000007,0.006932689312381779,1
2012-08-31,13090.839844,-0.204168,-0.2560254,0.006932689312381779,13085.338086,13129.009961,-0.0051018420313165835,0.005444262143350971,44.34694404122089,0.19946,0.19757726999999997,-0.403628,-0.45360267,-0.3158800000000001,0.02919137999999999,-0.004193727419647741,0
2012-09-04,13035.94043,-0.209832,-0.4716797,-0.004193727419647741,13067.592187600001,13105.440039199999,-0.006760512266389851,0.005608659909287613,40.887231952443926,-0.005664000000000002,-0.21565429999999997,-0.204168,-0.2560254,0.19946,0.19757726999999997,0.0008852479084242582,1
2012-09-05,13047.480469,-0.309448,-0.5123177,0.0008852479084242582,13056.4902346,13089.8300783,-0.00423641962702237,0.005687960725634542,42.19540886101669,-0.09961600000000001,-0.04063800000000001,-0.209832,-0.4716797,-0.005664000000000002,-0.21565429999999997,0.018740747041619432,1
2012-09-06,13292.0,-0.307908,-0.61196345,0.018740747041619432,13093.394140800001,13101.7541017,0.014077421777312527,0.010530494838893349,52.29993831369762,0.0015399999999999858,-0.09964574999999998,-0.309448,-0.5123177,-0.09961600000000001,-0.04063800000000001,0.001101387902497697,1
2012-09-07,13306.639648,-0.21544,-0.37907135,0.001101387902497697,13154.5800782,13126.6720704,0.02353176772020449,0.008785328429839862,51.74621184934644,0.09246800000000002,0.2328921,-0.307908,-0.61196345,0.0015399999999999858,-0.09964574999999998,-0.003934096840735313,0
2012-09-10,13254.290039,-0.234036,-0.5132715,-0.003934096840735313,13187.2701172,13136.3041016,0.012485844831026327,0.009414443838170396,49.085907999790045,-0.018596,-0.13420015000000002,-0.21544,-0.37907135,0.09246800000000002,0.2328921,0.005211166557904212,1
2012-09-11,13323.360352,-0.185988,-0.30241027,0.005211166557904212,13244.7541016,13156.1731446,0.02204826905610524,0.0086459023114579,56.30410181167026,0.04804800000000001,0.21086123,-0.234036,-0.5132715,-0.018596,-0.13420015000000002,0.0007497550720003687,1
2012-09-12,13333.349609,-0.365708,-0.3286483,0.0007497550720003687,13301.927929599999,13179.209082100002,0.021909911318066966,0.008659877056590043,58.64141213840984,-0.17972,-0.026238030000000023,-0.185988,-0.30241027,0.04804800000000001,0.21086123,0.015488286818835295,1
2012-09-13,13539.860352,-0.231276,-0.32861462,0.015488286818835295,13351.5,13222.447070400001,0.018647333132711275,0.007331111453999872,73.63784442245705,0.13443199999999997,3.367999999998039e-05,-0.365708,-0.3286483,-0.17972,-0.026238030000000023,0.003952017495667537,1
2012-09-14,13593.370117,-0.228324,-0.49136737,0.003952017495667537,13408.8460938,13281.713086,0.021547924689092834,0.007185635879870471,72.36496243483809,0.00295200000000001,-0.16275275,-0.231276,-0.32861462,0.13443199999999997,3.367999999998039e-05,-0.0029625109633141244,0
2012-09-17,13553.099609,-0.381888,-0.5335547,-0.0029625109633141244,13468.6080078,13327.9390625,0.02254436632371637,0.0069155828683849455,71.8504270015575,-0.153564,-0.04218733000000002,-0.228324,-0.49136737,0.00295200000000001,-0.16275275,0.0008514686184655229,1
2012-09-18,13564.639648,-0.103744,-0.4762125,0.0008514686184655229,13516.863867000002,13380.8089843,0.018109492622391032,0.007074583063935117,73.79073290425191,0.278144,0.057342200000000065,-0.381888,-0.5335547,-0.153564,-0.04218733000000002,0.0009819879735590842,1
2012-09-19,13577.959961,-0.178456,-0.55205077,0.0009819879735590842,13565.7859374,13433.856933500001,0.018345754005796744,0.0070517881840036906,74.02711267098898,-0.074712,-0.07583827000000004,-0.103744,-0.4762125,0.278144,0.057342200000000065,0.0013970969905998665,1
2012-09-20,13596.929688,-0.341648,-0.35643554,0.0013970969905998665,13577.199804599999,13464.3499023,0.004214913190856651,0.0024735759139661033,83.4481821867341,-0.163192,0.19561523000000003,-0.178456,-0.55205077,-0.074712,-0.07583827000000004,-0.0012841105602987568,0
2012-09-21,13579.469727,-0.348496,-0.2985742,-0.0012841105602987568,13574.419726600001,13491.632910199998,-0.001022586001878767,0.0018614585354155794,79.84586663087364,-0.006847999999999965,0.05786133999999998,-0.341648,-0.35643554,-0.163192,0.19561523000000003,-0.0015132995185476172,0
2012-09-24,13558.919922,-0.3246,-0.34483513,-0.0015132995185476172,13575.583789200002,13522.0958985,0.0004294451577802061,0.0013731962618771906,83.34310841143824,0.023895999999999973,-0.04626092999999998,-0.348496,-0.2985742,-0.006847999999999965,0.05786133999999998,-0.007476267843098627,0
2012-09-25,13457.549805,-0.154444,-0.56144655,-0.007476267843098627,13554.1658206,13535.5148438,-0.007894779793563456,0.003545590818650718,73.45748324020832,0.170156,-0.21661142,-0.3246,-0.34483513,0.023895999999999973,-0.04626092999999998,-0.0032725154012537283,0
2012-09-26,13413.509766,-0.227036,-0.473562,-0.0032725154012537283,13521.2757816,13543.5308595,-0.012111553979563316,0.00327775551782393,59.01956636388945,-0.07259199999999999,0.08788455,-0.154444,-0.56144655,0.170156,-0.21661142,0.005402013512054049,1
2012-09-27,13485.969727,-0.177424,-0.7121094,0.005402013512054049,13499.0837894,13538.141797,-0.008160662998642154,0.00464917117081836,62.25920075649147,0.04961199999999999,-0.23854740000000002,-0.227036,-0.473562,-0.07259199999999999,0.08788455,-0.003621530004046969,0
2012-09-28,13437.129883,-0.04064,-0.93545896,-0.003621530004046969,13470.6158206,13522.5177736,-0.010481988388470476,0.004722776151603869,62.559400022963565,0.136784,-0.22334955999999995,-0.177424,-0.7121094,0.04961199999999999,-0.23854740000000002,0.005803357538328058,1
2012-10-01,13515.110352,-0.321432,-0.34501952,0.005803357538328058,13461.8539066,13518.7188479,-0.0032310516067667328,0.005928253418211426,63.012164424117316,-0.280792,0.5904394399999999,-0.04064,-0.93545896,0.136784,-0.22334955999999995,-0.002423213658418577,0
2012-10-02,13482.360352,-0.201492,-0.20286621,-0.002423213658418577,13466.816016,13510.490918299998,0.0018436154693464157,0.004791777237707831,59.80887144930277,0.11993999999999999,0.14215331000000003,-0.321432,-0.34501952,-0.280792,0.5904394399999999,0.0009085946140123813,1
2012-10-03,13494.610352,-0.307912,-0.34295714,0.0009085946140123813,13483.0361332,13502.155957400002,0.00604618682319602,0.004338968936784559,45.997775014097215,-0.10642000000000001,-0.14009093,-0.201492,-0.20286621,0.11993999999999999,0.14215331000000003,0.005983870441137462,1
2012-10-04,13575.360352,-0.1708159999999999,-0.5890918,0.005983870441137462,13500.9142582,13499.9990238,0.006628416555098271,0.004484731936299476,48.48031885901662,0.1370960000000001,-0.24613466000000006,-0.307912,-0.34295714,-0.10642000000000001,-0.14009093,0.0025627341078187094,1
2012-10-05,13610.150391,-0.210524,-0.5234378,0.0025627341078187094,13535.5183598,13503.067090199998,0.012876299440916839,0.0035285114667045663,54.858939435319364,-0.03970800000000008,0.0656540000000001,-0.1708159999999999,-0.5890918,0.1370960000000001,-0.24613466000000006,-0.0019470762069994096,0
2012-10-08,13583.650391,-0.090208,-0.4563379,-0.0019470762069994096,13549.2263676,13505.540137099999,0.005071363623002645,0.003452957624040038,51.57888596217183,0.12031599999999999,0.06709989999999993,-0.210524,-0.5234378,-0.03970800000000008,0.0656540000000001,-0.008106813325596152,0
2012-10-09,13473.530273,-0.2491799999999999,-0.51813716,-0.008106813325596152,13547.460351799999,13507.138183899999,-0.0006549356914858917,0.005306592545044992,42.528248927121155,-0.1589719999999999,-0.06179925999999997,-0.090208,-0.4563379,0.12031599999999999,0.06709989999999993,-0.009541712037982153,0
2012-10-10,13344.969727,-0.347368,-0.57347655,-0.009541712037982153,13517.532226799998,13500.284179999999,-0.011088917804716214,0.006680457342028429,34.41653590897579,-0.09818800000000011,-0.05533938999999999,-0.2491799999999999,-0.51813716,-0.1589719999999999,-0.06179925999999997,-0.0013922908316837956,0
2012-10-11,13326.389648,-0.430368,-0.3759973,-0.0013922908316837956,13467.738086000001,13484.326172099998,-0.018339896514299125,0.005029030346399389,34.36891561480945,-0.08299999999999996,0.19747925,-0.347368,-0.57347655,-0.09818800000000011,-0.05533938999999999,0.00018459320678565483,1
2012-10-12,13328.849609,-0.152064,-0.8122168,0.00018459320678565483,13411.4779296,13473.4981447,-0.020668455080850134,0.004358121544782668,35.46528700387695,0.278304,-0.4362195,-0.430368,-0.3759973,-0.08299999999999996,0.19747925,0.0071559709050657005,1
2012-10-15,13424.230469,-0.224512,-0.49399358,0.0071559709050657005,13379.593945200002,13464.410156400001,-0.01173616203385397,0.0067558489317572955,47.87899735676042,-0.07244799999999998,0.31822322,-0.152064,-0.8122168,0.278304,-0.4362195,0.009501461129898248,1
2012-10-16,13551.780273,-0.281732,-0.36433837,0.009501461129898248,13395.2439452,13471.3521485,0.005807683540579367,0.0075419088193088065,57.95598464387709,-0.05721999999999999,0.12965520999999997,-0.224512,-0.49399358,-0.07244799999999998,0.31822322,0.000385169099177185,1
2012-10-17,13557.0,-0.257304,-0.36583453,0.000385169099177185,13437.649999800002,13477.5911133,0.015888404195553374,0.004833677508239978,54.42980459764854,0.024428000000000005,-0.0014961599999999686,-0.281732,-0.36433837,-0.05721999999999999,0.12965520999999997,-0.0005944950947849303,0
2012-10-18,13548.94043,-0.249624,-0.4724121,-0.0005944950947849303,13482.1601562,13474.949121100002,0.016700005618806246,0.004655432328454533,57.34676224751685,0.007679999999999965,-0.10657757000000001,-0.257304,-0.36583453,0.024428000000000005,-0.0014961599999999686,-0.015162120245590383,0
2012-10-19,13343.509766,-0.1274279999999999,-0.7017578,-0.015162120245590383,13485.092187600001,13448.285058599999,0.001099881642456113,0.009637772062297345,40.34217009445213,0.12219600000000011,-0.22934569999999999,-0.249624,-0.4724121,0.007679999999999965,-0.10657757000000001,0.000178355023658483,1
2012-10-22,13345.889648,-0.297804,-0.62109375,0.000178355023658483,13469.424023399999,13424.508984299999,-0.0058357774161363896,0.008863158487539288,42.04745141858182,-0.1703760000000001,0.08066404999999999,-0.1274279999999999,-0.7017578,0.12219600000000011,-0.22934569999999999,-0.0182347810013902,0
2012-10-23,13102.530273,-0.229704,-0.70274144,-0.0182347810013902,13379.5740234,13387.4089843,-0.03315062603952246,0.009212032762378529,32.000484143174845,0.06810000000000002,-0.08164769000000005,-0.297804,-0.62109375,-0.1703760000000001,0.08066404999999999,-0.0019225621673937265,0
2012-10-24,13077.339844,-0.3370519999999999,-0.6228028,-0.0019225621673937265,13283.6419922,13360.645996000001,-0.03538099550047946,0.008818615784740651,25.908009049090055,-0.10734799999999992,0.07993864000000006,-0.229704,-0.70274144,0.06810000000000002,-0.08164769000000005,0.0020141591725999497,1
2012-10-25,13103.679688,-0.361104,-0.38098863,0.0020141591725999497,13194.5898438,13338.375,-0.03286314116593991,0.009363533902659484,25.29726578058272,-0.024052000000000073,0.24181417,-0.3370519999999999,-0.6228028,-0.10734799999999992,0.07993864000000006,0.00026941081315001725,1
2012-10-26,13107.209961,-0.228476,-0.49540234,0.00026941081315001725,13147.3298828,13316.211035199998,-0.017708969314962686,0.00833275387495648,26.2293500123492,0.13262799999999997,-0.11441371,-0.361104,-0.38098863,-0.024052000000000073,0.24181417,-0.0008201592888178455,0
2012-10-31,13096.459961,-0.241356,-0.40960938,-0.0008201592888178455,13097.4439454,13283.4339844,-0.018689626063061238,0.008232753819676301,29.116411985022324,-0.012879999999999975,0.08579295999999997,-0.228476,-0.49540234,0.13262799999999997,-0.11441371,0.010396714562979081,1
2012-11-01,13232.620117,-0.3381119999999999,-0.37648553,0.010396714562979081,13123.461914200001,13251.5179688,0.009928604726681778,0.004920339611395158,43.8295931966892,-0.09675599999999993,0.03312385000000001,-0.241356,-0.40960938,-0.012879999999999975,0.08579295999999997,-0.010539104105379393,0
2012-11-02,13093.160156,-0.264528,-0.6742578,-0.010539104105379393,13126.6259766,13205.1339844,0.001209750009460775,0.007476921998519798,38.69212827075655,0.07358399999999993,-0.29777227,-0.3381119999999999,-0.37648553,-0.09675599999999993,0.03312385000000001,0.0014725454947686067,1
2012-11-05,13112.44043,-0.20344,-0.16181652,0.0014725454947686067,13128.378125,13161.4839844,0.0006685711348717316,0.007449102756785357,39.67602925830039,0.061087999999999976,0.51244128,-0.264528,-0.6742578,0.07358399999999993,-0.29777227,0.010161286048260054,1
2012-11-06,13245.679688,-0.126484,-0.50774485,0.010161286048260054,13156.072070400001,13151.700976600001,0.010564393750615908,0.0086960036762984,41.779045548130846,0.076956,-0.34592833,-0.20344,-0.16181652,0.061087999999999976,0.51244128,-0.0236265126721672,0
2012-11-07,12932.730469,-0.053016,-0.6665448,-0.0236265126721672,13123.326172000001,13110.3850587,-0.012501812893527808,0.014606031514790844,25.653814051533942,0.073468,-0.15879995000000002,-0.126484,-0.50774485,0.076956,-0.34592833,-0.009387820869770858,0
2012-11-08,12811.320312,-0.2101559999999999,-0.28383788,-0.009387820869770858,13039.066211000001,13081.264062600001,-0.03183797322638737,0.012836119650162542,23.129416373865,-0.1571399999999999,0.38270692000000006,-0.053016,-0.6665448,0.073468,-0.15879995000000002,0.00031763595795730737,1
2012-11-09,12815.389648,-0.269528,-0.7519336,0.00031763595795730737,12983.5121094,13055.069043,-0.021214932429640343,0.012875708073244844,23.49024598357009,-0.05937200000000009,-0.46809572,-0.2101559999999999,-0.28383788,-0.1571399999999999,0.38270692000000006,-2.4156112962803178e-05,0
2012-11-12,12815.080078,-0.284676,-0.51910156,-2.4156112962803178e-05,12924.040039000001,13026.209082,-0.022677727581485785,0.01272703494049216,27.579037188546124,-0.015147999999999995,0.23283204000000002,-0.269528,-0.7519336,-0.05937200000000009,-0.46809572,-0.004596178068455248,0
2012-11-13,12756.179688,-0.234404,-0.5510492,-0.004596178068455248,12826.140039,12991.1060547,-0.036955445966541434,0.009862269499607666,26.12410221156462,0.05027199999999998,-0.031947640000000055,-0.284676,-0.51910156,-0.015147999999999995,0.23283204000000002,-0.014520765427461835,0
2012-11-14,12570.950195,-0.3051999999999999,-0.56632876,-0.014520765427461835,12753.7839842,12938.5550781,-0.02797400555645957,0.006344974849779023,27.41452308748822,-0.07079599999999991,-0.01527955999999997,-0.234404,-0.5510492,0.05027199999999998,-0.031947640000000055,-0.0022727249377985093,0
2012-11-15,12542.379883,-0.337744,-0.27322266,-0.0022727249377985093,12699.9958984,12869.5310547,-0.020992405345457765,0.006087577547855664,27.33601264986804,-0.03254400000000007,0.2931061,-0.3051999999999999,-0.56632876,-0.07079599999999991,-0.01527955999999997,0.0036619594868316785,1
2012-11-16,12588.30957,-0.253916,-0.32503906,0.0036619594868316785,12654.5798828,12819.0459961,-0.017719326859128248,0.006847034910448653,28.522452255789446,0.08382800000000001,-0.051816399999999985,-0.337744,-0.27322266,-0.03254400000000007,0.2931061,0.016495494478056427,1
2012-11-19,12795.959961,-0.4704959999999999,-0.40394333,0.016495494478056427,12650.7558594,12787.3979492,-0.0014920013674221133,0.011427492889284274,38.91487352544884,-0.21657999999999994,-0.07890427,-0.253916,-0.32503906,0.08382800000000001,-0.051816399999999985,-0.0005822302525725354,0
2012-11-20,12788.509766,-0.260124,-0.49878907,-0.0005822302525725354,12657.221875,12741.680957,0.0025344639845745753,0.011183923468367954,39.00655617873385,0.2103719999999999,-0.09484574000000001,-0.4704959999999999,-0.40394333,-0.21657999999999994,-0.07890427,0.0037830742506548276,1
2012-11-21,12836.889648,-0.311152,-0.34102723,0.0037830742506548276,12710.4097656,12732.096874899999,0.021155079677730004,0.007355387972342026,34.92832148153444,-0.05102799999999996,0.15776184,-0.260124,-0.49878907,0.2103719999999999,-0.09484574000000001,0.013448789366737213,1
2012-11-23,13009.530273,-0.31622,-0.48780274,0.013448789366737213,12803.8398436,12751.917871000001,0.03724575354579862,0.007247060233351423,46.89341244710106,-0.005068000000000017,-0.14677551,-0.311152,-0.34102723,-0.05102799999999996,0.15776184,-0.003240713162987796,0
2012-11-26,12967.370117,-0.325372,-0.41573974,-0.003240713162987796,12879.651952999999,12767.1159179,0.030112108769819512,0.008649701363267735,44.70116467199546,-0.009151999999999993,0.07206299999999999,-0.31622,-0.48780274,-0.005068000000000017,-0.14677551,-0.006881906909019908,0
2012-11-27,12878.129883,-0.240608,-0.44106063,-0.006881906909019908,12896.0859374,12773.4208984,0.006421551978158746,0.00782405045817258,36.12904079097242,0.084764,-0.025320889999999985,-0.325372,-0.41573974,-0.009151999999999993,0.07206299999999999,0.00830714319330017,1
2012-11-28,12985.110352,-0.244276,-0.6703715,0.00830714319330017,12935.4060546,12796.3139648,0.015373220930142262,0.008284323791726694,52.3406428077462,-0.0036680000000000046,-0.22931087,-0.240608,-0.44106063,0.084764,-0.025320889999999985,0.0028270810955677295,1
2012-11-29,13021.820312,-0.232612,-0.6231562,0.0028270810955677295,12972.3921874,12841.4009765,0.014406189433030736,0.008275161916489205,60.176744673549805,0.01166399999999998,0.04721529999999996,-0.244276,-0.6703715,-0.0036680000000000046,-0.22931087,0.0002887281432180089,1
2012-11-30,13025.580078,-0.217572,-0.45279786,0.0002887281432180089,12975.6021484,12889.720996,0.0012336959646659373,0.00580105747160488,60.164820935818696,0.015040000000000026,0.17035834000000005,-0.232612,-0.6231562,0.01166399999999998,0.04721529999999996,-0.004604821331627762,0
2012-12-03,12965.599609,-0.245952,-0.41105956,-0.004604821331627762,12975.248046800001,12927.4499999,-0.00013653562627002902,0.006034247845122967,56.881949730722894,-0.028380000000000016,0.041738300000000006,-0.217572,-0.45279786,0.015040000000000026,0.17035834000000005,-0.0010658462714218109,0
2012-12-04,12951.780273,-0.281836,-0.6184798,-0.0010658462714218109,12989.9781248,12943.0320311,0.005719028358086797,0.004816820297542034,59.327630095909015,-0.03588399999999997,-0.20742024000000003,-0.245952,-0.41105956,-0.028380000000000016,0.041738300000000006,0.006385991675014857,1
2012-12-05,13034.490234,-0.3444919999999999,-0.14964844,0.006385991675014857,12999.854101200002,12967.6300779,0.003802808036390326,0.0041310268825239,74.50048266961609,-0.06265599999999993,0.46883136000000003,-0.281836,-0.6184798,-0.03588399999999997,-0.20742024000000003,0.0030342425587794875,1
2012-12-06,13074.040039,-0.331356,-0.4260742,0.0030342425587794875,13010.2980466,12991.345117,0.004010171062787338,0.004157815663115639,77.77857151736427,0.013135999999999926,-0.27642576,-0.3444919999999999,-0.14964844,-0.06265599999999993,0.46883136000000003,0.00620235548905379,1
2012-12-07,13155.129883,-0.246724,-0.4987895,0.00620235548905379,13036.208007600002,13005.905078,0.009945799282966794,0.004769407410420197,78.56608517847513,0.08463199999999999,-0.07271529999999998,-0.331356,-0.4260742,0.013135999999999926,-0.27642576,0.00112123560399513,1
2012-12-10,13169.879883,-0.3805639999999999,-0.40488282,0.00112123560399513,13077.064062399999,13026.1560546,0.015755559338590075,0.0032283944652488246,73.39278256082994,-0.1338399999999999,0.09390668000000002,-0.246724,-0.4987895,0.08463199999999999,-0.07271529999999998,0.0059651680727481615,1
2012-12-11,13248.44043,-0.286828,-0.81640625,0.0059651680727481615,13136.3960938,13063.1871093,0.022904971420680598,0.00235358526310056,76.42274235109616,0.09373599999999987,-0.41152343,-0.3805639999999999,-0.40488282,-0.1338399999999999,0.09390668000000002,-0.00022570467941496197,0
2012-12-12,13245.450195,-0.103,-0.6661952,-0.00022570467941496197,13178.588086,13089.221093600001,0.016184749630616002,0.002861057020761339,74.76300398629385,0.18382800000000005,0.15021105,-0.286828,-0.81640625,0.09373599999999987,-0.41152343,-0.005641972669846229,0
2012-12-13,13170.719727,-0.252264,-0.35735407,-0.005641972669846229,13197.924023599999,13104.111035099999,0.007394782921851473,0.00490351710949559,61.08545568020622,-0.149264,0.30884112999999996,-0.103,-0.6661952,0.18382800000000005,0.15021105,-0.0027113143199604117,0
2012-12-14,13135.009766,-0.23284,-0.6824707,-0.0027113143199604117,13193.9000002,13115.054003899999,-0.0015294502736914461,0.004348242725055047,61.632254819688384,0.019423999999999997,-0.32511662999999996,-0.252264,-0.35735407,-0.149264,0.30884112999999996,0.007642162723002555,1
2012-12-17,13235.389648,-0.285116,-0.7230371,0.007642162723002555,13207.0019532,13142.0330078,0.004974211274664908,0.005660456383939845,74.4123040072025,-0.05227599999999999,-0.0405664,-0.23284,-0.6824707,0.019423999999999997,-0.32511662999999996,0.008731916178792876,1
2012-12-18,13350.959961,-0.178392,-0.6702295,0.008731916178792876,13227.5058594,13181.950976600001,0.0077382339107516795,0.006358662551922018,74.70919876007105,0.10672399999999999,0.052807599999999955,-0.285116,-0.7230371,-0.05227599999999999,-0.0405664,-0.007414465648100554,0
2012-12-19,13251.969727,-0.360768,-0.50979006,-0.007414465648100554,13228.8097658,13203.6989259,0.0004922091664698591,0.007561958521547942,64.33790475657572,-0.18237599999999998,0.16043944,-0.178392,-0.6702295,0.10672399999999999,0.052807599999999955,0.004508763695578288,1
2012-12-20,13311.719727,-0.413804,-0.80379885,0.004508763695578288,13257.009765799998,13227.4668947,0.010705565293516184,0.006967076291515398,66.66351984670786,-0.05303600000000003,-0.2940087899999999,-0.360768,-0.50979006,-0.18237599999999998,0.16043944,-0.00908071124385379,0
2012-12-21,13190.839844,-0.167144,-0.5721011,-0.00908071124385379,13268.175781400001,13231.037890800002,0.004250478606001362,0.008493545443062968,62.248233790379636,0.24666000000000002,0.23169774999999992,-0.413804,-0.80379885,-0.05303600000000003,-0.2940087899999999,-0.003935318494797113,0
2012-12-24,13138.929688,-0.3427559999999999,-0.23378593,-0.003935318494797113,13248.883789399999,13227.9428713,-0.007288033262743854,0.007732350386399906,59.77208784086671,-0.1756119999999999,0.33831517,-0.167144,-0.5721011,0.24666000000000002,0.23169774999999992,-0.001852498230676236,0
2012-12-26,13114.589844,-0.253252,-0.18144707,-0.001852498230676236,13201.609766,13214.557812699999,-0.01770435367123191,0.005326734437976248,54.45393158362114,0.08950399999999992,0.052338860000000015,-0.3427559999999999,-0.23378593,-0.1756119999999999,0.33831517,-0.001393888350108341,0
2012-12-27,13096.30957,-0.213844,-0.5146838,-0.001393888350108341,13170.477734600001,13199.6437502,-0.011746190204679818,0.004899489841786729,51.26829527266119,0.03940799999999997,-0.33323673000000004,-0.253252,-0.18144707,0.08950399999999992,0.052338860000000015,-0.012079679176368097,0
2012-12-28,12938.110352,-0.246672,-0.85561526,-0.012079679176368097,13095.755859599998,13176.382812699998,-0.028066199008247805,0.00470596686033574,38.63820885221359,-0.032827999999999996,-0.34093145999999996,-0.213844,-0.5146838,0.03940799999999997,-0.33323673000000004,0.012832576897470638,1
2012-12-31,13104.139648,-0.306432,-0.5051171,0.012832576897470638,13078.4158204,13173.2958009,-0.006572757839936605,0.00898873144715101,47.02887878192453,-0.05975999999999998,0.35049816,-0.246672,-0.85561526,-0.032827999999999996,-0.34093145999999996,0.023535322828085903,1
2013-01-02,13412.549805,-0.350824,-0.2932762,0.023535322828085903,13133.1398438,13191.0118166,0.020825145083918306,0.013976122660918522,56.14103687041461,-0.04439200000000004,0.2118409,-0.306432,-0.5051171,-0.05975999999999998,0.35049816,-0.001579822875446224,0
2013-01-03,13391.360352,-0.254364,-0.6346777,-0.001579822875446224,13188.493945400001,13195.0518557,0.021104015550026833,0.013947062441286743,55.386646549984626,0.09646000000000005,-0.3414015,-0.350824,-0.2932762,-0.04439200000000004,0.2118409,0.0032744700947018313,1
2013-01-04,13435.209961,-0.335036,-0.13060102,0.0032744700947018313,13256.2740236,13213.3758791,0.025877548876542145,0.013626272515623077,59.99216381425001,-0.08067200000000002,0.50407668,-0.254364,-0.6346777,0.09646000000000005,-0.3414015,-0.0037900354477385934,0
2013-01-07,13384.290039,-0.187708,-0.6539286,-0.0037900354477385934,13345.509961,13220.632910299999,0.03448569187161321,0.011305394785259772,59.31054756648475,0.147328,-0.5233275799999999,-0.335036,-0.13060102,-0.08067200000000002,0.50407668,-0.004142201778237986,0
2013-01-08,13328.849609,-0.2212,-0.62479454,-0.004142201778237986,13390.451953200001,13234.4338868,0.017148013302368703,0.011606133157257836,53.61195463152136,-0.033491999999999994,0.02913405999999996,-0.187708,-0.6539286,0.147328,-0.5233275799999999,0.00462606742583116,1
2013-01-09,13390.509766,-0.315556,-0.48173827,0.00462606742583116,13386.0439454,13259.591894599998,-0.0016432400490907773,0.004050348682775209,51.594944896793656,-0.094356,0.14305626999999999,-0.2212,-0.62479454,-0.033491999999999994,0.02913405999999996,0.006027400181950693,1
2013-01-10,13471.219727,-0.262808,-0.3239321,0.006027400181950693,13402.0158204,13295.2548829,0.005963499816362905,0.004816241444549306,58.97411913975898,0.05274800000000002,0.15780617000000002,-0.315556,-0.48173827,-0.094356,0.14305626999999999,0.0012775354681140438,1
2013-01-11,13488.429688,-0.203876,-0.67546874,0.0012775354681140438,13412.659765800001,13334.4668947,0.003961212899127542,0.004682048917308309,57.49388109906141,0.058931999999999984,-0.35153664,-0.262808,-0.3239321,0.05274800000000002,0.15780617000000002,0.0014005057991892667,1
2013-01-14,13507.320312,-0.19866,-0.6594732,0.0014005057991892667,13437.2658204,13391.3878907,0.00919214038559435,0.003924051756003681,64.69215366303953,0.005215999999999998,0.01599554000000003,-0.203876,-0.67546874,0.058931999999999984,-0.35153664,0.0020410662783725275,1
2013-01-15,13534.889648,-0.253948,-0.4541401,0.0020410662783725275,13478.4738282,13434.4628907,0.01545820119846475,0.002134613801753493,68.80690706045652,-0.055288000000000004,0.2053331,-0.19866,-0.6594732,0.005215999999999998,0.01599554000000003,-0.001748014177824997,0
2013-01-16,13511.230469,-0.190784,-0.7885742,-0.001748014177824997,13502.617968800001,13444.330957099999,0.00901539262579254,0.002781635948711842,68.85142575902034,0.063164,-0.3344341,-0.253948,-0.4541401,-0.055288000000000004,0.2053331,0.006275450795879767,1
2013-01-17,13596.019531,-0.23592,-0.8250495,0.006275450795879767,13527.5779296,13464.796875,0.009264179972498399,0.0028764815913539547,72.33787135630011,-0.04513599999999998,-0.03647529999999999,-0.190784,-0.7885742,0.063164,-0.3344341,0.003948263230837856,1
2013-01-18,13649.700195,-0.1563879999999999,-0.45430663,0.003948263230837856,13559.832031000002,13486.2458984,0.011956210673172318,0.0029895113651666346,85.08798626995976,0.0795320000000001,0.37074287,-0.23592,-0.8250495,-0.04513599999999998,-0.03647529999999999,0.004579570621111362,1
2013-01-22,13712.209961,-0.170232,-0.43182617,0.004579570621111362,13600.8099608,13519.0378906,0.0151687858337064,0.003065296102326841,83.39253923906347,-0.013844000000000106,0.02248045999999998,-0.1563879999999999,-0.45430663,0.0795320000000001,0.37074287,0.004894916077780476,1
2013-01-23,13779.330078,-0.267864,-0.63109374,0.004894916077780476,13649.6980468,13564.0859375,0.01806002386108263,0.003103081124446675,77.40445584942887,-0.097632,-0.19926756999999995,-0.170232,-0.43182617,-0.013844000000000106,0.02248045999999998,0.003338333557553863,1
2013-01-24,13825.330078,-0.310636,-0.48528984,0.003338333557553863,13712.5179686,13607.5679687,0.023247298587694587,0.0011080189866810248,81.26543449475747,-0.04277200000000003,0.1458039,-0.267864,-0.63109374,-0.097632,-0.19926756999999995,0.005110213687586684,1
2013-01-25,13895.980469,-0.2067999999999999,-0.5748828,0.005110213687586684,13772.5101562,13650.044042900001,0.02206240858334052,0.0007262024294656623,81.96201376738102,0.10383600000000012,-0.08959296000000005,-0.310636,-0.48528984,-0.04277200000000003,0.1458039,-0.001011139950242823,0
2013-01-28,13881.929688,-0.19108,-0.13683772,-0.001011139950242823,13818.9560548,13689.394042900001,0.017013523350869475,0.0025500685120257334,86.38033576459345,0.0157199999999999,0.43804508000000003,-0.2067999999999999,-0.5748828,0.10383600000000012,-0.08959296000000005,0.005221913352771335,1
2013-01-29,13954.419922,-0.1523,-0.4570549,0.005221913352771335,13867.398047,13734.104003900002,0.017663816532046184,0.0026400518907313477,94.62047283617429,0.03878000000000001,-0.32021718,-0.19108,-0.13683772,0.0157199999999999,0.43804508000000003,-0.003153122827458499,0
2013-01-30,13910.419922,-0.190828,-0.40133557,-0.003153122827458499,13893.616015799998,13771.657031300001,0.009513513593037093,0.003788738645735935,88.04238787815332,-0.03852800000000001,0.05571933000000001,-0.1523,-0.4570549,0.03878000000000001,-0.32021718,-0.0035829144108852073,0
2013-01-31,13860.580078,-0.181232,-0.42232645,-0.0035829144108852073,13900.666015800001,13806.5919922,0.002549667877810302,0.004354541683379868,79.83787323874708,0.009595999999999993,-0.020990880000000045,-0.190828,-0.40133557,-0.03852800000000001,0.05571933000000001,0.010765058905206182,1
2013-02-01,14009.790039,-0.177672,-0.516882,0.010765058905206182,13923.427929799998,13847.969043,0.008190107222292964,0.0061922913969518255,83.23052662016124,0.0035600000000000076,-0.09455554999999993,-0.181232,-0.42232645,0.009595999999999993,-0.020990880000000045,-0.00925852283573958,0
2013-02-04,13880.080078,-0.1390279999999999,-0.7111035,-0.00925852283573958,13923.0580078,13871.0070313,-0.00013323868090164837,0.007931811979650519,70.81807139210349,0.038644000000000095,-0.19422150000000005,-0.177672,-0.516882,0.0035600000000000076,-0.09455554999999993,0.007148354075944052,1
2013-02-05,13979.299805,-0.255456,-0.55381876,0.007148354075944052,13928.033984400001,13897.7160157,0.0017829392507227038,0.008287773589338139,72.98047949995369,-0.11642800000000011,0.15728474000000003,-0.1390279999999999,-0.7111035,0.038644000000000095,-0.19422150000000005,0.0005164583420278479,1
2013-02-06,13986.519531,-0.2924199999999999,-0.51226044,0.0005164583420278479,13943.2539062,13918.434961,0.0054706909947157545,0.008055488658932007,75.00231170181613,-0.036963999999999886,0.041558319999999926,-0.255456,-0.55381876,-0.11642800000000011,0.15728474000000003,-0.003036475651134518,0
2013-02-07,13944.049805,-0.016752,-0.6003589,-0.003036475651134518,13959.9478516,13930.3069337,0.006022094784653875,0.007979117823779221,69.16105629273332,0.2756679999999999,-0.08809845999999999,-0.2924199999999999,-0.51226044,-0.036963999999999886,0.041558319999999926,0.0035083008655389936,1
2013-02-08,13992.969727,-0.402988,-0.6678906,0.0035083008655389936,13956.583789200002,13940.005859500001,-0.0012006112834793692,0.0062921096298301825,68.9985428943973,-0.386236,-0.06753169999999997,-0.016752,-0.6003589,0.2756679999999999,-0.08809845999999999,-0.0015528864439741108,0
2013-02-11,13971.240234,-0.103452,-0.46819335,-0.0015528864439741108,13974.815820400001,13948.9369141,0.00656769669106505,0.0040815546953005995,65.01398676910912,0.299536,0.19969725,-0.402988,-0.6678906,-0.386236,-0.06753169999999997,0.003396975515781442,1
2013-02-12,14018.700195,-0.25474,-0.44059572,0.003396975515781442,13982.6958984,13955.3649414,0.002818480936069845,0.0029215372915552345,64.19802570205476,-0.15128800000000003,0.027597629999999984,-0.103452,-0.46819335,0.299536,0.19969725,-0.002553021214674711,0
2013-02-13,13982.910156,-0.160764,-0.5113672,-0.002553021214674711,13981.9740234,13962.6139648,-0.0002580609845073134,0.003239827606881878,59.46131672264299,0.09397600000000003,-0.07077148,-0.25474,-0.44059572,-0.15128800000000003,0.027597629999999984,-0.000680867422717002,0
2013-02-14,13973.389648,-0.379672,-0.6808203,-0.000680867422717002,13987.841992000001,13973.8949218,0.0021041120341867003,0.002843543658191458,55.01595264163722,-0.21890800000000002,-0.16945310000000002,-0.160764,-0.5113672,0.09397600000000003,-0.07077148,0.0005990041221815012,1
2013-02-15,13981.759766,-0.2453759999999999,-0.6032823,0.0005990041221815012,13985.599999799999,13971.091894499998,-0.0008011137891887898,0.002300333192405655,56.516755640798266,0.1342960000000001,0.077538,-0.379672,-0.6808203,-0.21890800000000002,-0.16945310000000002,0.0038557489831212433,1
2013-02-19,14035.669922,-0.0775319999999999,-0.6760301,0.0038557489831212433,13998.485937399999,13986.650878899998,0.004611594026076915,0.0027148507031215462,55.4357341930503,0.167844,-0.07274779999999992,-0.2453759999999999,-0.6032823,0.1342960000000001,0.077538,-0.0077039345895782985,0
2013-02-20,13927.540039,-0.261028,-0.5733765,-0.0077039345895782985,13980.2539062,13981.4749023,-0.006502753802561045,0.004276437549209257,51.05484519836611,-0.18349600000000008,0.10265360000000001,-0.0775319999999999,-0.6760301,0.167844,-0.07274779999999992,-0.003368859243528588,0
2013-02-21,13880.620117,-0.3137879999999999,-0.421073,-0.003368859243528588,13959.7958984,13970.884960899999,-0.007315361241601592,0.004351269795468289,51.23921326470391,-0.05275999999999992,0.15230349999999998,-0.261028,-0.5733765,-0.18349600000000008,0.10265360000000001,0.008641558805654093,1
2013-02-22,14000.570312,-0.277764,-0.46855468,0.008641558805654093,13965.2320312,13976.537011600001,0.0019451732675248579,0.006320265825733729,49.40847566829977,0.03602399999999989,-0.047481680000000026,-0.3137879999999999,-0.421073,-0.05275999999999992,0.15230349999999998,-0.015456541067796481,0
2013-02-25,13784.169922,-0.164204,-0.44859374,-0.015456541067796481,13925.714062399999,13955.6570311,-0.014131972463186426,0.009483779104094231,44.462524571576104,0.11356000000000002,0.019960939999999983,-0.277764,-0.46855468,0.03602399999999989,-0.047481680000000026,0.00841254581568407,1
2013-02-26,13900.129883,-0.248108,-0.41810936,0.00841254581568407,13898.606054599999,13948.545996,-0.009656827194799544,0.01045341990051703,45.515722344944685,-0.083904,0.030484380000000033,-0.164204,-0.44859374,0.11356000000000002,0.019960939999999983,0.012607093277187342,1
2013-02-27,14075.370117,-0.371552,-0.5210547,0.012607093277187342,13928.172070199998,13954.212988199997,0.010614227464867954,0.011523424394524669,54.22787779650935,-0.123444,-0.10294534,-0.248108,-0.41810936,-0.083904,0.030484380000000033,-0.0014834340288346626,0
2013-02-28,14054.490234,-0.253364,-0.64442384,-0.0014834340288346626,13962.946093600001,13961.370996000001,0.012526105860865444,0.011326137944767072,55.36545393611727,0.11818800000000002,-0.12336913999999999,-0.371552,-0.5210547,-0.123444,-0.10294534,0.0025023975551186073,1
2013-03-01,14089.660156,-0.22408,-0.47043702,0.0025023975551186073,13980.7640624,13972.9980468,0.006363301066645954,0.01082141687776799,54.76105520212946,0.029283999999999977,0.17398682,-0.253364,-0.64442384,0.11818800000000002,-0.12336913999999999,0.0027083801580374267,1
2013-03-04,14127.820312,-0.0023399999999999,-0.718833,0.0027083801580374267,14049.494140399998,13987.604101399998,0.02493080047217955,0.005545831538371396,57.58726360563828,0.2217400000000001,-0.24839598000000007,-0.22408,-0.47043702,0.029283999999999977,0.17398682,0.008914978830316889,1
2013-03-05,14253.769531,-0.411676,-0.29623047,0.008914978830316889,14120.22207,14009.414062299998,0.025441463567366096,0.005628208906953235,60.58536551265445,-0.4093360000000001,0.42260253000000003,-0.0023399999999999,-0.718833,0.2217400000000001,-0.24839598000000007,0.002979612018254807,1
2013-03-06,14296.240234,-0.160384,-0.48292968,0.002979612018254807,14164.3960934,14046.2840818,0.01569195802057366,0.003719672725407312,64.02512588613799,0.25129199999999996,-0.18669920999999995,-0.411676,-0.29623047,-0.4093360000000001,0.42260253000000003,0.0023257863225412123,1
2013-03-07,14329.490234,-0.139892,-0.62419677,0.0023257863225412123,14219.3960934,14091.171093500001,0.019566700422526395,0.002821682916252328,65.60803124131357,0.02049200000000001,-0.14126708999999998,-0.160384,-0.48292968,0.25129199999999996,-0.18669920999999995,0.004716153673049117,1
2013-03-08,14397.070312,-0.191752,-0.6071486,0.004716153673049117,14280.8781246,14130.8210935,0.021818138450208968,0.0027221871460323416,67.3050285856063,-0.05186000000000002,0.017048169999999918,-0.139892,-0.62419677,0.02049200000000001,-0.14126708999999998,0.0034881907160055903,1
2013-03-11,14447.290039,-0.3191839999999999,-0.5729687,0.0034881907160055903,14344.77207,14197.133105199999,0.022612810748211976,0.0026267931909121287,67.20416721274484,-0.1274319999999999,0.03417990000000004,-0.191752,-0.6071486,-0.05186000000000002,0.017048169999999918,0.0001916989963186566,1
2013-03-12,14450.05957,-0.262912,-0.49093872,0.0001916989963186566,14384.0300778,14252.126073899999,0.013771096731506338,0.0016724082311570085,73.94857408603507,0.05627199999999993,0.08202998,-0.3191839999999999,-0.5729687,-0.1274319999999999,0.03417990000000004,0.00036129283583297145,1
2013-03-13,14455.280273,-0.201936,-0.6073601,0.00036129283583297145,14415.8380856,14290.1170895,0.01112460593812381,0.0019633531210432255,77.38509423730373,0.060975999999999975,-0.11642137999999996,-0.262912,-0.49093872,0.05627199999999993,0.08202998,0.0058012970635121786,1
2013-03-14,14539.139648,0.028336,-0.8247318,0.0058012970635121786,14457.7679684,14338.582030900001,0.014630626112752898,0.002541709461799193,76.57948134630185,0.230272,-0.21737170000000006,-0.201936,-0.6073601,0.060975999999999975,-0.11642137999999996,-0.001721511492837502,0
2013-03-15,14514.110352,-0.200232,-0.41057315,-0.001721511492837502,14481.175976399998,14381.027050499999,0.00812943449351966,0.0029901245915229485,94.41330233757108,-0.228568,0.41415865,0.028336,-0.8247318,0.230272,-0.21737170000000006,-0.004275203956365825,0
2013-03-18,14452.05957,-0.312008,-0.4617353,-0.004275203956365825,14482.129882599998,14413.4509763,0.0003301332628558029,0.003709370821720097,85.9399601517541,-0.11177600000000001,-0.05116215000000002,-0.200232,-0.41057315,-0.228568,0.41415865,0.00026022187230712035,1
2013-03-19,14455.820312,-0.296156,-0.5083594,0.00026022187230712035,14483.282031,14433.6560544,0.0003986656229404417,0.003710052379295775,81.89715448133354,0.015852000000000033,-0.0466241,-0.312008,-0.4617353,-0.11177600000000001,-0.05116215000000002,0.0038676571646085733,1
2013-03-20,14511.730469,-0.29574,-0.6867676,0.0038676571646085733,14494.572070200002,14455.205077899998,0.0039051609469960002,0.004087470376611669,86.20842190767652,0.00041599999999997195,-0.17840820000000002,-0.296156,-0.5083594,0.015852000000000033,-0.0466241,-0.00621843378312259,0
2013-03-21,14421.490234,-0.255252,-0.28055665,-0.00621843378312259,14471.042187399999,14464.4050779,-0.008091910308887007,0.003932416207837395,74.16928181104144,0.040488000000000024,0.40621095,-0.29574,-0.6867676,0.00041599999999997195,-0.17840820000000002,0.006278133364230554,1
2013-03-22,14512.030273,-0.21258,-0.76651603,0.006278133364230554,14470.626171599997,14475.901074,-0.00014331426105718137,0.005276982988613671,76.00051808580346,0.04267199999999999,-0.48595938,-0.255252,-0.28055665,0.040488000000000024,0.40621095,-0.004429447278620602,0
2013-03-25,14447.75,-0.170572,-0.3461335,-0.004429447278620602,14469.764257600002,14475.947070100001,-0.0002981976360618699,0.005308452404519934,64.32263201299634,0.04200799999999999,0.42038253000000003,-0.21258,-0.76651603,0.04267199999999999,-0.48595938,0.0077451776920280935,1
2013-03-26,14559.650391,-0.229344,-0.41120178,0.0077451776920280935,14490.5302734,14486.906152200001,0.0071825795256883485,0.0063670630504444265,67.64038039395989,-0.05877199999999999,-0.06506828000000003,-0.170572,-0.3461335,0.04200799999999999,0.42038253000000003,-0.0023002087344556887,0
2013-03-27,14526.160156,-0.165716,-0.3735743,-0.0023002087344556887,14493.416210799998,14493.994140499999,0.0009943464034716243,0.006378702806993237,63.16660039825528,0.06362799999999999,0.03762747999999999,-0.229344,-0.41120178,-0.05877199999999999,-0.06506828000000003,0.0036059001441177685,1
2013-03-28,14578.540039,-0.21752,-0.61268556,0.0036059001441177685,14524.8261718,14497.934179599999,0.010889984492014504,0.00532813650888982,62.4013795838329,-0.05180399999999999,-0.23911125999999994,-0.165716,-0.3735743,0.06362799999999999,0.03762747999999999,-0.00039032920887660527,0
2013-04-01,14572.849609,-0.273008,-0.4683072,-0.00039032920887660527,14536.990039,14503.8081053,0.004190959835107089,0.00485986585966939,59.13662761804001,-0.05548799999999998,0.14437835999999998,-0.21752,-0.61268556,-0.05180399999999999,-0.23911125999999994,0.006118237640010626,1
2013-04-02,14662.009766,-0.26726,-0.40276214,0.006118237640010626,14579.8419922,14524.8031249,0.014829974632728282,0.004248058061941875,63.70049881197947,0.005747999999999975,0.06554505999999999,-0.273008,-0.4683072,-0.05548799999999998,0.14437835999999998,-0.007615610600596456,0
2013-04-03,14550.349609,-0.1894559999999999,-0.5122876,-0.007615610600596456,14577.9818358,14534.256054599999,-0.0006388053112695857,0.005334051984593473,55.40196053750893,0.0778040000000001,-0.10952545999999996,-0.26726,-0.40276214,0.005747999999999975,0.06554505999999999,0.003832261388792224,1
2013-04-04,14606.110352,-0.255232,-0.49348632,0.003832261388792224,14593.971875,14543.6940429,0.005503876808557351,0.00541086723416847,53.93088145013476,-0.06577600000000011,0.018801279999999976,-0.1894559999999999,-0.5122876,0.0778040000000001,-0.10952545999999996,-0.0027974834514655766,0
2013-04-05,14565.25,-0.1273,-0.6049574,-0.0027974834514655766,14591.3138672,14558.0700195,-0.000911616592913056,0.005430224640725527,52.946903138220634,0.12793200000000002,-0.11147108,-0.255232,-0.49348632,-0.06577600000000011,0.018801279999999976,0.0033113382193921126,1
2013-04-08,14613.480469,-0.169456,-0.47764647,0.0033113382193921126,14599.4400392,14568.2150391,0.002788120449339404,0.005641019209693527,59.45237469201836,-0.042156,0.12731093,-0.1273,-0.6049574,0.12793200000000002,-0.11147108,0.004104394714677051,1
2013-04-09,14673.459961,-0.245788,-0.70740235,0.004104394714677051,14601.7300782,14590.786035199999,0.0007809430755225666,0.005200511295003075,61.9571317061822,-0.07633200000000001,-0.22975587999999997,-0.169456,-0.47764647,-0.042156,0.12731093,0.008776408109762768,1
2013-04-10,14802.240234,-0.085676,-0.64816713,0.008776408109762768,14652.108203200001,14615.045019499998,0.017311654480397953,0.004122958573123384,64.7773966239647,0.160112,0.05923521999999992,-0.245788,-0.70740235,-0.07633200000000001,-0.22975587999999997,0.004249317198320002,1
2013-04-11,14865.139648,-0.1405759999999999,-0.6311084,0.004249317198320002,14703.9140624,14648.9429687,0.017734310487701688,0.004136937185783768,73.21283486440836,-0.05489999999999989,0.017058730000000022,-0.085676,-0.64816713,0.160112,0.05923521999999992,-5.3869658743765925e-06,0
2013-04-12,14865.05957,-0.060212,-0.69493234,-5.3869658743765925e-06,14763.875976399999,14677.594921799999,0.02058389454351972,0.0031371356328550506,70.40272434237536,0.0803639999999999,-0.06382394000000002,-0.1405759999999999,-0.6311084,-0.05489999999999989,0.017058730000000022,-0.017884850965316335,0
2013-04-15,14599.200195,-0.141824,-0.63853025,-0.017884850965316335,14761.019921599998,14680.229980400001,-0.0009771986920086295,0.010388460655445556,57.0987967562959,-0.081612,0.05640209000000007,-0.060212,-0.69493234,0.0803639999999999,-0.06382394000000002,0.01079374732144367,1
2013-04-16,14756.780273,-0.322084,-0.50938475,0.01079374732144367,14777.683984,14689.707031100002,0.005678300293281424,0.011450150386016973,58.86047773257827,-0.18025999999999998,0.1291454999999999,-0.141824,-0.63853025,-0.081612,0.05640209000000007,-0.009364537957703645,0
2013-04-17,14618.589844,-0.239556,-0.7522461,-0.009364537957703645,14740.953906,14696.531054600002,-0.012406932133027015,0.01131701145632958,53.79709257985465,0.08252799999999999,-0.24286134999999998,-0.322084,-0.50938475,-0.18025999999999998,0.1291454999999999,-0.005571686248070584,0
2013-04-18,14537.139648,-0.231368,-0.77165896,-0.005571686248070584,14675.353906,14689.633984199998,-0.02206504666400022,0.010700736641581665,48.33891025306977,0.008188,-0.019412859999999976,-0.239556,-0.7522461,0.08252799999999999,-0.24286134999999998,0.0007133534004006847,1
2013-04-19,14547.509766,-0.09134,-0.46223795,0.0007133534004006847,14611.843945199998,14687.859960799999,-0.021362161551028325,0.01077918023098475,48.98710423082055,0.14002799999999999,0.30942101,-0.231368,-0.77165896,0.008188,-0.019412859999999976,0.0013514447707021482,1
2013-04-22,14567.169922,-0.280532,-0.46329427,0.0013514447707021482,14605.4378906,14683.2289061,-0.002193974503546414,0.007692775284681647,45.9859933793499,-0.189192,-0.0010563199999999995,-0.09134,-0.46223795,0.14002799999999999,0.30942101,0.010454332572176872,1
2013-04-23,14719.459961,-0.3279959999999999,-0.68742186,0.010454332572176872,14597.9738282,14687.8289061,-0.0025290281016302485,0.007569645569951314,56.91945859918343,-0.047463999999999895,-0.22412759000000004,-0.280532,-0.46329427,-0.189192,-0.0010563199999999995,-0.002932183389496301,0
2013-04-24,14676.299805,-0.22146,-0.4844824,-0.002932183389496301,14609.5158204,14675.234863200001,0.0039477105258334255,0.006083692716988929,52.90185203808739,0.10653599999999991,0.20293946000000007,-0.3279959999999999,-0.68742186,-0.047463999999999895,-0.22412759000000004,0.0016693581028954796,1
2013-04-25,14700.799805,-0.1843959999999999,-0.2794922,0.0016693581028954796,14642.247851799999,14658.800878899998,0.011258071461294428,0.004941455225192744,55.680903832353984,0.0370640000000001,0.20499019999999996,-0.22146,-0.4844824,0.10653599999999991,0.20293946000000007,0.0007992762404671616,1
2013-04-26,14712.549805,-0.361828,-0.52404296,0.0007992762404671616,14675.255859600002,14643.549902400002,0.011344899687623977,0.00493491495278197,54.28296886382942,-0.1774320000000001,-0.24455075999999992,-0.1843959999999999,-0.2794922,0.0370640000000001,0.20499019999999996,0.007218340560105174,1
2013-04-29,14818.75,-0.372368,-0.4308008,0.007218340560105174,14725.571875200001,14665.5048829,0.01727034690657736,0.00534298647814996,56.039807184929565,-0.010539999999999994,0.09324215999999996,-0.361828,-0.52404296,-0.1774320000000001,-0.24455075999999992,0.0014204845212990591,1
2013-04-30,14839.799805,-0.140144,-0.25337523,0.0014204845212990591,14749.639844000001,14673.806836099999,0.008175561081646077,0.003632440208739227,51.71498619513034,0.23222399999999999,0.17742556999999998,-0.372368,-0.4308008,-0.010539999999999994,0.09324215999999996,-0.009356568944630772,0
2013-05-01,14700.950195,-0.164524,-0.53452146,-0.009356568944630772,14754.569922,14682.0428712,0.0016796052361645053,0.006009993232569829,42.98929025654939,-0.024380000000000013,-0.28114623,-0.140144,-0.25337523,0.23222399999999999,0.17742556999999998,0.008885812227595435,1
2013-05-02,14831.580078,-0.346816,-0.66117185,0.008885812227595435,14780.7259766,14711.4869142,0.008896133185591681,0.007162078028282575,48.713850862398424,-0.182292,-0.12665039,-0.164524,-0.53452146,-0.024380000000000013,-0.28114623,0.009599778462659803,1
2013-05-03,14973.959961,-0.25636,-0.48620605,0.009599778462659803,14833.0080078,14754.131933699999,0.01776783490725453,0.00790002734860819,65.9057939184973,0.09045600000000004,0.1749658,-0.346816,-0.66117185,-0.182292,-0.12665039,-0.0003386086922367859,0
2013-05-06,14968.889648,-0.2659,-0.49063966,-0.0003386086922367859,14863.0359374,14794.3039063,0.010131734997891106,0.007744977956027866,60.34124192170792,-0.009540000000000048,-0.004433609999999977,-0.25636,-0.48620605,0.09045600000000004,0.1749658,0.005832800498443369,1
2013-05-07,15056.200195,-0.289888,-0.40460777,0.005832800498443369,14906.316015400002,14827.9779297,0.01458243324327646,0.007906126271387256,72.44913388462794,-0.023987999999999954,0.08603189,-0.2659,-0.49063966,-0.009540000000000048,-0.004433609999999977,0.0032491545918900133,1
2013-05-08,15105.120117,-0.231424,-0.69901365,0.0032491545918900133,14987.149999800002,14870.8599609,0.02749277540831785,0.004108638020897449,80.14308335309686,0.05846399999999999,-0.29440588000000006,-0.289888,-0.40460777,-0.023987999999999954,0.08603189,-0.0014895611438850986,0
2013-05-09,15082.620117,-0.31286,-0.53521883,-0.0014895611438850986,15037.358007600002,14909.041992100003,0.01692604818096033,0.0045348439886312665,78.03766573278851,-0.08143600000000004,0.16379482,-0.231424,-0.69901365,0.05846399999999999,-0.29440588000000006,0.0023782417591735605,1
2013-05-10,15118.490234,-0.1673839999999999,-0.5782324,0.0023782417591735605,15066.2640622,14949.636035,0.009652107617252437,0.002916027282633121,78.40450318387136,0.14547600000000013,-0.043013569999999945,-0.31286,-0.53521883,-0.08143600000000004,0.16379482,-0.0017733613333761333,0
2013-05-13,15091.679688,-0.4092159999999999,-0.38064453,-0.0017733613333761333,15090.8220702,14976.9290038,0.008203015914170164,0.003246503599067724,72.0248104517871,-0.24183200000000002,0.19758787,-0.1673839999999999,-0.5782324,0.14547600000000013,-0.043013569999999945,0.008187976060627378,1
2013-05-14,15215.25,-0.099136,-0.60542613,0.008187976060627378,15122.632031199999,15014.474023300001,0.01056374137830729,0.0040727372335092596,79.11950028377265,0.3100799999999999,-0.22478160000000003,-0.4092159999999999,-0.38064453,-0.24183200000000002,0.19758787,0.003972358653324903,1
2013-05-15,15275.69043,-0.222272,-0.45172852,0.003972358653324903,15156.7460938,15071.9480468,0.011292218246449659,0.00413564225116044,79.90012432111673,-0.123136,0.15369760999999998,-0.099136,-0.60542613,0.3100799999999999,-0.22478160000000003,-0.0027802804197047948,0
2013-05-16,15233.219727,-0.291572,-0.6977637,-0.0027802804197047948,15186.866015800002,15112.112011700001,0.009984976670615486,0.004455715555983545,76.24153198533203,-0.0693,-0.24603517999999996,-0.222272,-0.45172852,-0.123136,0.15369760999999998,0.007955026328755332,1
2013-05-17,15354.400391,-0.3503719999999999,-0.5699936,0.007955026328755332,15234.0480472,15150.1560547,0.0156040817137586,0.005209279636195689,76.59495239839633,-0.05879999999999991,0.1277701,-0.291572,-0.6977637,-0.0693,-0.24603517999999996,-0.0012452533158642254,0
2013-05-20,15335.280273,-0.14966,-0.77521485,-0.0012452533158642254,15282.768164199999,15186.7951172,0.016141383201612625,0.005089428642033625,74.64775178451575,0.20071199999999992,-0.20522125000000002,-0.3503719999999999,-0.5699936,-0.05879999999999991,0.1277701,0.00341042381156087,1
2013-05-21,15387.580078,-0.0965439999999999,-0.83346677,0.00341042381156087,15317.234179800002,15219.933105499998,0.011326141732800998,0.004312196927648246,87.37480316526047,0.053116000000000094,-0.05825192000000001,-0.14966,-0.77521485,0.20071199999999992,-0.20522125000000002,-0.005225653130147889,0
2013-05-22,15307.169922,-0.303836,-0.5385435,-0.005225653130147889,15323.530078200001,15240.138086,0.002060757393863799,0.0052585044997671936,77.3845752471161,-0.2072920000000001,0.29492327000000007,-0.0965439999999999,-0.83346677,0.053116000000000094,-0.05825192000000001,-0.0008277115929699042,0
2013-05-23,15294.5,-0.403008,-0.3854828,-0.0008277115929699042,15335.7861328,15261.3260743,0.004022805033881527,0.005028638551735589,71.69788369709653,-0.09917199999999998,0.15306069999999994,-0.303836,-0.5385435,-0.2072920000000001,0.29492327000000007,0.0005622680702213056,1
2013-05-24,15303.099609,-0.146372,-0.3972316,0.0005622680702213056,15325.525976399998,15279.7870118,-0.0033411126904094868,0.003133607822265924,72.51564177736266,0.256636,-0.011748800000000004,-0.403008,-0.3854828,-0.09917199999999998,0.15306069999999994,0.006945654260623657,1
2013-05-28,15409.389648,-0.354124,-0.62245786,0.006945654260623657,15340.347851400002,15311.5580078,0.004832606491743219,0.004567499243052456,73.20096996666535,-0.207752,-0.22522626,-0.146372,-0.3972316,0.256636,-0.011748800000000004,-0.006917200838894577,0
2013-05-29,15302.799805,-0.176204,-0.35939983,-0.006917200838894577,15323.391796799999,15320.312988299998,-0.005509656006353669,0.005441286356186407,62.0709766142851,0.17792,0.26305803000000005,-0.354124,-0.62245786,-0.207752,-0.22522626,0.001420032169074048,1
2013-05-30,15324.530273,-0.339484,-0.53616214,0.001420032169074048,15326.863867000002,15325.1969726,0.0011341319844533349,0.004970603737774428,64.78573119660453,-0.16328,-0.17676230999999998,-0.176204,-0.35939983,0.17792,0.26305803000000005,-0.013635651943483262,0
2013-05-31,15115.570312,-0.187764,-0.6460449,-0.013635651943483262,15291.0779294,15313.4320311,-0.011698956356860357,0.008020688393243519,49.8526991943084,0.15172000000000002,-0.10988276000000008,-0.339484,-0.53616214,-0.16328,-0.17676230999999998,0.009160088448007864,1
2013-06-03,15254.030273,-0.41174,-0.32714844,0.009160088448007864,15281.2640622,15303.395019300002,-0.0032064965434285275,0.009567024826009046,57.360888831482264,-0.223976,0.31889646000000005,-0.187764,-0.6460449,0.15172000000000002,-0.10988276000000008,-0.00501442783520567,0
2013-06-04,15177.540039,-0.081276,-0.33997437,-0.00501442783520567,15234.894140400002,15287.6209959,-0.015045995610221463,0.008659155222138065,48.21400324578887,0.330464,-0.012825930000000041,-0.41174,-0.32714844,-0.223976,0.31889646000000005,-0.014294160611174611,0
2013-06-05,14960.589844,-0.28512,-0.40990233,-0.014294160611174611,15166.452148200002,15244.9219725,-0.0223625719058409,0.010016130229667521,37.00317806063851,-0.20384399999999997,-0.06992795999999996,-0.081276,-0.33997437,0.330464,-0.012825930000000041,0.005349406262353806,1
2013-06-06,15040.620117,-0.2244159999999999,-0.6080347,0.005349406262353806,15109.670117000001,15218.266992,-0.018526516045990427,0.010723268113054726,42.29466715442353,0.06070400000000009,-0.19813237000000006,-0.28512,-0.40990233,-0.20384399999999997,-0.06992795999999996,0.013795973728866873,1
2013-06-07,15248.120117,-0.120832,-0.7251367,0.013795973728866873,15136.180078,15213.6290037,0.00876909056450037,0.011359258371852789,46.02274427267226,0.1035839999999999,-0.11710199999999993,-0.2244159999999999,-0.6080347,0.06070400000000009,-0.19813237000000006,-0.0006250129804116211,0
2013-06-10,15238.589844,-0.03488,-0.63947266,-0.0006250129804116211,15133.0919922,15207.1780272,-0.0010122196379359627,0.01059102137660989,46.35545999903134,0.085952,0.08566403999999994,-0.120832,-0.7251367,0.1035839999999999,-0.11710199999999993,-0.007649678493440004,0
2013-06-11,15122.019531,-0.036404,-0.6048996,-0.007649678493440004,15121.9878906,15178.441015499999,-0.0036580702707642576,0.01095253687632036,40.45282830880734,-0.0015239999999999976,0.034573060000000044,-0.03488,-0.63947266,0.085952,0.08566403999999994,-0.00838440009550867,0
2013-06-12,14995.230469,-0.295856,-0.58836913,-0.00838440009550867,15128.9160156,15147.6840819,0.0023154585053939414,0.00931282851372526,39.14736634087576,-0.259452,0.016530469999999964,-0.036404,-0.6048996,-0.0015239999999999976,0.034573060000000044,0.012060475454103603,1
2013-06-13,15176.080078,-0.114224,-0.6875293,0.012060475454103603,15156.0080078,15132.839062399999,0.009006275003707653,0.010583856446640222,46.31168681392723,0.18163200000000002,-0.09916016999999999,-0.295856,-0.58836913,-0.259452,0.016530469999999964,-0.006978112230279998,0
2013-06-14,15070.179688,-0.1966,-0.55523014,-0.006978112230279998,15120.419922000001,15128.3,-0.011669663383725326,0.008610333586458858,43.160038644467406,-0.08237599999999999,0.13229915999999997,-0.114224,-0.6875293,0.18163200000000002,-0.09916016999999999,0.00727728024950669,1
2013-06-17,15179.849609,-0.1655559999999999,-0.51173097,0.00727728024950669,15108.671875,15120.881933599998,-0.003854702803955834,0.00965949503905452,43.272647116598016,0.0310440000000001,0.04349917000000003,-0.1966,-0.55523014,-0.08237599999999999,0.13229915999999997,0.009116088997215943,1
2013-06-18,15318.230469,-0.291088,-0.50319827,0.009116088997215943,15147.9140626,15134.950976600001,0.012975180834660982,0.009568601951216215,50.44396828489201,-0.12553200000000012,0.00853270000000006,-0.1655559999999999,-0.51173097,0.0310440000000001,0.04349917000000003,-0.013450642319096207,0
2013-06-19,15112.19043,-0.272744,-0.45561767,-0.013450642319096207,15171.306054800001,15150.1110352,0.007799810829302922,0.011160761279152649,44.476418681574124,0.018344000000000027,0.04758059999999997,-0.291088,-0.50319827,-0.12553200000000012,0.00853270000000006,-0.02341620294153479,0
2013-06-20,14758.320312,-0.1835799999999999,-0.59344727,-0.02341620294153479,15087.7541016,15121.8810547,-0.02752751460540892,0.013813728101992667,41.35837930980326,0.08916400000000008,-0.1378296,-0.272744,-0.45561767,0.018344000000000027,0.04758059999999997,0.0027835199488519535,1
2013-06-21,14799.400391,-0.184832,-0.30884212,0.0027835199488519535,15033.5982422,15077.0090821,-0.017967887749581135,0.014234300998111639,38.45912810135353,-0.0012520000000000864,0.28460515,-0.1835799999999999,-0.59344727,0.08916400000000008,-0.1378296,-0.009449086943079221,0
2013-06-24,14659.55957,-0.2965,-0.2606592,-0.009449086943079221,14929.5402344,15019.1060547,-0.034275045695546624,0.012966090232305931,37.2606991784823,-0.11166799999999999,0.04818292000000002,-0.184832,-0.30884212,-0.0012520000000000864,0.28460515,0.006872648493900124,1
2013-06-25,14760.30957,-0.1510399999999999,-0.48709008,0.006872648493900124,14817.9560546,14982.935058600002,-0.03642202016277818,0.012295499256616195,44.77566542382103,0.1454600000000001,-0.22643088,-0.2965,-0.2606592,-0.11166799999999999,0.04818292000000002,0.010150876395202957,1
2013-06-26,14910.139648,-0.112144,-0.8032422,0.010150876395202957,14777.545898200002,14974.425976499999,-0.013370052669459342,0.013797842437627316,46.715987960792724,0.0388959999999999,-0.31615212000000004,-0.1510399999999999,-0.48709008,0.1454600000000001,-0.22643088,0.007669316901088852,1
2013-06-27,15024.490234,-0.12936,-0.8457129,0.007669316901088852,14830.779882600002,14959.2669921,0.018035244958301888,0.007764159817559391,44.0946518474706,-0.01721600000000001,-0.04247069999999997,-0.112144,-0.8032422,0.0388959999999999,-0.31615212000000004,-0.0076468900582068455,0
2013-06-28,14909.599609,-0.226544,-0.3884667,-0.0076468900582068455,14852.8197262,14943.208984199999,0.007446194784149318,0.009291255449839953,41.77035777904615,-0.09718399999999999,0.4572462,-0.12936,-0.8457129,-0.01721600000000001,-0.04247069999999997,0.0043837764738192675,1
2013-07-01,14974.959961,-0.0467479999999999,-0.452666,0.0043837764738192675,14915.8998044,14922.7200194,0.021514997738775854,0.006981006091182662,46.22460006650024,0.1797960000000001,-0.06419930000000001,-0.226544,-0.3884667,-0.09718399999999999,0.4572462,-0.0028413969126338534,0
2013-07-02,14932.410156,-0.212972,-0.40083984,-0.0028413969126338534,14950.319921600001,14884.1379881,0.011659686755472354,0.007419117683040901,48.31432996525348,-0.1662240000000001,0.05182616000000001,-0.0467479999999999,-0.452666,0.1797960000000001,-0.06419930000000001,0.003747550490200924,1
2013-07-03,14988.370117,-0.130228,-0.444834,0.003747550490200924,14965.966015400001,14871.755956800003,0.005246796532217157,0.006184340898619782,44.60129974878796,0.08274399999999998,-0.043994160000000004,-0.212972,-0.40083984,-0.1662240000000001,0.05182616000000001,0.009838943517463505,1
2013-07-05,15135.839844,-0.054024,-0.32592332,0.009838943517463505,14988.235937400003,14909.50791,0.007411207186784896,0.006808430232358716,51.84434187918021,0.07620400000000001,0.11891067999999999,-0.130228,-0.444834,0.08274399999999998,-0.043994160000000004,0.0058702118227831335,1
2013-07-08,15224.69043,-0.141792,-0.59368163,0.0058702118227831335,15051.2541016,14952.0369139,0.021133419358210004,0.004593665371773196,51.27444913929382,-0.087768,-0.26775830999999994,-0.054024,-0.32592332,0.07620400000000001,0.11891067999999999,0.004968863856235295,1
2013-07-09,15300.339844,-0.116864,-0.47640625,0.004968863856235295,15116.3300782,15016.1149413,0.02172826397181704,0.004606955953493639,49.47271714261608,0.024928000000000006,0.11727537999999998,-0.141792,-0.59368163,-0.087768,-0.26775830999999994,-0.0005672872686813824,0
2013-07-10,15291.660156,-0.332132,-0.5314648,-0.0005672872686813824,15188.180078200001,15069.2499999,0.02405840693142558,0.0037575332979356514,55.985788614829204,-0.215268,-0.055058549999999984,-0.116864,-0.47640625,0.024928000000000006,0.11727537999999998,0.011068763252208846,1
2013-07-11,15460.919922,-0.1957279999999999,-0.6590915,0.011068763252208846,15282.6900392,15124.328027300002,0.031527764614247555,0.004592411002093622,76.7245387927808,0.13640400000000008,-0.1276267000000001,-0.332132,-0.5314648,-0.215268,-0.055058549999999984,0.00021860814343854784,1
2013-07-12,15464.299805,0.0216279999999999,-0.81785494,0.00021860814343854784,15348.3820314,15168.3089844,0.02170080843780897,0.004719021213588514,76.0372934789687,0.2173559999999998,-0.15876343999999998,-0.1957279999999999,-0.6590915,0.13640400000000008,-0.1276267000000001,0.0012907122373264635,1
2013-07-15,15484.259766,-0.06312,-0.23460993,0.0012907122373264635,15400.295898599998,15225.775000099999,0.01704923572623329,0.004784895457570507,85.64142859863328,-0.08474799999999989,0.5832450100000001,0.0216279999999999,-0.81785494,0.2173559999999998,-0.15876343999999998,-0.0020931034153253147,0
2013-07-16,15451.849609,-0.191132,-0.30861932,-0.0020931034153253147,15430.5978516,15273.463964899998,0.00990237906770508,0.005226423672069568,81.76279922993876,-0.12801200000000001,-0.07400938999999998,-0.06312,-0.23460993,-0.08474799999999989,0.5832450100000001,0.00120826454259082,1
2013-07-17,15470.519531,-0.311812,-0.49793792,0.00120826454259082,15466.3697266,15327.274902399999,0.0116965308655399,0.005067687787368524,79.26447764714365,-0.12067999999999998,-0.1893186,-0.191132,-0.30861932,-0.12801200000000001,-0.07400938999999998,0.005043173103764342,1
2013-07-18,15548.540039,-0.3679679999999999,-0.3509989,0.005043173103764342,15483.89375,15383.291894599999,0.005667199457861649,0.002577006301258918,78.44663520257572,-0.05615599999999993,0.14693901999999998,-0.311812,-0.49793792,-0.12067999999999998,-0.1893186,-0.0003086981149329482,0
2013-07-19,15543.740234,-0.275604,-0.59865975,-0.0003086981149329482,15499.781835799999,15424.081933599999,0.005137020751131205,0.002633969268685079,89.09527438201617,0.09236399999999989,-0.24766085000000004,-0.3679679999999999,-0.3509989,-0.05615599999999993,0.14693901999999998,0.0001164179903136997,1
2013-07-22,15545.549805,-0.3188519999999999,-0.33878785,0.0001164179903136997,15512.0398436,15456.167871100002,0.003958215628401041,0.0026569489412814856,88.1681402029551,-0.0432479999999999,0.25987190000000004,-0.275604,-0.59865975,0.09236399999999989,-0.24766085000000004,0.001427445749963896,1
2013-07-23,15567.740234,-0.264936,-0.29301757,0.001427445749963896,15535.217968600002,15482.9079101,0.007500113444833145,0.002111285242072983,93.68875558637099,0.05391599999999991,0.045770279999999997,-0.3188519999999999,-0.33878785,-0.0432479999999999,0.25987190000000004,-0.0016380026655575808,0
2013-07-24,15542.240234,-0.403252,-0.17197658,-0.0016380026655575808,15549.562109199998,15507.965917900001,0.004635959565306491,0.0025473787004535843,89.75242808535964,-0.138316,0.12104099000000001,-0.264936,-0.29301757,0.05391599999999991,0.045770279999999997,0.0008602439415876795,1
2013-07-25,15555.610352,-0.220656,-0.6197147,0.0008602439415876795,15550.976171799999,15517.4349609,0.00045472520135425576,0.001175550636984511,87.30963036787703,0.182596,-0.44773811999999996,-0.403252,-0.17197658,-0.138316,0.12104099000000001,0.00020698165659482903,1
2013-07-26,15558.830078,-0.22364,-0.65836763,0.00020698165659482903,15553.9941406,15526.8879882,0.0009707987764098203,0.0011540893336903437,85.0310728270754,-0.0029840000000000144,-0.03865293000000003,-0.220656,-0.6197147,0.182596,-0.44773811999999996,-0.002369095286420153,0
2013-07-29,15521.969727,-0.335124,-0.5765918,-0.002369095286420153,15549.278125,15530.658984300002,-0.001516837827917561,0.0016323786920029897,75.2927146250251,-0.11148399999999997,0.08177583,-0.22364,-0.65836763,-0.0029840000000000144,-0.03865293000000003,-8.889870449879655e-05,0
2013-07-30,15520.589844,-0.372752,-0.40733397,-8.889870449879655e-05,15539.848047000001,15537.533007800002,-0.0030287240981208274,0.001346452599302758,76.56844294623093,-0.037627999999999995,0.16925783,-0.335124,-0.5765918,-0.11148399999999997,0.08177583,-0.0013562503237039003,0
2013-07-31,15499.540039,-0.1352959999999999,-0.32051274,-0.0013562503237039003,15531.308007999998,15540.435058600002,-0.0027473642381740104,0.0012974560759296434,56.83251375320537,0.23745600000000008,0.08682122999999997,-0.372752,-0.40733397,-0.037627999999999995,0.16925783,0.008289245466428063,1
2013-08-01,15628.019531,-0.22498,-0.6196289,0.008289245466428063,15545.789843800001,15548.3830078,0.004654859395516464,0.004237634056923474,70.07748396221838,-0.08968400000000012,-0.29911616,-0.1352959999999999,-0.32051274,0.23745600000000008,0.08682122999999997,0.001941437361260956,1
2013-08-02,15658.360352,-0.116504,-0.15032677,0.001941437361260956,15565.695898599999,15559.8450196,0.006397028150640471,0.004233986395477757,70.82041869790453,0.10847600000000002,0.46930213000000004,-0.22498,-0.6196289,-0.08968400000000012,-0.29911616,-0.0029524463584141847,0
2013-08-05,15612.129883,-0.2701599999999999,-0.45086914,-0.0029524463584141847,15583.727929800001,15566.503027399998,0.005808551207464818,0.00436577727990363,68.55435497564474,-0.1536559999999999,-0.30054237,-0.116504,-0.15032677,0.10847600000000002,0.46930213000000004,-0.005981864723127228,0
2013-08-06,15518.740234,-0.138236,-0.56842846,-0.005981864723127228,15583.3580078,15561.603027399999,-0.0001191713729046251,0.005450208994782955,54.75886658414397,0.1319239999999999,-0.11755932000000002,-0.2701599999999999,-0.45086914,-0.1536559999999999,-0.30054237,-0.0030975653484220933,0
2013-08-07,15470.669922,-0.241696,-0.43972656,-0.0030975653484220933,15577.5839844,15554.4459962,-0.0018626434673130188,0.005610848106674373,41.83221311610509,-0.10346,0.12870190000000004,-0.138236,-0.56842846,0.1319239999999999,-0.11755932000000002,0.0017872781294803186,1
2013-08-08,15498.320312,-0.173488,-0.72416043,0.0017872781294803186,15551.6441406,15548.7169922,-0.008299146206128483,0.0034376446142728263,45.45383456560845,0.06820799999999999,-0.28443387,-0.241696,-0.43972656,-0.10346,0.12870190000000004,-0.0046979636847243045,0
2013-08-09,15425.509766,-0.15092,-0.40608406,-0.0046979636847243045,15505.0740234,15535.384961,-0.014870687656020065,0.0029454944538912287,39.48017491319052,0.022568000000000005,0.31807636999999994,-0.173488,-0.72416043,0.06820799999999999,-0.28443387,-0.00037795042682153834,0
2013-08-12,15419.679688,-0.183004,-0.45905763,-0.00037795042682153834,15466.5839844,15525.1559571,-0.012326966047698451,0.003169853210027042,36.64151468460774,-0.032084,-0.05297356999999997,-0.15092,-0.40608406,0.022568000000000005,0.31807636999999994,0.002031824177539887,1
2013-08-13,15451.009766,-0.25088,-0.61732423,0.002031824177539887,15453.037890799998,15518.1979493,-0.004364430809377873,0.0029723380072936637,41.85459294264256,-0.06787599999999999,-0.15826660000000004,-0.183004,-0.45905763,-0.032084,-0.05297356999999997,-0.007336064873211479,0
2013-08-14,15337.660156,-0.200628,-0.48494273,-0.007336064873211479,15426.435937600001,15502.009961,-0.008597544041118343,0.004140855099278859,33.48840161068213,0.05025199999999999,0.13238150000000004,-0.25088,-0.61732423,-0.06787599999999999,-0.15826660000000004,-0.014700399129119912,0
2013-08-15,15112.19043,-0.359548,-0.20666137,-0.014700399129119912,15349.209961199998,15450.4270509,-0.024914305178028062,0.006527916283647873,24.687214622404667,-0.15891999999999998,0.27828136,-0.200628,-0.48494273,0.05025199999999999,0.13238150000000004,-0.0020328425017074325,0
2013-08-16,15081.469727,-0.128096,-0.64495605,-0.0020328425017074325,15280.4019534,15392.737988400002,-0.02230331731132229,0.006667699414453213,24.86022060077093,0.231452,-0.43829468,-0.359548,-0.20666137,-0.15891999999999998,0.27828136,-0.00468982760170733,0
2013-08-19,15010.740234,-0.308512,-0.71341795,-0.00468982760170733,15198.614062600001,15332.5990235,-0.026520619252437982,0.006271064587425489,23.036703264037,-0.18041600000000002,-0.06846189999999996,-0.128096,-0.64495605,0.231452,-0.43829468,-0.0005162969899675796,0
2013-08-20,15002.990234,-0.327068,-0.639439,-0.0005162969899675796,15109.0101562,15281.0240235,-0.02899613286025271,0.005587998375173443,23.365387716048943,-0.018556000000000017,0.07397894999999999,-0.308512,-0.71341795,-0.18041600000000002,-0.06846189999999996,-0.007027960916821119,0
2013-08-21,14897.549805,-0.368336,-0.46875,-0.007027960916821119,15020.988086000001,15223.712011799998,-0.028694751775930505,0.005569251633676251,9.825110561917953,-0.04126799999999997,0.17068899999999998,-0.327068,-0.639439,-0.018556000000000017,0.07397894999999999,0.004443041296481098,1
2013-08-22,14963.740234,-0.321056,-0.33477795,0.004443041296481098,14991.298046799999,15170.254003999999,-0.009823208401695593,0.0043653348877873924,13.246131448311772,0.04727999999999999,0.13397205,-0.368336,-0.46875,-0.04126799999999997,0.17068899999999998,0.0031255241850383086,1
2013-08-23,15010.509766,-0.340596,-0.46749663,0.0031255241850383086,14977.106054600003,15128.754003999999,-0.00470510913621125,0.004919587943441819,18.18511387574179,-0.019540000000000002,-0.13271868000000003,-0.321056,-0.33477795,0.04727999999999999,0.13397205,-0.004266997323773558,0
2013-08-26,14946.459961,-0.224912,-0.31481445,-0.004266997323773558,14964.25,15081.4320313,-0.004282285350218906,0.004841887481227866,18.767487855801534,0.11568400000000001,0.15268218,-0.340596,-0.46749663,-0.019540000000000002,-0.13271868000000003,-0.011396014738235372,0
2013-08-27,14776.129883,-0.2103159999999999,-0.56003904,-0.011396014738235372,14918.8779298,15013.944043,-0.015121009042976419,0.006731283837688322,16.55787450895251,0.014596000000000109,-0.24522459000000002,-0.224912,-0.31481445,0.11568400000000001,0.15268218,0.0032741917797880493,1
2013-08-28,14824.509766,-0.071724,-0.7146484,0.0032741917797880493,14904.269922000001,14962.629003999999,-0.00490282227319605,0.00677604781585049,18.19098815608217,0.13859199999999988,-0.15460935999999992,-0.2103159999999999,-0.56003904,0.014596000000000109,-0.24522459000000002,0.0011090032155873786,1
2013-08-29,14840.950195,-0.245544,-0.630625,0.0011090032155873786,14879.711914200001,14935.504980500002,-0.008205838719453462,0.006254938868000346,20.853057906136,-0.17382000000000003,0.08402339999999997,-0.071724,-0.7146484,0.13859199999999988,-0.15460935999999992,-0.0020645999479415034,0
2013-08-30,14810.30957,-0.192112,-0.35916993,-0.0020645999479415034,14839.671875,14908.388964799999,-0.013337334915398347,0.005671739545136429,20.349573675638553,0.05343200000000001,0.27145506999999997,-0.245544,-0.630625,-0.17382000000000003,0.08402339999999997,0.0015968870122680112,1
2013-09-03,14833.959961,-0.0946639999999999,-0.49955085,0.0015968870122680112,14817.171875,14890.7109375,-0.007526865912968583,0.005861747160641857,19.749825007547983,0.0974480000000001,-0.14038091999999996,-0.192112,-0.35916993,0.05343200000000001,0.27145506999999997,0.006532992960395445,1
2013-09-04,14930.870117,-0.1804039999999999,-0.7650928,0.006532992960395445,14848.1199218,14883.498925799999,0.010472311439142734,0.0031467726319783364,29.730865976936045,-0.08574,-0.26554195,-0.0946639999999999,-0.49955085,0.0974480000000001,-0.14038091999999996,0.00044273052730359197,1
2013-09-05,14937.480469,-0.227784,-0.7648926,0.00044273052730359197,14870.714062399999,14887.4919922,0.007620535503919168,0.0031350732367986718,38.866478394064906,-0.04738000000000009,0.00020019999999998372,-0.1804039999999999,-0.7650928,-0.08574,-0.26554195,-0.0010028778970515573,0
2013-09-06,14922.5,-0.165788,-0.66232944,-0.0010028778970515573,14887.0240234,14883.367968800001,0.005494918042880714,0.003340400252290338,39.66214712460273,0.061995999999999996,0.10256315999999999,-0.227784,-0.7648926,-0.04738000000000009,0.00020019999999998372,0.009423361836153443,1
2013-09-09,15063.120117,-0.260232,-0.59246093,0.009423361836153443,14937.5861328,14888.629003900001,0.01706990294869315,0.004401094071898131,53.1224494909135,-0.09444400000000003,0.06986851000000005,-0.165788,-0.66232944,0.061995999999999996,0.10256315999999999,0.008493555917117535,1
2013-09-10,15191.05957,-0.281472,-0.4226915,0.008493555917117535,15009.006054599999,14913.088964799997,0.024073113985668693,0.004761245984597324,59.80598126779518,-0.02123999999999998,0.16976943,-0.260232,-0.59246093,-0.09444400000000003,0.06986851000000005,0.008922355835380369,1
2013-09-11,15326.599609,-0.127192,-0.5244712,0.008922355835380369,15088.151952999999,14968.135937399999,0.026504114555884417,0.005089989034757865,71.6899570992927,0.15428,-0.10177970000000003,-0.281472,-0.4226915,-0.02123999999999998,0.16976943,-0.0016937847704168174,0
2013-09-12,15300.639648,-0.12382,-0.86935544,-0.0016937847704168174,15160.783788800001,15015.7489256,0.024311943353075627,0.005653543414797418,67.75357580772663,0.003372,-0.34488423999999995,-0.127192,-0.5244712,0.15428,-0.10177970000000003,0.004929200591287541,1
2013-09-13,15376.05957,-0.424956,-0.5263135,0.004929200591287541,15251.4957028,15069.2598631,0.030394342100854344,0.004658787684774675,68.69874143054456,-0.301136,0.34304194,-0.12382,-0.86935544,0.003372,-0.34488423999999995,0.007721139636557739,1
2013-09-16,15494.780273,-0.1226559999999999,-0.69024414,0.007721139636557739,15337.827734,15137.7069334,0.02865675588106309,0.004402597791632712,76.5622368308111,0.3023000000000001,-0.16393064000000002,-0.424956,-0.5263135,-0.301136,0.34304194,0.002255610946668263,1
2013-09-17,15529.730469,-0.395088,-0.4798633,0.002255610946668263,15405.5619138,15207.2839842,0.02229409327502241,0.004286336490721784,92.01783757070996,-0.2724320000000001,0.21038084,-0.1226559999999999,-0.69024414,0.3023000000000001,-0.16393064000000002,0.009479234768037692,1
2013-09-18,15676.94043,-0.1165,-0.5830176,0.009479234768037692,15475.630077999998,15281.891015500001,0.02285835279433246,0.0044369375053135915,92.81020745938034,0.278588,-0.10315430000000003,-0.395088,-0.4798633,-0.2724320000000001,0.21038084,-0.002576435445446168,0
2013-09-19,15636.549805,-0.217396,-0.57796997,-0.002576435445446168,15542.8121094,15351.7979491,0.021953994390287335,0.004753167055822928,89.01746338361782,-0.100896,0.00504762999999997,-0.1165,-0.5830176,0.278588,-0.10315430000000003,-0.011860670244576377,0
2013-09-20,15451.089844,-0.259364,-0.48245117,-0.011860670244576377,15557.818164200002,15404.6569335,0.004879681537290015,0.008614455256455046,77.28205217104436,-0.04196799999999998,0.09551880000000007,-0.217396,-0.57796997,-0.100896,0.00504762999999997,-0.003217246259124118,0
2013-09-23,15401.379883,-0.4295839999999999,-0.4478711,-0.003217246259124118,15539.138086199999,15438.482910099998,-0.006027861534942391,0.007835811276845824,73.63418783614362,-0.17021999999999993,0.03458006999999996,-0.259364,-0.48245117,-0.04196799999999998,0.09551880000000007,-0.004336626945597444,0
2013-09-24,15334.589844,-0.348468,-0.2767699,-0.004336626945597444,15500.1099612,15452.8359375,-0.012565615700126598,0.007665142995753746,67.24853115426271,0.08111599999999991,0.1711012,-0.4295839999999999,-0.4478711,-0.17021999999999993,0.03458006999999996,-0.003999459954515672,0
2013-09-25,15273.259766,-0.158964,-0.60305667,-0.003999459954515672,15419.3738284,15447.5019532,-0.025749964784423263,0.003787004839732285,63.705037059003025,0.189504,-0.32628676999999995,-0.348468,-0.2767699,0.08111599999999991,0.1711012,0.003603686432579911,1
2013-09-26,15328.299805,-0.118208,-0.61556643,0.003603686432579911,15357.7238284,15450.267968900002,-0.019713428079986883,0.005484637853580318,66.03849031633784,0.040756,-0.012509760000000036,-0.158964,-0.60305667,0.189504,-0.32628676999999995,-0.004570602864718665,0
2013-09-27,15258.240234,-0.07694,-0.78461915,-0.004570602864718665,15319.1539064,15438.4860353,-0.012481294973175405,0.0034524745897029888,58.167298741624194,0.041268,-0.16905272000000005,-0.118208,-0.61556643,0.040756,-0.012509760000000036,-0.00842628704413162,0
2013-09-30,15129.669922,-0.288088,-0.701416,-0.00842628704413162,15264.811914199998,15401.975000200002,-0.017641923195460762,0.004382229613577912,47.43172079940254,-0.211148,0.08320315,-0.07694,-0.78461915,0.041268,-0.16905272000000005,0.004099909206201735,1
2013-10-01,15191.700195,-0.184428,-0.53738284,0.004099909206201735,15236.2339844,15368.171972799999,-0.009318126565733276,0.005486646494276163,43.98651878820019,0.10366,0.16403316,-0.288088,-0.701416,-0.211148,0.08320315,-0.0038547724249635706,0
2013-10-02,15133.139648,-0.357276,-0.44730812,-0.0038547724249635706,15208.209960799999,15313.791894599999,-0.009174211671035826,0.0054728964200286825,42.744157086727476,-0.17284799999999997,0.09007472000000005,-0.184428,-0.53738284,0.10366,0.16403316,-0.009030457801799341,0
2013-10-03,14996.480469,-0.2412879999999999,-0.32750854,-0.009030457801799341,15141.8460936,15249.784961000001,-0.021647497780005742,0.005249225546684157,34.38564806721513,0.11598800000000009,0.11979957999999996,-0.357276,-0.44730812,-0.17284799999999997,0.09007472000000005,0.005074497923516885,1
2013-10-04,15072.580078,-0.185776,-0.54211915,0.005074497923516885,15104.714062399999,15211.9339844,-0.01216786163756245,0.006717675343218,32.001258946130164,0.055511999999999895,-0.21461060999999998,-0.2412879999999999,-0.32750854,0.11598800000000009,0.11979957999999996,-0.009045554463432692,0
2013-10-07,14936.240234,-0.1848279999999999,-0.5201268,-0.009045554463432692,15066.028124800001,15165.420019500001,-0.012784792331704042,0.006860124727201794,26.712174398047736,0.0009480000000000877,0.021992349999999994,-0.185776,-0.54211915,0.055511999999999895,-0.21461060999999998,-0.010692782018626446,0
2013-10-08,14776.530273,0.0398079999999999,-0.4375139,-0.010692782018626446,14982.994140400002,15109.614062400002,-0.027328733233995983,0.006452254884833257,15.012234012055487,0.2246359999999998,0.08261289999999999,-0.1848279999999999,-0.5201268,0.0009480000000000877,0.021992349999999994,0.0017900139959330374,1
2013-10-09,14802.980469,-0.217276,-0.5275746,0.0017900139959330374,14916.9623046,15062.586132700002,-0.021816965063402027,0.007257788455520425,17.254750606565707,-0.25708399999999987,-0.0900607,0.0398079999999999,-0.4375139,0.2246359999999998,0.08261289999999999,0.021825999411172914,1
2013-10-10,15126.070312,-0.0064879999999999,-0.51671875,0.021825999411172914,14942.8802732,15042.3631834,0.008641350433382211,0.01309062914380818,38.47807569693536,0.2107880000000001,0.01085585,-0.217276,-0.5275746,-0.25708399999999987,-0.0900607,0.007340970768323629,1
2013-10-11,15237.110352,-0.166508,-0.20085937,0.007340970768323629,14975.786327999998,15040.250195199998,0.010915866636538762,0.013270778837908715,44.419318801620186,-0.16002000000000008,0.31585938,-0.0064879999999999,-0.51671875,0.2107880000000001,0.01085585,0.0042100774043143385,1
2013-10-14,15301.259766,-0.051268,-0.287986,0.0042100774043143385,15048.7902344,15057.4091796,0.024438515066802946,0.011680437912002493,48.86565168434578,0.11523999999999998,-0.08712663000000001,-0.166508,-0.20085937,-0.16002000000000008,0.31585938,-0.00870843329489035,0
2013-10-15,15168.009766,-0.015436,-0.55839986,-0.00870843329489035,15127.086132999999,15055.040136700001,0.026493330015052274,0.01103424229707471,46.58511793761282,0.035832,-0.27041385999999995,-0.051268,-0.287986,0.11523999999999998,-0.08712663000000001,0.013569368372992496,1
2013-10-16,15373.830078,-0.179096,-0.7308691,0.013569368372992496,15241.256054799998,15079.1091797,0.03856315356190998,0.011352585154395467,51.345593150427796,-0.16366,-0.17246924000000008,-0.015436,-0.55839986,0.035832,-0.27041385999999995,-0.00014177904848322598,0
2013-10-17,15371.650391,-0.238552,-0.5380176,-0.00014177904848322598,15290.372070599999,15116.6261719,0.016235550538540977,0.008346486752029184,53.491801215604085,-0.05945599999999998,0.19285150000000006,-0.179096,-0.7308691,-0.16366,-0.17246924000000008,0.0018215350523711482,1
2013-10-18,15399.650391,-0.456552,-0.35898438,0.0018215350523711482,15322.8800784,15149.3332032,0.010667379525715948,0.008029813305429864,58.861238268229776,-0.21800000000000003,0.17903322,-0.238552,-0.5380176,-0.05945599999999998,0.19285150000000006,-0.00048378994398168285,0
2013-10-21,15392.200195,-0.19466,-0.5812598,-0.00048378994398168285,15341.068164199998,15194.929199299999,0.005943329529119801,0.008003116614324624,56.825305010387694,0.261892,-0.22227542,-0.456552,-0.35898438,-0.21800000000000003,0.17903322,0.004902480479984428,1
2013-10-22,15467.660156,-0.241844,-0.38740236,0.004902480479984428,15400.9982422,15264.042187599998,0.0197554191105338,0.0057958957065458025,61.25802328303484,-0.047184000000000004,0.19385744,-0.19466,-0.5812598,0.261892,-0.22227542,-0.0035124949379576886,0
2013-10-23,15413.330078,-0.187832,-0.29834473,-0.0035124949379576886,15408.8982422,15325.077148499997,0.0025693011955767453,0.00310671250535883,64.8517448767245,0.054012000000000004,0.08905763,-0.241844,-0.38740236,-0.047184000000000004,0.19385744,0.006220581958265692,1
2013-10-24,15509.209961,-0.1139239999999999,-0.7053516,0.006220581958265692,15436.4101562,15363.391113399999,0.008948913519432056,0.003956171078002453,65.34026850581951,0.0739080000000001,-0.40700686999999997,-0.187832,-0.29834473,0.054012000000000004,0.08905763,0.003937680394653809,1
2013-10-25,15570.280273,-0.0945599999999999,-0.60616213,0.003937680394653809,15470.536132600002,15396.708105500002,0.011080114006985609,0.0040719316391585915,73.51990140207467,0.019364000000000006,0.09918947,-0.1139239999999999,-0.7053516,0.0739080000000001,-0.40700686999999997,-8.674121315221939e-05,0
2013-10-28,15568.929688,-0.2171999999999999,-0.77447265,-8.674121315221939e-05,15505.882031199999,15423.475097699999,0.011481756393566744,0.004009588485445083,83.30751384011235,-0.12264,-0.16831052000000002,-0.0945599999999999,-0.60616213,0.019364000000000006,0.09918947,0.0071565562458593135,1
2013-10-29,15680.349609,-0.2014079999999999,-0.40610352,0.0071565562458593135,15548.4199218,15474.709081999998,0.013750589995830564,0.004476018555635574,84.42039483594878,0.015792,0.36836913,-0.2171999999999999,-0.77447265,-0.12264,-0.16831052000000002,-0.003927836083747249,0
2013-10-30,15618.759766,-0.16562,-0.5801587,-0.003927836083747249,15589.5058594,15499.202050799999,0.013328053506958648,0.004622591283341564,74.31856884874668,0.0357879999999999,-0.17405518000000003,-0.2014079999999999,-0.40610352,0.015792,0.36836913,-0.004674491899089972,0
2013-10-31,15545.75,-0.2382679999999999,-0.5317773,-0.004674491899089972,15596.8138672,15516.6120117,0.0023560219438569785,0.005070772942975829,65.82832430539673,-0.07264799999999991,0.04838140000000002,-0.16562,-0.5801587,0.0357879999999999,-0.17405518000000003,0.004489960600164045,1
2013-11-01,15615.549805,-0.0846519999999999,-0.6934204,0.004489960600164045,15605.8677736,15538.2019531,0.0029074320568589496,0.005169938080483861,66.02522547923874,0.153616,-0.16164310000000004,-0.2382679999999999,-0.5317773,-0.07264799999999991,0.04838140000000002,0.0015094128797470407,1
2013-11-04,15639.120117,-0.371956,-0.65561557,0.0015094128797470407,15619.9058594,15562.8939453,0.004508365726264341,0.005166867614462488,77.04637533710614,-0.2873040000000001,0.03780483000000001,-0.0846519999999999,-0.6934204,0.153616,-0.16164310000000004,-0.0013364172564466203,0
2013-11-05,15618.219727,-0.337892,-0.3973635,-0.0013364172564466203,15607.479882999998,15577.949902400002,-0.0039622765786000436,0.003820966021821107,67.81237778844726,0.03406399999999998,0.25825207000000006,-0.371956,-0.65561557,-0.2873040000000001,0.03780483000000001,0.008237824684818484,1
2013-11-06,15746.879883,-0.283992,-0.36371738,0.008237824684818484,15633.103906399998,15611.3048829,0.008202963546369402,0.005010048612434271,73.09129553067113,0.0539,0.03364612,-0.337892,-0.3973635,0.03406399999999998,0.25825207000000006,-0.009709822843385396,0
2013-11-07,15593.980469,-0.2716079999999999,-0.59023684,-0.009709822843385396,15642.750000199998,15619.7819337,0.0031024858240997766,0.00678841028940606,60.365480165855594,0.012384000000000117,-0.22651946,-0.283992,-0.36371738,0.0539,0.03364612,0.010760549837392608,1
2013-11-08,15761.780273,-0.043304,-0.3185933,0.010760549837392608,15671.9960938,15638.931933700002,0.00936441366625318,0.00812545400032444,66.83367648828906,0.2283039999999999,0.27164353999999996,-0.2716079999999999,-0.59023684,0.012384000000000117,-0.22651946,0.0013525969548326966,1
2013-11-11,15783.099609,-0.150468,-0.44969472,0.0013525969548326966,15700.7919922,15660.3489258,0.009206367808601401,0.00812760377349761,65.11304965470931,-0.10716399999999998,-0.13110141999999997,-0.043304,-0.3185933,0.2283039999999999,0.27164353999999996,-0.0020547096453417124,0
2013-11-12,15750.669922,-0.189716,-0.6109082,-0.0020547096453417124,15727.2820312,15667.380957100002,0.008480492483469604,0.008204233835947438,66.50876497591184,-0.039248000000000005,-0.16121348000000002,-0.150468,-0.44969472,-0.10716399999999998,-0.13110141999999997,0.004505202721624357,1
2013-11-13,15821.629883,-0.299388,-0.49418014,0.004505202721624357,15742.2320312,15687.6679688,0.004746972133869987,0.007610952409555737,65.67146932663192,-0.10967199999999999,0.11672806000000002,-0.189716,-0.6109082,-0.039248000000000005,-0.16121348000000002,0.0034503299851966762,1
2013-11-14,15876.219727,-0.363412,-0.46082085,0.0034503299851966762,15798.6798828,15720.714941500002,0.01809924403593266,0.004720746488733152,65.44682506863191,-0.06402400000000003,0.033359289999999986,-0.299388,-0.49418014,-0.10967199999999999,0.11672806000000002,0.005384182725477471,1
2013-11-15,15961.700195,-0.09608,-0.62912107,0.005384182725477471,15838.6638672,15755.329980499999,0.012683841453015487,0.0029707154789732175,68.27810930781457,0.267332,-0.16830021999999994,-0.363412,-0.46082085,-0.06402400000000003,0.033359289999999986,0.0008971059364017986,1
2013-11-18,15976.019531,-0.184944,-0.44757813,0.0008971059364017986,15877.247851600001,15789.0199219,0.01222319612619005,0.0030222886100903664,65.12644092318453,-0.088864,0.18154293999999993,-0.09608,-0.62912107,0.267332,-0.16830021999999994,-0.0005626719460725127,0
2013-11-19,15967.030273,-0.254876,-0.5759961,-0.0005626719460725127,15920.5199218,15823.9009765,0.01373658086109697,0.002495795388477006,68.83097956236162,-0.069932,-0.12841797,-0.184944,-0.44757813,-0.088864,0.18154293999999993,-0.004146667217883371,0
2013-11-20,15900.820312,-0.0306039999999999,-0.7048158,-0.004146667217883371,15936.358007600002,15839.2950194,0.005005200449360148,0.0036798705881683595,69.34086418907748,0.22427200000000008,-0.12881969999999998,-0.254876,-0.5759961,-0.069932,-0.12841797,0.006865678616442938,1
2013-11-21,16009.990234,-0.1583119999999999,-0.68305176,0.006865678616442938,15963.112109,15880.8959959,0.008425841245602195,0.00447784827350831,70.60176095726287,-0.127708,0.021764039999999985,-0.0306039999999999,-0.7048158,0.22427200000000008,-0.12881969999999998,0.003421569669896929,1
2013-11-22,16064.769531,-0.163152,-0.5749902,0.003421569669896929,15983.7259762,15911.194921699998,0.006457290560581086,0.004146557779165826,71.52991761714001,-0.004840000000000094,0.10806156,-0.1583119999999999,-0.68305176,-0.127708,0.021764039999999985,0.00048369869141318134,1
2013-11-25,16072.540039,-0.15002,-0.0840918,0.00048369869141318134,16003.0300778,15940.1389647,0.0060415867552434666,0.004160573192825513,73.28947342196366,0.013132000000000005,0.4908984,-0.163152,-0.5749902,-0.004840000000000094,0.10806156,1.616210003962948e-05,1
2013-11-26,16072.799805,-0.204928,-0.43826172,1.616210003962948e-05,16024.1839842,15972.351953,0.0066242457233174346,0.004106539385684253,69.24019722755915,-0.05490800000000001,-0.35416992,-0.15002,-0.0840918,0.013132000000000005,0.4908984,0.001526197880743263,1
2013-11-27,16097.330078,-0.275428,-0.32454222,0.001526197880743263,16063.485937399999,15999.9219725,0.012358467182457256,0.0027876819146004537,85.0225724290146,-0.07050000000000001,0.11371950000000003,-0.204928,-0.43826172,-0.05490800000000001,-0.35416992,-0.0006783685211826374,0
2013-11-29,16086.410156,-0.214076,-0.6993164,-0.0006783685211826374,16078.7699218,16020.941015399998,0.004773264748013872,0.001595435725543926,78.89567098471886,0.06135200000000002,-0.37477417999999996,-0.275428,-0.32454222,-0.07050000000000001,0.11371950000000003,-0.004826473044456159,0
2013-12-02,16008.769531,-0.339712,-0.39253905,-0.004826473044456159,16067.569921799999,16025.647949,-0.0034858887886276557,0.0024442864717642517,68.25664185225165,-0.12563600000000003,0.30677734999999995,-0.214076,-0.6993164,0.06135200000000002,-0.37477417999999996,-0.0058811149612519875,0
2013-12-03,15914.620117,-0.163992,-0.6499582,-0.0058811149612519875,16035.985937399999,16019.508007600001,-0.00982544897177462,0.003212973765805544,62.05926589234484,0.17572000000000002,-0.25741915000000004,-0.339712,-0.39253905,-0.12563600000000003,0.30677734999999995,-0.0015614941366683954,0
2013-12-04,15889.769531,-0.2425359999999999,-0.562833,-0.0015614941366683954,15999.379882599998,16011.7819334,-0.011387578780335583,0.0030422475232590837,55.376679621369966,-0.07854399999999989,0.08712520000000001,-0.163992,-0.6499582,0.17572000000000002,-0.25741915000000004,-0.004295831029319186,0
2013-12-05,15821.509766,-0.2357199999999999,-0.4890564,-0.004295831029319186,15944.2158202,16003.8508788,-0.0171345378807235,0.0022231067535200435,45.77417723724425,0.006815999999999989,0.07377660000000003,-0.2425359999999999,-0.562833,-0.07854399999999989,0.08712520000000001,0.012558247091372987,1
2013-12-06,16020.200195,-0.199036,-0.7634668,0.012558247091372987,15930.973827999998,16004.8718749,-0.00411589412167912,0.007636649769365183,53.84595630408263,0.03668399999999991,-0.2744104,-0.2357199999999999,-0.4890564,0.006815999999999989,0.07377660000000003,0.00033270982479138844,1
2013-12-09,16025.530273,-0.188,-0.55736697,0.00033270982479138844,15934.325976400001,16000.9479491,0.001046972533869317,0.007297851536660002,53.293909581007625,0.01103599999999999,0.20609982999999998,-0.199036,-0.7634668,0.03668399999999991,-0.2744104,-0.003269806933520636,0
2013-12-10,15973.129883,-0.109544,-0.67728513,-0.003269806933520636,15946.027929599999,15991.006933499997,0.003676478958960505,0.0068295507893860775,50.38364212150414,0.078456,-0.11991816,-0.188,-0.55736697,0.01103599999999999,0.20609982999999998,-0.008113601463788922,0
2013-12-11,15843.530273,-0.060412,-0.67386717,-0.008113601463788922,15936.780078,15968.0799803,-0.002910001803977713,0.007925302711758508,46.66278324957399,0.049132,0.003417960000000053,-0.109544,-0.67728513,0.078456,-0.11991816,-0.006570542246976618,0
2013-12-12,15739.429688,-0.294024,-0.44677734,-0.006570542246976618,15920.3640624,15932.289941300001,-0.005187878983356375,0.008252085740167486,34.14587531167686,-0.23361200000000001,0.22708982999999994,-0.060412,-0.67386717,0.049132,0.003417960000000053,0.001012150015330393,1
2013-12-13,15755.360352,-0.315672,-0.68263674,0.001012150015330393,15867.3960938,15899.1849609,-0.01653161881726406,0.004051448985482296,31.004617613453576,-0.021648,-0.23585939999999994,-0.294024,-0.44677734,-0.23361200000000001,0.22708982999999994,0.008201015851954097,1
2013-12-16,15884.570312,-0.2362199999999999,-0.6628385,0.008201015851954097,15839.2041016,15886.765039,-0.008795962354986253,0.006570674175245917,39.957509491519055,0.0794520000000001,0.019798239999999967,-0.315672,-0.68263674,-0.021648,-0.23585939999999994,-0.0005861377309631655,0
2013-12-17,15875.259766,-0.141092,-0.6095643,-0.0005861377309631655,15819.6300782,15882.829003899998,-0.006127172177079809,0.006524750769440765,39.54729269023587,0.09512799999999991,0.05327420000000005,-0.2362199999999999,-0.6628385,0.0794520000000001,0.019798239999999967,0.018438121033263144,1
2013-12-18,16167.969727,-0.177148,-0.44977233,0.018438121033263144,15884.517968999999,15910.6490235,0.020477724876311054,0.009588472456175279,52.9115283729911,-0.036056000000000005,0.15979196999999995,-0.141092,-0.6095643,0.09512799999999991,0.05327420000000005,0.0006871828181027606,1
2013-12-19,16179.080078,-0.076796,-0.6849466,0.0006871828181027606,15972.448047000002,15946.4060547,0.027933057214595047,0.007984716767190283,53.81894252870656,0.100352,-0.23517426999999996,-0.177148,-0.44977233,-0.036056000000000005,0.15979196999999995,0.002599626789485443,1
2013-12-20,16221.139648,-0.320484,-0.64808595,0.002599626789485443,16065.6039062,15966.5,0.029563227091843336,0.007788291367731785,59.01621675798134,-0.243688,0.03686064999999994,-0.076796,-0.6849466,0.100352,-0.23517426999999996,0.004529318259648862,1
2013-12-23,16294.610352,-0.36014,-0.2270116,0.004529318259648862,16147.611914199999,15993.408007900001,0.025813731938989504,0.007685741376761921,66.42088728864547,-0.039656000000000025,0.42107435000000004,-0.320484,-0.64808595,-0.243688,0.03686064999999994,0.003862593314007956,1
2013-12-24,16357.549805,-0.240244,-0.52115655,0.003862593314007956,16244.069922,16031.850000100001,0.030379977783602685,0.007092674053544041,69.57039733881038,0.119896,-0.29414495000000007,-0.36014,-0.2270116,-0.039656000000000025,0.42107435000000004,0.007478568334397417,1
2013-12-26,16479.880859,-0.259876,-0.537645,0.007478568334397417,16306.4521484,16095.4850587,0.019291917121734725,0.002509644730422317,76.3518489897827,-0.019631999999999983,-0.016488449999999988,-0.240244,-0.52115655,0.119896,-0.29414495000000007,-8.924233206430987e-05,0
2013-12-27,16478.410156,-0.359124,-0.48621875,-8.924233206430987e-05,16366.318164,16169.3831055,0.0185010567076076,0.0027639701523764215,71.77858590597813,-0.099248,0.05142625000000006,-0.259876,-0.537645,-0.019631999999999983,-0.016488449999999988,0.0015704734713484214,1
2013-12-30,16504.289062,-0.236236,-0.5096777,0.0015704734713484214,16422.9480468,16244.275976500003,0.017455580812715032,0.0028991943364858044,72.31928972094241,0.122888,-0.023458950000000034,-0.359124,-0.48621875,-0.099248,0.05142625000000006,0.004384987061734735,1
2013-12-31,16576.660156,-0.092216,-0.83357733,0.004384987061734735,16479.3580076,16313.484960900003,0.017309392363922482,0.0028867061607837953,77.62169570231305,0.14401999999999998,-0.32389963,-0.236236,-0.5096777,0.122888,-0.023458950000000034,-0.008162714667889537,0
2014-01-02,16441.349609,-0.0915639999999999,-0.574209,-0.008162714667889537,16496.1179684,16370.093945200002,0.00512300466750748,0.0058925924677348165,77.21804339870526,0.0006520000000001108,0.25936833000000004,-0.092216,-0.83357733,0.14401999999999998,-0.32389963,0.0017419874694668547,1
2014-01-03,16469.990234,-0.164336,-0.62654585,0.0017419874694668547,16494.1398434,16400.2959959,-0.0006001636228212259,0.00477769289765338,85.71570439057355,-0.07277200000000011,-0.05233684999999999,-0.0915639999999999,-0.574209,0.0006520000000001108,0.25936833000000004,-0.002725601191148841,0
2014-01-06,16425.099609,-0.335964,-0.28825203,-0.002725601191148841,16483.477734000004,16424.897949,-0.003235175389816991,0.004918117115996633,81.84066971103437,-0.17162799999999998,0.33829381999999997,-0.164336,-0.62654585,-0.07277200000000011,-0.05233684999999999,0.006443787040536719,1
2014-01-07,16530.939453,-0.276464,-0.8416211,0.006443787040536719,16488.807812200004,16455.877929500002,0.0016147554674961206,0.005858278569394203,81.42797727613359,0.0595,-0.55336907,-0.335964,-0.28825203,-0.17162799999999998,0.33829381999999997,-0.004125550105237408,0
2014-01-08,16462.740234,-0.250756,-0.45079488,-0.004125550105237408,16466.0238278,16472.690917699998,-0.006872308470338484,0.005619415482489982,77.01748647151088,0.02570800000000001,0.39082622,-0.276464,-0.8416211,0.0595,-0.55336907,-0.001092191685249766,0
2014-01-09,16444.759766,-0.20772,-0.5965527,-0.001092191685249766,16466.7058592,16481.411913800002,0.00020741344725938582,0.0041888872436404235,67.03337650116323,0.04303599999999999,-0.14575782000000004,-0.250756,-0.45079488,0.02570800000000001,0.39082622,-0.0004687806395284877,0
2014-01-10,16437.050781,-0.21552,-0.38598633,-0.0004687806395284877,16460.117968600003,16477.128906,-0.0019999679739942655,0.004080723745066949,65.94199224096214,-0.007800000000000001,0.21056637000000006,-0.20772,-0.5965527,0.04303599999999999,-0.14575782000000004,-0.010896745005316899,0
2014-01-13,16257.94043,-0.3579719999999999,-0.15547852,-0.010896745005316899,16426.6861328,16455.081933400004,-0.010177057246484322,0.006287535929033675,51.944779933579966,-0.1424519999999999,0.23050780999999998,-0.21552,-0.38598633,-0.007800000000000001,0.21056637000000006,0.007130049620928558,1
2014-01-14,16373.860352,-0.176776,-0.529161,0.007130049620928558,16395.2703126,16442.0390624,-0.00950212790063143,0.006521824812401985,54.0082266675011,0.1811959999999999,-0.37368248,-0.3579719999999999,-0.15547852,-0.1424519999999999,0.23050780999999998,0.00660070983119132,1
2014-01-15,16481.939453,-0.249016,-0.7092195,0.00660070983119132,16399.110156400002,16432.5669921,0.0011662225563364714,0.007318376532739915,56.01653595438077,-0.07224,-0.1800585,-0.176776,-0.529161,0.1811959999999999,-0.37368248,-0.003939444577208517,0
2014-01-16,16417.009766,-0.145108,-0.7192676,-0.003939444577208517,16393.5601564,16430.1330078,-0.0016874676428763058,0.007556278524158845,46.78023373031855,0.103908,-0.010048100000000004,-0.249016,-0.7092195,-0.07224,-0.1800585,0.0025309591449507174,1
2014-01-17,16458.560547,-0.170712,-0.5868555,0.0025309591449507174,16397.8621096,16428.9900391,0.00130861468316823,0.007659382820427551,49.02354335489688,-0.025604000000000016,0.13241210000000003,-0.145108,-0.7192676,0.103908,-0.010048100000000004,-0.002680738323014742,0
2014-01-21,16414.439453,-0.281436,-0.4462758,-0.002680738323014742,16429.161914199998,16427.9240235,0.009626005438623686,0.005121681156626445,45.657980692360894,-0.11072400000000002,0.14057969999999997,-0.170712,-0.5868555,-0.025604000000000016,0.13241210000000003,-0.002503869176750162,0
2014-01-22,16373.339844,-0.295696,-0.44500977,-0.002503869176750162,16429.0578126,16412.1640626,-3.178896050226587e-05,0.004442692180796219,39.86823844710011,-0.014259999999999995,0.0012660299999999736,-0.281436,-0.4462758,-0.11072400000000002,0.14057969999999997,-0.010748584997122057,0
2014-01-23,16197.349609,-0.235572,-0.6909668,-0.010748584997122057,16372.1398438,16385.6250001,-0.017266769169461904,0.004763560048477307,38.314853916527525,0.06012400000000001,-0.24595702999999997,-0.295696,-0.44500977,-0.014259999999999995,0.0012660299999999736,-0.019647613015846277,0
2014-01-24,15879.110352,-0.155296,-0.851407,-0.019647613015846277,16264.559961,16329.060058699999,-0.03276476177251242,0.008702927390800507,27.847418150486362,0.08027600000000001,-0.16044020000000003,-0.235572,-0.6909668,0.06012400000000001,-0.24595702999999997,-0.002596522606495233,0
2014-01-27,15837.879883,-0.401564,-0.550708,-0.002596522606495233,16140.4238282,16269.142968900002,-0.03771172225101649,0.0075871066397700795,27.92405421783829,-0.246268,0.30069900000000005,-0.155296,-0.851407,0.08027600000000001,-0.16044020000000003,0.005725494047807089,1
2014-01-28,15928.55957,-0.087088,-0.58691895,0.005725494047807089,16043.247851600001,16236.204882899998,-0.029600760013233196,0.00961885805125087,27.093015006063126,0.314476,-0.036210950000000075,-0.401564,-0.550708,-0.246268,0.30069900000000005,-0.011913791084877112,0
2014-01-29,15738.790039,-0.199248,-0.1813379,-0.011913791084877112,15916.3378906,16172.6978516,-0.03875506225643577,0.009695256281967388,24.800001051510947,-0.11216000000000001,0.40558105000000005,-0.087088,-0.58691895,0.314476,-0.036210950000000075,0.006977684607766488,1
2014-01-30,15848.610352,-0.34186,-0.72073245,0.006977684607766488,15846.590039199999,16109.3649415,-0.021530637136227826,0.011446802683125343,30.49567166678679,-0.142612,-0.5393945499999999,-0.199248,-0.1813379,-0.11216000000000001,0.40558105000000005,-0.009449455799201978,0
2014-01-31,15698.849609,-0.250868,-0.37483397,-0.009449455799201978,15810.5378906,16037.548925799998,-0.011352068157728712,0.008574668502234224,27.902148498068698,0.09099200000000002,0.34589847999999995,-0.34186,-0.72073245,-0.142612,-0.5393945499999999,-0.020769025254759987,0
2014-02-03,15372.799805,-0.296252,-0.25458008,-0.020769025254759987,15717.521875,15928.9728516,-0.029365046422608954,0.01194610918746787,25.64602057211883,-0.045384000000000035,0.12025389000000003,-0.250868,-0.37483397,0.09099200000000002,0.34589847999999995,0.004712246950385746,1
2014-02-04,15445.240234,-0.130032,-0.5768368,0.004712246950385746,15620.8580078,15832.0529297,-0.030342940544999863,0.011706079368738406,23.823410986083786,0.16622,-0.32225672000000005,-0.296252,-0.25458008,-0.045384000000000035,0.12025389000000003,-0.00032435656060381124,0
2014-02-05,15440.230469,-0.262412,-0.49260858,-0.00032435656060381124,15561.1460938,15738.7419922,-0.01896966471121242,0.01140785664098253,18.82401556906565,-0.13237999999999997,0.08422822000000002,-0.130032,-0.5768368,0.16622,-0.32225672000000005,0.012195401122933935,1
2014-02-06,15628.530273,-0.0784079999999999,-0.54381835,0.012195401122933935,15517.130077999998,15681.8600586,-0.013886395974914367,0.012791591312439232,28.025293899606538,0.18400400000000008,-0.05120976999999999,-0.262412,-0.49260858,-0.13237999999999997,0.08422822000000002,0.010592794210854573,1
2014-02-07,15794.080078,-0.065272,-0.38544953,0.010592794210854573,15536.1761718,15673.3570312,0.006066079449885686,0.013288979470836616,32.678323926422266,0.013135999999999898,0.15836882000000002,-0.0784079999999999,-0.54381835,0.18400400000000008,-0.05120976999999999,0.00048815511646904675,1
2014-02-10,15801.790039,-0.113248,-0.5502344,0.00048815511646904675,15621.974218599998,15669.7480468,0.027905797215967754,0.005710118812450439,33.72041544793362,-0.047976000000000005,-0.16478487000000003,-0.065272,-0.38544953,0.013135999999999898,0.15836882000000002,0.01221250829961118,1
2014-02-11,15994.769531,-0.1976119999999999,-0.67518556,0.01221250829961118,15731.880078000002,15676.369042900002,0.035579200366874675,0.006385834253706246,40.6917910174488,-0.0843639999999999,-0.12495115999999995,-0.113248,-0.5502344,-0.047976000000000005,-0.16478487000000003,-0.0019274489038587639,0
2014-02-12,15963.94043,-0.101256,-0.64015627,-0.0019274489038587639,15836.622070200003,15698.884081999999,0.0339185326314575,0.006869500804920329,43.81981798304637,0.0963559999999999,0.03502928999999999,-0.1976119999999999,-0.67518556,-0.0843639999999999,-0.12495115999999995,0.003987074136181823,1
2014-02-13,16027.589844,-0.1834319999999999,-0.5116624,0.003987074136181823,15916.4339844,15716.7820312,0.02553404344677368,0.006177519747642415,54.54405259159525,-0.0821759999999999,0.12849387,-0.101256,-0.64015627,0.0963559999999999,0.03502928999999999,0.007911345700393424,1
2014-02-14,16154.389648,-0.0193959999999999,-0.7443066,0.007911345700393424,15988.4958984,15762.336035100001,0.02281295068915634,0.005674157730717366,59.20435621172191,0.16403600000000002,-0.23264420000000008,-0.1834319999999999,-0.5116624,-0.0821759999999999,0.12849387,-0.0014849992802402623,0
2014-02-18,16130.400391,-0.3412639999999999,-0.62103516,-0.0014849992802402623,16054.2179688,15838.0960937,0.02079576751677914,0.00608001598683204,56.10655428696843,-0.321868,0.12327144000000001,-0.0193959999999999,-0.7443066,0.16403600000000002,-0.23264420000000008,-0.00556965845994295,0
2014-02-19,16040.55957,-0.25514,-0.7307129,-0.00556965845994295,16063.3759766,15897.628027300001,0.0028628133035146774,0.0053321325923798785,59.71739516835935,0.08612399999999992,-0.10967773999999997,-0.3412639999999999,-0.62103516,-0.321868,0.12327144000000001,0.005777285922949904,1
2014-02-20,16133.230469,-0.221736,-0.40647462,0.005777285922949904,16097.2339844,15966.928027299999,0.010604527105467332,0.005534622155372556,59.267517289905506,0.03340399999999999,0.32423828,-0.25514,-0.7307129,0.08612399999999992,-0.10967773999999997,-0.0018552182749457247,0
2014-02-21,16103.299805,-0.276004,-0.45098227,-0.0018552182749457247,16112.3759766,16014.404980500001,0.004723727131583866,0.0056583406459948795,64.28396524689099,-0.05426800000000004,-0.04450765000000001,-0.221736,-0.40647462,0.03340399999999999,0.32423828,0.0064483580544005825,1
2014-02-24,16207.139648,-0.14934,-0.79248613,0.0064483580544005825,16122.9259766,16055.7109375,0.0032653663276303035,0.005230383443588039,84.95234767176561,0.12666400000000003,-0.34150386,-0.276004,-0.45098227,-0.05426800000000004,-0.04450765000000001,-0.0016955176913893144,0
2014-02-25,16179.660156,-0.22726,-0.70038086,-0.0016955176913893144,16132.777929599999,16093.497949200002,0.0030538463897948898,0.005252798057424046,81.9708301913833,-0.07791999999999999,0.09210527000000002,-0.14934,-0.79248613,0.12666400000000003,-0.34150386,0.0011588624123879399,1
2014-02-26,16198.410156,-0.188496,-0.48146972,0.0011588624123879399,16164.3480468,16113.862011700001,0.009840715675232481,0.003977352236903005,82.61497516725531,0.03876399999999999,0.21891114,-0.22726,-0.70038086,-0.07791999999999999,0.09210527000000002,0.004583180342084381,1
2014-02-27,16272.650391,-0.0610919999999999,-0.80148435,0.004583180342084381,16192.2320312,16144.733007799998,0.00864178580154129,0.003718792784893594,80.7233349900616,0.1274040000000001,-0.32001462999999997,-0.188496,-0.48146972,0.03876399999999999,0.21891114,0.0030148481544920447,1
2014-02-28,16321.709961,-0.1481,-0.4954883,0.0030148481544920447,16235.9140624,16174.145019500002,0.013563068355231467,0.0031381263344922783,78.31335535531858,-0.08700800000000011,0.30599604999999996,-0.0610919999999999,-0.80148435,0.1274040000000001,-0.32001462999999997,-0.009415661004098852,0
2014-03-03,16168.030273,-0.128852,-0.4576465,-0.009415661004098852,16228.0921874,16175.509082,-0.002413095453572267,0.005519482125234555,66.99114900140692,0.019248000000000015,0.03784179999999998,-0.1481,-0.4954883,-0.08700800000000011,0.30599604999999996,0.01409266200970083,1
2014-03-04,16395.880859,-0.193932,-0.43513158,0.01409266200970083,16271.336328,16202.057128800001,0.013363735759296391,0.008405380981890271,68.02570324200775,-0.06508,0.022514919999999994,-0.128852,-0.4576465,0.019248000000000015,0.03784179999999998,-0.0021774475739986254,0
2014-03-05,16360.179688,-0.09518,-0.45052016,-0.0021774475739986254,16303.690234400001,16234.0191406,0.009986753665456538,0.008684781112451068,67.72912025195107,0.09875199999999999,-0.015388579999999985,-0.193932,-0.43513158,-0.06508,0.022514919999999994,0.003772020734299497,1
2014-03-06,16421.890625,-0.150332,-0.77070314,0.003772020734299497,16333.538281199999,16262.885156200002,0.009171230894417848,0.008632337379200645,67.67304320246765,-0.05515199999999999,-0.32018297999999995,-0.09518,-0.45052016,0.09875199999999999,-0.015388579999999985,0.0018773768930762103,1
2014-03-07,16452.720703,-0.2798,-0.4819629,0.0018773768930762103,16359.740429599999,16297.827246,0.008026777973205279,0.008609161927092695,64.63019246696757,-0.129468,0.2887402399999999,-0.150332,-0.77070314,-0.05515199999999999,-0.32018297999999995,-0.002069020413978828,0
2014-03-10,16418.679688,-0.308568,-0.81378907,-0.002069020413978828,16409.8703126,16318.98125,0.015502779916151788,0.006658739712553799,63.999237454412324,-0.028768000000000016,-0.33182617,-0.2798,-0.4819629,-0.129468,0.2887402399999999,-0.004106888573341405,0
2014-03-11,16351.25,-0.26596,-0.77664065,-0.004106888573341405,16400.944140800002,16336.1402344,-0.0027220775378775652,0.003247270499980606,65.42326016786589,0.042608000000000035,0.03714841999999996,-0.308568,-0.81378907,-0.028768000000000016,-0.33182617,-0.0006831234309303547,0
2014-03-12,16340.080078,-0.1825839999999999,-0.7490088,-0.0006831234309303547,16396.9242188,16350.3072266,-0.0012285690245041891,0.0031254630857835267,61.17244944182695,0.08337600000000006,0.027631850000000013,-0.26596,-0.77664065,0.042608000000000035,0.03714841999999996,-0.014148671787188594,0
2014-03-13,16108.889648,-0.0456639999999999,-0.7226465,-0.014148671787188594,16334.3240234,16333.931152299998,-0.01905998427023381,0.006167041624105801,50.248002601269846,0.13692000000000001,0.02636230000000006,-0.1825839999999999,-0.7490088,0.08337600000000006,0.027631850000000013,-0.0026829736216714695,0
2014-03-14,16065.669922,-0.067416,-0.5383789,-0.0026829736216714695,16256.9138672,16308.3271484,-0.023525031998472112,0.005402491426734988,43.36665310210941,-0.021752000000000105,0.18426759999999998,-0.0456639999999999,-0.7226465,0.13692000000000001,0.02636230000000006,0.011300481454022071,1
2014-03-17,16247.219727,-0.234696,-0.42558593,0.011300481454022071,16222.621875,16316.2460938,-0.010442981059269774,0.009098241569512555,52.76787553365796,-0.16727999999999998,0.11279296999999999,-0.067416,-0.5383789,-0.021752000000000105,0.18426759999999998,0.005476057103612986,1
2014-03-18,16336.19043,-0.042744,-0.4896826,0.005476057103612986,16219.609961,16310.2770509,-0.0009210042045715294,0.009558098714217382,55.337657851890555,0.19195199999999998,-0.06409667000000002,-0.234696,-0.42558593,-0.16727999999999998,0.11279296999999999,-0.006979626522387483,0
2014-03-19,16222.169922,-0.253364,-0.3275705,-0.006979626522387483,16196.0279298,16296.476074299999,-0.0072160084551087245,0.010048495347007922,48.10284256882901,-0.21061999999999997,0.16211210000000004,-0.042744,-0.4896826,0.19195199999999998,-0.06409667000000002,0.006711795248325103,1
2014-03-20,16331.049805,-0.123976,-0.343435,0.006711795248325103,16240.459961199998,16287.391992299998,0.013791152702295806,0.00742326797203917,50.33590661277667,0.12938799999999998,-0.015864500000000004,-0.253364,-0.3275705,-0.21061999999999997,0.16211210000000004,-0.001731687450450492,0
2014-03-21,16302.769531,-0.105132,-0.57851565,-0.001731687450450492,16287.879882999998,16272.396875099997,0.01475815264169733,0.0072591001980021825,55.32631615684972,0.018844,-0.23508065000000006,-0.123976,-0.343435,0.12938799999999998,-0.015864500000000004,-0.00159967304637465,0
2014-03-24,16276.69043,-0.152024,-0.53078127,-0.00159967304637465,16293.7740236,16258.197949300002,0.0018138920686243676,0.005670179755426677,44.394063155616585,-0.04689199999999999,0.047734380000000076,-0.105132,-0.57851565,0.018844,-0.23508065000000006,0.0056024566782890695,1
2014-03-25,16367.879883,-0.216496,-0.5728613,0.0056024566782890695,16300.111914199999,16259.8609376,0.0019398312682377128,0.005698815313358333,50.34420078116702,-0.064472,-0.042080030000000046,-0.152024,-0.53078127,-0.04689199999999999,0.047734380000000076,-0.006041689559483365,0
2014-03-26,16268.990234,-0.246664,-0.41897026,-0.006041689559483365,16309.4759766,16252.751953199997,0.0028861929214849535,0.005402899467269695,43.385174870199144,-0.030168,0.15389104000000003,-0.216496,-0.5728613,-0.064472,-0.042080030000000046,-0.0002925667132096521,0
2014-03-27,16264.230469,-0.22384,0.044498444,-0.0002925667132096521,16296.112109400001,16268.2860353,-0.0040915517861896955,0.004190196002065956,41.65728721597323,0.022823999999999983,0.46346870399999995,-0.246664,-0.41897026,-0.030168,0.15389104000000003,0.0036170848114904786,1
2014-03-28,16323.05957,-0.2301879999999999,-0.8335547,0.0036170848114904786,16300.1701172,16294.0250001,0.0012445762029216212,0.004563080798788257,45.858657597877716,-0.0063479999999998815,-0.878053144,-0.22384,0.044498444,0.022823999999999983,0.46346870399999995,0.008246039011422956,1
2014-03-31,16457.660156,-0.047144,-0.7371875,0.008246039011422956,16336.3640624,16315.069043000001,0.011118336788322303,0.005573919512837174,54.355256963770685,0.1830439999999999,0.09636719999999999,-0.2301879999999999,-0.8335547,-0.0063479999999998815,-0.878053144,0.004554062867355713,1
2014-04-01,16532.609375,-0.255976,-0.4665886,0.004554062867355713,16369.309960800001,16334.7109375,0.01006419238029066,0.005433103656405204,57.48903331061123,-0.208832,0.2705989,-0.047144,-0.7371875,0.1830439999999999,0.09636719999999999,0.0024430883282755556,1
2014-04-02,16573.0,-0.242072,-0.30308715,0.0024430883282755556,16430.111914,16369.7939453,0.018686455743556873,0.003119385677913803,71.19983515785148,0.013903999999999972,0.16350145,-0.255976,-0.4665886,-0.208832,0.2705989,-2.7105472756749904e-05,0
2014-04-03,16572.550781,-0.19052,-0.5769629,-2.7105472756749904e-05,16491.7759764,16393.944042900002,0.018956956653293,0.0030352804964942194,74.09500852446483,0.051552000000000014,-0.2738757499999999,-0.242072,-0.30308715,0.013903999999999972,0.16350145,-0.00964485462209319,0
2014-04-04,16412.710938,-0.228428,-0.576543,-0.00964485462209319,16509.70625,16404.938183600003,0.005492313963294526,0.00673649691888972,58.03255626515491,-0.037908,0.00041989999999991756,-0.19052,-0.5769629,0.051552000000000014,-0.2738757499999999,-0.010165342071169814,0
2014-04-07,16245.870117,-0.19216,-0.24267456,-0.010165342071169814,16467.3482422,16401.856152300003,-0.012868781891986592,0.006893700178477834,45.92416641687456,0.036267999999999995,0.33386844000000004,-0.228428,-0.576543,-0.037908,0.00041989999999991756,0.0006321317926365477,1
2014-04-08,16256.139648,-0.137848,-0.42799148,0.0006321317926365477,16412.0542968,16390.6821288,-0.016722691544268087,0.0060525392831749705,51.69130321684688,0.054312,-0.18531691999999997,-0.19216,-0.24267456,0.036267999999999995,0.33386844000000004,0.01113671781370762,1
2014-04-09,16437.179688,-0.172936,-0.5425293,0.01113671781370762,16384.8902344,16407.5010742,-0.008195276172087151,0.00877160509450434,54.9298202547278,-0.03508800000000001,-0.11453782000000001,-0.137848,-0.42799148,0.054312,-0.18531691999999997,-0.016241226662192854,0
2014-04-10,16170.219727,-0.2622199999999999,-0.63649154,-0.016241226662192854,16304.4240236,16398.1,-0.024276954061969946,0.010800836082071913,44.960416585819644,-0.08928399999999989,-0.09396223999999997,-0.172936,-0.5425293,-0.03508800000000001,-0.11453782000000001,-0.008872466139742241,0
2014-04-11,16026.75,-0.150696,-0.32651338,-0.008872466139742241,16227.231836,16368.469043,-0.023515977309171543,0.010720454635035695,41.275938958177285,0.1115239999999999,0.30997815999999995,-0.2622199999999999,-0.63649154,-0.08928399999999989,-0.09396223999999997,0.0091403580888203,1
2014-04-14,16173.240234,-0.088764,-0.7654785,0.0091403580888203,16212.705859400001,16340.0270508,-0.004470667466681122,0.01169331839287155,43.45871470726993,0.061932,-0.43896511999999993,-0.150696,-0.32651338,0.1115239999999999,0.30997815999999995,0.0055226617986066096,1
2014-04-15,16262.55957,-0.146948,-0.50373596,0.0055226617986066096,16213.9898438,16313.0220703,0.00039492291152831704,0.012046538822091876,49.78248446885692,-0.058184,0.26174253999999997,-0.088764,-0.7654785,0.061932,-0.43896511999999993,0.009979366304636361,1
2014-04-16,16424.849609,-0.1874279999999999,-0.5393848,0.009979366304636361,16211.523828,16298.2070312,-0.0007501334921221625,0.0117907523517932,54.90968334505239,-0.040479999999999905,-0.035648840000000015,-0.146948,-0.50373596,-0.058184,0.26174253999999997,-0.000993040873327966,0
2014-04-17,16408.539062,-0.055868,-0.42044923,-0.000993040873327966,16259.187695,16281.805859299999,0.01473816305675002,0.007900462725350861,52.68260210747278,0.1315599999999999,0.11893556999999999,-0.1874279999999999,-0.5393848,-0.040479999999999905,-0.035648840000000015,0.0024810824319076996,1
2014-04-21,16449.25,-0.2936959999999999,-0.29560566,0.0024810824319076996,16343.687695,16285.4597655,0.026362175737439042,0.004588456725836009,49.719536207797496,-0.2378279999999999,0.12484357000000001,-0.055868,-0.42044923,0.1315599999999999,0.11893556999999999,0.003958790887122365,1
2014-04-22,16514.369141,-0.176624,-0.43399414,0.003958790887122365,16411.9134764,16312.309667899997,0.021092180791506765,0.004035174067560923,49.38770614382313,0.1170719999999999,-0.13838847999999998,-0.2936959999999999,-0.29560566,-0.2378279999999999,0.12484357000000001,-0.0007701626317909716,0
2014-04-23,16501.650391,-0.157864,-0.6093721,-0.0007701626317909716,16459.7316406,16336.8607422,0.014701918229468536,0.0044731126991693045,47.5595759965836,0.01876,-0.17537796,-0.176624,-0.43399414,0.1170719999999999,-0.13838847999999998,0.0,0
2014-04-24,16501.650391,-0.2167879999999999,-0.15501341,0.0,16475.091797,16343.3078125,0.004675889510605602,0.002181331466543514,47.574195521371166,-0.05892399999999989,0.45435868999999995,-0.157864,-0.6093721,0.01876,-0.17537796,-0.00849553994165686,0
2014-04-25,16361.459961,-0.285868,-0.3315039,-0.00849553994165686,16465.675976799997,16362.431835900003,-0.002869182979795437,0.0048217756715385335,48.22258692848621,-0.06908000000000011,-0.17649049000000003,-0.2167879999999999,-0.15501341,-0.05892399999999989,0.45435868999999995,0.005334503962852066,1
2014-04-28,16448.740234,-0.160336,-0.58564454,0.005334503962852066,16465.5740236,16404.630859300003,-3.0990227517957436e-05,0.005405926260378667,57.44658426720105,0.125532,-0.25414064,-0.285868,-0.3315039,-0.06908000000000011,-0.17649049000000003,0.005266598278507395,1
2014-04-29,16535.369141,-0.155312,-0.6595898,0.005266598278507395,16469.7740236,16440.84375,0.0012716198736204554,0.005670200192276146,59.70538739264014,0.005024000000000001,-0.07394526000000001,-0.160336,-0.58564454,0.125532,-0.25414064,0.002749905527494656,1
2014-04-30,16580.839844,-0.204812,-0.40768233,0.002749905527494656,16485.611914200003,16472.6717774,0.004798880786081261,0.005727457020858261,55.51284259687352,-0.04949999999999999,0.25190747,-0.155312,-0.6595898,0.005024000000000001,-0.07394526000000001,-0.0013250657509938923,0
2014-05-01,16558.869141,-0.2511799999999999,-0.4843164,-0.0013250657509938923,16497.055664199997,16486.0737306,0.0034674562025145406,0.005813630981319435,68.36770012005489,-0.04636799999999991,-0.07663407,-0.204812,-0.40768233,-0.04949999999999999,0.25190747,-0.0027766700496566488,0
2014-05-02,16512.890625,-0.14708,-0.6659375,-0.0027766700496566488,16527.341797,16496.5088869,0.009255327113897982,0.003745392495713059,75.30720970826263,0.10409999999999991,-0.18162109999999998,-0.2511799999999999,-0.4843164,-0.04636799999999991,-0.07663407,0.0010694769559767003,1
2014-05-05,16530.550781,-0.14342,-0.7345508,0.0010694769559767003,16543.703906400002,16504.638965,0.004973666422848355,0.003199217679328407,71.48206683521487,0.0036599999999999966,-0.06861329999999999,-0.14708,-0.6659375,0.10409999999999991,-0.18162109999999998,-0.00783587018460885,0
2014-05-06,16401.019531,-0.329132,-0.53625,-0.00783587018460885,16516.8339844,16493.304003999998,-0.00812498401785744,0.004074040014644037,57.94048958205137,-0.185712,0.19830079999999994,-0.14342,-0.7345508,0.0036599999999999966,-0.06861329999999999,0.007165379614229028,1
2014-05-07,16518.539062,-0.325624,-0.38530272,0.007165379614229028,16504.373828,16494.992871100003,-0.003757396041826122,0.005491150441583418,55.66380143380914,0.0035079999999999556,0.15094728000000002,-0.329132,-0.53625,-0.185712,0.19830079999999994,0.001963348022380851,1
2014-05-08,16550.970703,-0.152396,-0.7328418,0.001963348022380851,16502.794140399998,16499.9249023,-0.0004769913894930866,0.005599500083540489,58.44578944676145,0.17322800000000002,-0.34753908,-0.325624,-0.38530272,0.0035079999999999556,0.15094728000000002,0.0019557246267212225,1
2014-05-09,16583.339844,-0.17096,-0.5860388,0.0019557246267212225,16516.883984199998,16522.1128906,0.004266316576538198,0.005427655456837405,58.03059049941503,-0.018563999999999997,0.14680300000000002,-0.152396,-0.7328418,0.17322800000000002,-0.34753908,0.006761657184549019,1
2014-05-12,16695.470703,-0.1840119999999999,-0.5242383,0.006761657184549019,16549.8679686,16546.7859375,0.009976674351924952,0.0060436361302279576,60.267915441548475,-0.013051999999999897,0.061800499999999925,-0.17096,-0.5860388,-0.018563999999999997,0.14680300000000002,0.001196057922248972,1
2014-05-13,16715.439453,-0.156832,-0.5916934,0.001196057922248972,16612.751953,16564.7929687,0.01917075468422591,0.002900516940689421,62.022362040161404,0.0271799999999999,-0.06745509999999999,-0.1840119999999999,-0.5242383,-0.013051999999999897,0.061800499999999925,-0.00607036089510582,0
2014-05-14,16613.970703,-0.326356,-0.44635284,-0.00607036089510582,16631.838281199998,16568.1060546,0.0057772446244677145,0.004608050551105576,55.66930931862574,-0.16952399999999998,0.14534056000000006,-0.156832,-0.5916934,0.0271799999999999,-0.06745509999999999,-0.010061421136959958,0
2014-05-15,16446.810547,-0.173348,-0.51410156,-0.010061421136959958,16611.00625,16556.900195200004,-0.006293295895999473,0.006732817793354196,54.19384620685941,0.15300799999999998,-0.06774871999999998,-0.326356,-0.44635284,-0.16952399999999998,0.14534056000000006,0.002705691773662311,1
2014-05-16,16491.310547,-0.323052,-0.37319335,0.002705691773662311,16592.6003906,16554.7421874,-0.005549503167981862,0.006829571394699065,52.183565379210684,-0.149704,0.14090820999999998,-0.173348,-0.51410156,0.15300799999999998,-0.06774871999999998,0.0012460397214300034,1
2014-05-19,16511.859375,-0.12812,-0.34027204,0.0012460397214300034,16555.878125,16552.8730468,-0.010997673037574596,0.005573504181725797,48.706419414028844,0.194932,0.03292130999999998,-0.323052,-0.37319335,-0.149704,0.14090820999999998,-0.008330364368791754,0
2014-05-20,16374.30957,-0.070792,-0.58939874,-0.008330364368791754,16487.6521484,16550.2020507,-0.020408071469444677,0.005749226170735019,39.681618072339845,0.05732800000000002,-0.24912670000000003,-0.12812,-0.34027204,0.194932,0.03292130999999998,0.00969512493466329,1
2014-05-21,16533.060547,-0.220432,-0.6411914,0.00969512493466329,16471.4701172,16551.6541992,-0.004870007143168209,0.008200504952212365,48.865624479921436,-0.14964,-0.051792659999999935,-0.070792,-0.58939874,0.05732800000000002,-0.24912670000000003,0.0006060300191554902,1
2014-05-22,16543.080078,-0.2293639999999999,-0.3430018,0.0006060300191554902,16490.7240234,16550.8651367,0.005853386024292639,0.006434590503739097,51.370243104548706,-0.008931999999999912,0.29818959999999994,-0.220432,-0.6411914,-0.14964,-0.051792659999999935,0.003819690934340425,1
2014-05-23,16606.269531,-0.2262439999999999,-0.6074846,0.003819690934340425,16513.7158202,16553.1581054,0.006970882251739141,0.006519160566869739,53.30033115647592,0.0031200000000000117,-0.2644828,-0.2293639999999999,-0.3430018,-0.008931999999999912,0.29818959999999994,0.0041689356463088245,1
2014-05-27,16675.5,-0.159192,-0.49318358,0.0041689356463088245,16546.4439452,16551.161035099998,0.009910490471337408,0.006631171759211297,62.627479740674566,0.06705199999999989,0.11430102000000003,-0.2262439999999999,-0.6074846,0.0031200000000000117,-0.2644828,-0.002537873646967115,0
2014-05-28,16633.179688,-0.2080719999999999,-0.74822265,-0.002537873646967115,16598.2179688,16542.9350586,0.015809528755599267,0.0045593054670780555,55.66608558831372,-0.048879999999999896,-0.25503907,-0.159192,-0.49318358,0.06705199999999989,0.11430102000000003,0.003941552200467102,1
2014-05-29,16698.740234,-0.2127639999999999,-0.42736328,0.003941552200467102,16631.353906199998,16551.4120117,0.01002111415058371,0.0029291906250058872,57.0718853768565,-0.004692000000000002,0.32085937,-0.2080719999999999,-0.74822265,-0.048879999999999896,-0.25503907,0.0011036573862306387,1
2014-05-30,16717.169922,-0.242944,-0.75624025,0.0011036573862306387,16666.171875,16578.4479492,0.010523423883531668,0.002878007706481663,56.49138662809722,-0.030180000000000096,-0.32887696999999994,-0.2127639999999999,-0.42736328,-0.004692000000000002,0.32085937,0.0015828598455038811,1
2014-06-02,16743.630859,-0.180504,-0.84939456,0.0015828598455038811,16693.6441406,16603.679980399997,0.008271654735193756,0.0027128175084236653,52.54772988786918,0.062439999999999996,-0.09315431000000007,-0.242944,-0.75624025,-0.030180000000000096,-0.32887696999999994,-0.0012715888912803175,0
2014-06-03,16722.339844,-0.094088,-0.69575197,-0.0012715888912803175,16703.0121094,16624.7280273,0.002808901921981244,0.002536147208738843,50.36452897025286,0.08641599999999999,0.15364259000000002,-0.180504,-0.84939456,0.062439999999999996,-0.09315431000000007,0.0009083329929724382,1
2014-06-04,16737.529297,-0.0630199999999999,-0.36003906,0.0009083329929724382,16723.8820312,16661.05,0.006273581537466599,0.0018608981754360547,57.1819591921737,0.03106800000000011,0.33571291,-0.094088,-0.69575197,0.08641599999999999,0.15364259000000002,0.005889762834809131,1
2014-06-05,16836.109375,-0.173272,-0.58524495,0.005889762834809131,16751.3558594,16691.3548828,0.0082263176188766,0.0026155336503256572,74.58870992285263,-0.11025200000000011,-0.22520588999999996,-0.0630199999999999,-0.36003906,0.03106800000000011,0.33571291,0.005236953504883068,1
2014-06-06,16924.279297,-0.1111479999999999,-0.6758203,0.005236953504883068,16792.7777344,16729.4748047,0.012389021345499573,0.0030239095457035643,75.91723978488753,0.06212400000000011,-0.09057535000000005,-0.173272,-0.58524495,-0.11025200000000011,-0.22520588999999996,0.001112030336401837,1
2014-06-09,16943.099609,-0.227432,-0.608397,0.001112030336401837,16832.6714844,16763.1578125,0.01191311201732459,0.0030654588002282214,75.8673005944179,-0.1162840000000001,0.06742330000000007,-0.1111479999999999,-0.6758203,0.06212400000000011,-0.09057535000000005,0.00016645791296077128,1
2014-06-10,16945.919922,-0.114108,-0.6257129,0.00016645791296077128,16877.3875,16790.1998047,0.013370143178869975,0.0026811527467207443,90.89749246903747,0.113324,-0.01731590000000005,-0.227432,-0.608397,-0.1162840000000001,0.06742330000000007,-0.006021453156256684,0
2014-06-11,16843.880859,-0.082896,-0.7309322,-0.006021453156256684,16898.6578124,16811.269921799998,0.006354077720363449,0.004782435300407212,74.20262438599335,0.031212000000000004,-0.10521930000000002,-0.114108,-0.6257129,0.113324,-0.01731590000000005,-0.006512240671744718,0
2014-06-12,16734.189453,-0.277884,-0.63113284,-0.006512240671744718,16878.273828,16814.814843699998,-0.006053650503800023,0.005002831867883649,62.881584451581745,-0.19498800000000002,0.09979936,-0.082896,-0.7309322,0.031212000000000004,-0.10521930000000002,0.00248298736647512,1
2014-06-13,16775.740234,-0.1689679999999999,-0.5777655,0.00248298736647512,16848.5660154,16820.6718749,-0.008776684690279812,0.004204353701084942,61.76627732255608,0.10891600000000012,0.053367339999999985,-0.277884,-0.63113284,-0.19498800000000002,0.09979936,0.00031411621344257235,1
2014-06-16,16781.009766,-0.0240599999999999,-0.32480264,0.00031411621344257235,16816.1480468,16824.4097656,-0.00956671723241842,0.004081705942121082,58.03953321941411,0.14490799999999998,0.25296286000000007,-0.1689679999999999,-0.5777655,0.10891600000000012,0.053367339999999985,0.001637593230872092,1
2014-06-17,16808.490234,-0.101988,-0.5147656,0.001637593230872092,16788.6621092,16833.0248046,-0.008109898349134892,0.004315496292148495,63.66723204700474,-0.0779280000000001,-0.18996296000000007,-0.0240599999999999,-0.32480264,0.14490799999999998,0.25296286000000007,0.0058380559844395385,1
2014-06-18,16906.619141,-0.205472,-0.26335648,0.0058380559844395385,16801.2097656,16849.933789,0.003724692814273567,0.004544488222160771,65.4230716282949,-0.10348399999999999,0.25140912000000004,-0.101988,-0.5147656,-0.0779280000000001,-0.18996296000000007,0.0008778690095412323,1
2014-06-19,16921.460938,-0.15638,-0.57448316,0.0008778690095412323,16838.6640626,16858.4689453,0.011190950450631343,0.002175539312227466,65.23800231497712,0.049092,-0.31112668,-0.205472,-0.26335648,-0.10348399999999999,0.25140912000000004,0.0015140028449001086,1
2014-06-20,16947.080078,-0.137172,-0.67455107,0.0015140028449001086,16872.9320314,16860.7490234,0.010213548946873763,0.002190490203229211,65.19429374610432,0.019208000000000003,-0.10006791000000004,-0.15638,-0.57448316,0.049092,-0.31112668,-0.0005794692628346976,0
2014-06-23,16937.259766,-0.3047959999999999,-0.6957521,-0.0005794692628346976,16904.1820314,16860.1650391,0.009311120259078765,0.002393202416873009,66.3307678568136,-0.1676239999999999,-0.021201029999999954,-0.137172,-0.67455107,0.019208000000000003,-0.10006791000000004,-0.007033540764317614,0
2014-06-24,16818.130859,-0.244372,-0.643213,-0.007033540764317614,16906.110156400002,16847.3861328,0.000573556867142111,0.004660367986606336,55.289087535875744,0.060423999999999894,0.05253909999999995,-0.3047959999999999,-0.6957521,-0.1676239999999999,-0.021201029999999954,0.002936052015172219,1
2014-06-25,16867.509766,-0.210988,-0.42293194,0.002936052015172219,16898.288281399997,16849.7490235,-0.002313258178576749,0.0038873325239969472,52.202733126489676,0.033384,0.22028106000000003,-0.244372,-0.643213,0.060423999999999894,0.05253909999999995,-0.0012674607749800781,0
2014-06-26,16846.130859,-0.14818,-0.46157745,-0.0012674607749800781,16883.2222656,16860.9431641,-0.004451747947532891,0.0038209889456867437,43.95106669184514,0.062808,-0.038645509999999994,-0.210988,-0.42293194,0.033384,0.22028106000000003,0.00033888998297482154,1
2014-06-27,16851.839844,-0.267208,-0.20533203,0.00033888998297482154,16864.1742188,16868.5531251,-0.005619860976737723,0.003669597878102802,42.7898637674984,-0.119028,0.25624542,-0.14818,-0.46157745,0.062808,-0.038645509999999994,-0.0014977732540570887,0
2014-06-30,16826.599609,-0.326996,-0.437876,-0.0014977732540570887,16842.0421874,16873.1121094,-0.006533533672438474,0.0036586762021392793,40.89543431141978,-0.05978800000000001,-0.23254397,-0.267208,-0.20533203,-0.119028,0.25624542,0.0076944068325455195,1
2014-07-01,16956.070312,-0.206,-0.6859082,0.0076944068325455195,16869.630078000002,16887.870117199996,0.00820183016510323,0.003818619710118567,58.216491589849284,0.12099600000000002,-0.24803219999999998,-0.326996,-0.437876,-0.05978800000000001,-0.23254397,0.0011895398891881293,1
2014-07-02,16976.240234,-0.35156,-0.72945315,0.0011895398891881293,16891.3761716,16894.832226500002,0.006446148216802561,0.0037497800984383632,70.40255229382385,-0.14556,-0.04354495000000003,-0.206,-0.6859082,0.12099600000000002,-0.24803219999999998,0.005420489503659365,1
2014-07-03,17068.259766,-0.089196,-0.3938086,0.005420489503659365,16935.801953,16909.512109299998,0.013185752197889755,0.003801238836162354,72.72327272376697,0.262364,0.33564455,-0.35156,-0.72945315,-0.14556,-0.04354495000000003,-0.0025807451142584314,0
2014-07-07,17024.210938,-0.148756,-0.7464453,-0.0025807451142584314,16970.2761718,16917.2251953,0.010228621657674575,0.004415605818383876,67.81861832959945,-0.05956,-0.35263669999999997,-0.089196,-0.3938086,0.262364,0.33564455,-0.0069073273015857195,0
2014-07-08,16906.619141,-0.171828,-0.5192719,-0.0069073273015857195,16986.2800782,16914.1611328,0.0047555378899726275,0.005910426207956532,56.35100015723448,-0.02307200000000001,0.22717339999999997,-0.148756,-0.7464453,-0.05956,-0.35263669999999997,0.004672148425491018,1
2014-07-09,16985.609375,-0.29472,-0.6596502,0.004672148425491018,16992.1878908,16930.9089844,0.0017420936842362789,0.0051563876763202,55.2421936322792,-0.12289199999999997,-0.14037829999999996,-0.171828,-0.5192719,-0.02307200000000001,0.22717339999999997,-0.004152872083813652,0
2014-07-10,16915.070312,-0.1044679999999999,-0.5644727,-0.004152872083813652,16979.953906400002,16935.665039,-0.003603266751461831,0.005484303597676898,49.60508078234821,0.1902520000000001,0.09517749999999991,-0.29472,-0.6596502,-0.12289199999999997,-0.14037829999999996,0.0016990904838043441,1
2014-07-11,16943.810547,-0.22808,-0.43045837,0.0016990904838043441,16955.064062600002,16945.4330078,-0.00729126581773154,0.004630440525705736,49.79873035844701,-0.12361200000000011,0.13401433000000007,-0.1044679999999999,-0.5644727,0.1902520000000001,0.09517749999999991,0.006587029209893958,1
2014-07-14,17055.419922,-0.179272,-0.3047705,0.006587029209893958,16961.3058594,16965.7910156,0.0018332117778414592,0.005751995679894297,56.463792965991345,0.04880800000000002,0.12568786999999998,-0.22808,-0.43045837,-0.12361200000000011,0.13401433000000007,0.00030839264140403166,1
2014-07-15,17060.679688,-0.168256,-0.56970114,0.00030839264140403166,16992.1179688,16989.1990235,0.009112439673192307,0.004148314626169582,65.15652648199034,0.011015999999999998,-0.26493064000000005,-0.179272,-0.3047705,0.04880800000000002,0.12568786999999998,0.004543753966292696,1
2014-07-16,17138.199219,-0.251984,-0.52304685,0.004543753966292696,17022.6359376,17007.4119142,0.008983477756446367,0.004126607356748486,66.34031537805672,-0.083728,0.0466542900000001,-0.168256,-0.56970114,0.011015999999999998,-0.26493064000000005,-0.009416897886277087,0
2014-07-17,16976.810547,-0.137612,-0.7319336,-0.009416897886277087,17034.983984600003,17007.4689455,0.003650013500458238,0.006183140739866665,56.747914351945354,0.11437199999999997,-0.20888675,-0.251984,-0.52304685,-0.083728,0.0466542900000001,0.007266920995463444,1
2014-07-18,17100.179688,-0.288556,-0.6720774,0.007266920995463444,17066.257812800002,17010.660937700002,0.009228687995905593,0.006862179376009286,61.434146850417825,-0.15094399999999997,0.059856199999999915,-0.137612,-0.7319336,0.11437199999999997,-0.20888675,-0.00283325788874611,0
2014-07-21,17051.730469,-0.434116,-0.46783325,-0.00283325788874611,17065.5199222,17013.412890800002,-0.00021632144015659716,0.006524010003915179,60.148654770633186,-0.14556000000000002,0.20424415000000007,-0.288556,-0.6720774,-0.15094399999999997,0.059856199999999915,0.0036247695277831227,1
2014-07-22,17113.539062,-0.1492119999999999,-0.6056996,0.0036247695277831227,17076.091797,17034.1048829,0.0030983158330544214,0.00673180693082864,57.55968118748528,0.2849040000000001,-0.13786635000000003,-0.434116,-0.46783325,-0.14556000000000002,0.20424415000000007,-0.001572334214595461,0
2014-07-23,17086.630859,-0.440748,-0.6392871,-0.001572334214595461,17065.778125,17044.2070313,-0.003008971907785263,0.00639153206845871,55.26551145138084,-0.2915360000000001,-0.03358749999999999,-0.1492119999999999,-0.6056996,0.2849040000000001,-0.13786635000000003,-0.00016563113134193674,0
2014-07-24,17083.800781,-0.392776,-0.58021486,-0.00016563113134193674,17087.176171799998,17061.0800782,0.006302139833851639,0.004137766678804588,50.81022734375512,0.04797199999999996,0.05907224,-0.440748,-0.6392871,-0.2915360000000001,-0.03358749999999999,-0.00721329349245603,0
2014-07-25,16960.570312,-0.231876,-0.4588916,-0.00721329349245603,17059.254296599996,17062.7560547,-0.008164205204110875,0.003949091068986053,46.93515127840459,0.16090000000000002,0.12132325999999999,-0.392776,-0.58021486,0.04797199999999996,0.05907224,0.0012982778052232913,1
2014-07-28,16982.589844,-0.106912,-0.32809418,0.0012982778052232913,17045.426171599996,17055.4730469,-0.0040547570890647755,0.004065416748779559,54.029582928680966,0.124964,0.13079742,-0.231876,-0.4588916,0.16090000000000002,0.12132325999999999,-0.004150160231591538,0
2014-07-29,16912.109375,-0.0886,-0.34445313,-0.004150160231591538,17005.1402342,17040.6160156,-0.011770194713685345,0.0033755665460264163,46.06595218035237,0.018311999999999995,-0.016358949999999983,-0.106912,-0.32809418,0.124964,0.13079742,-0.0018773530430765684,0
2014-07-30,16880.359375,-0.186572,-0.66908145,-0.0018773530430765684,16963.8859374,17014.8320312,-0.012072098104194295,0.0033604812961477975,48.06162829886782,-0.09797199999999999,-0.32462831999999997,-0.0886,-0.34445313,0.018311999999999995,-0.016358949999999983,-0.018782692178317295,0
2014-07-31,16563.300781,-0.33252,-0.49376708,-0.018782692178317295,16859.7859374,16973.4810546,-0.030467459008236664,0.007720866131892957,33.92685361931119,-0.145948,0.17531436999999994,-0.186572,-0.66908145,-0.09797199999999999,-0.32462831999999997,-0.004222083564419887,0
2014-08-01,16493.369141,-0.328216,-0.4034082,-0.004222083564419887,16766.3457032,16912.7999999,-0.0275463125593981,0.00773327629731825,25.391906386884003,0.0043039999999999745,0.09035888000000003,-0.33252,-0.49376708,-0.145948,0.17531436999999994,0.004602465108920706,1
2014-08-04,16569.279297,-0.2477239999999999,-0.5542935,0.004602465108920706,16683.6835938,16864.5548827,-0.024337309609230307,0.008561297000535732,29.738644714504304,0.08049200000000012,-0.1508853,-0.328216,-0.4034082,0.0043039999999999745,0.09035888000000003,-0.008437819864942186,0
2014-08-05,16429.470703,-0.193416,-0.4674707,-0.008437819864942186,16587.1558594,16796.1480468,-0.028538052900334954,0.008683039307979307,22.205490132518577,0.054307999999999884,0.08682279999999998,-0.2477239999999999,-0.5542935,0.08049200000000012,-0.1508853,0.0008441623744741555,1
2014-08-06,16443.339844,-0.37146,-0.5244399,0.0008441623744741555,16499.7519532,16731.8189453,-0.025889231460749174,0.00906296781707207,26.3411642863191,-0.178044,-0.05696919999999994,-0.193416,-0.4674707,0.054307999999999884,0.08682279999999998,-0.0045653932663436425,0
2014-08-07,16368.269531,-0.256156,-0.5543066,-0.0045653932663436425,16460.745703200002,16660.2658203,-0.011774902392868714,0.005099350323454096,16.087795374875256,0.11530400000000002,-0.029866700000000024,-0.37146,-0.5244399,-0.178044,-0.05696919999999994,0.011342686937576119,1
2014-08-08,16553.929688,-0.211264,-0.83918947,0.011342686937576119,16472.8578126,16619.6017579,0.003671811773705791,0.007741520349899262,29.53687114559567,0.04489199999999999,-0.28488287,-0.256156,-0.5543066,0.11530400000000002,-0.029866700000000024,0.0009696054835628409,1
2014-08-11,16569.980469,-0.334836,-0.5856543,0.0009696054835628409,16472.998047,16578.3408204,4.231759193795703e-05,0.007455605525712754,26.78247267471781,-0.12357200000000002,0.25353517000000003,-0.211264,-0.83918947,0.04489199999999999,-0.28488287,-0.0005697898689538405,0
2014-08-12,16560.539062,-0.169188,-0.8295215,-0.0005697898689538405,16499.2117188,16543.1837891,0.007977637342636346,0.005886607856684618,27.18816115770167,0.16564800000000002,-0.24386720000000006,-0.334836,-0.5856543,-0.12357200000000002,0.25353517000000003,0.005510793981906792,1
2014-08-13,16651.800781,-0.089712,-0.5038503,0.005510793981906792,16540.9039062,16520.3279297,0.012677530171953943,0.006101975712288512,32.602293688470084,0.079476,0.32567120000000005,-0.169188,-0.8295215,0.16564800000000002,-0.24386720000000006,0.003710067025933128,1
2014-08-14,16713.580078,-0.128536,-0.84404504,0.003710067025933128,16609.9660156,16535.3558594,0.021096338030480943,0.00464118162622317,39.53512625034756,-0.03882400000000001,-0.34019474000000005,-0.089712,-0.5038503,0.079476,0.32567120000000005,-0.003031661784221429,0
2014-08-15,16662.910156,-0.224984,-0.6413037,-0.003031661784221429,16631.762109199997,16552.3099609,0.006583359362641428,0.0033877054477439387,36.7763493884499,-0.09644799999999998,0.20274134,-0.128536,-0.84404504,-0.03882400000000001,-0.34019474000000005,0.010552183043289531,1
2014-08-18,16838.740234,-0.11546,-0.58073676,0.010552183043289531,16685.5140622,16579.2560546,0.01621967904565813,0.005307861343295203,47.2083707905402,0.109524,0.06056694000000007,-0.224984,-0.6413037,-0.09644799999999998,0.20274134,0.004801404907758489,1
2014-08-19,16919.589844,-0.2702239999999999,-0.47968352,0.004801404907758489,16757.3242186,16628.267968699998,0.021681104742772517,0.00487104046992513,51.43892004970809,-0.1547639999999999,0.10105323999999999,-0.11546,-0.58073676,0.109524,0.06056694000000007,0.003519057822853666,1
2014-08-20,16979.130859,-0.164024,-0.6223926,0.003519057822853666,16822.7902342,16681.847070199998,0.019657338104446254,0.004829406676180133,68.80437370937868,0.1061999999999999,-0.14270908,-0.2702239999999999,-0.47968352,-0.1547639999999999,0.10105323999999999,0.0035549154724845433,1
2014-08-21,17039.490234,-0.345444,-0.54683596,0.0035549154724845433,16887.9722654,16748.969140499998,0.019499721452796104,0.004831512134649699,74.91197487707285,-0.18141999999999997,0.07555663999999995,-0.164024,-0.6223926,0.1061999999999999,-0.14270908,-0.0022459316842495802,0
2014-08-22,17001.220703,-0.319316,-0.57650393,-0.0022459316842495802,16955.6343748,16793.698242000002,0.02030320897326443,0.004555431450974101,70.40422039570024,0.026127999999999985,-0.029667969999999988,-0.345444,-0.54683596,-0.18141999999999997,0.07555663999999995,0.004449588610225597,1
2014-08-25,17076.869141,-0.199316,-0.53833014,0.004449588610225597,17003.260156199998,16844.387109199997,0.014141729350939158,0.0028841759205528363,82.55546251284086,0.12,0.038173789999999985,-0.319316,-0.57650393,0.026127999999999985,-0.029667969999999988,0.0017468118865173743,1
2014-08-26,17106.699219,-0.186912,-0.41807616,0.0017468118865173743,17040.682031199998,16899.0031249,0.01105874177359878,0.002674318928099496,82.83106551554701,0.012403999999999998,0.12025398000000004,-0.199316,-0.53833014,0.12,0.038173789999999985,0.0008950029929208903,1
2014-08-27,17122.009766,-0.300152,-0.7333791,0.0008950029929208903,17069.257812599997,16946.0240234,0.00841497177838546,0.002608618062670537,89.64958888485421,-0.11323999999999998,-0.31530294,-0.186912,-0.41807616,0.012403999999999998,0.12025398000000004,-0.002478649094353025,0
2014-08-28,17079.570312,-0.354196,-0.48888,-0.002478649094353025,17077.2738282,16982.6230468,0.0023521876212015957,0.0029033929048015916,82.55622638936275,-0.054044000000000036,0.24449909999999997,-0.300152,-0.7333791,-0.11323999999999998,-0.31530294,0.0011053502316000774,1
2014-08-29,17098.449219,-0.284708,-0.5407228,0.0011053502316000774,17096.7195314,17026.1769531,0.005718913817926108,0.002473730850711639,82.61712333862181,0.069488,-0.05184279999999997,-0.354196,-0.48888,-0.054044000000000036,0.24449909999999997,-0.001806518919018285,0
2014-09-02,17067.560547,-0.260164,-0.3894591,-0.001806518919018285,17094.8578126,17049.0589844,-0.0005450995684945781,0.001898914411700017,80.48628672911735,0.02454400000000001,0.15126369999999995,-0.284708,-0.5407228,0.069488,-0.05184279999999997,0.0006280188648215557,1
2014-09-03,17078.279297,-0.188664,-0.48128167,0.0006280188648215557,17089.1738282,17064.9279297,-0.0016613328869681254,0.0016789471833078555,78.39352536209643,0.07150000000000001,-0.09182256999999999,-0.260164,-0.3894591,0.02454400000000001,0.15126369999999995,-0.0005093732716696664,0
2014-09-04,17069.580078,-0.194072,-0.5136719,-0.0005093732716696664,17078.6878906,17073.9728516,-0.003062122304363646,0.0015336822408018572,75.5038589659755,-0.005407999999999996,-0.032390229999999964,-0.188664,-0.48128167,0.07150000000000001,-0.09182256999999999,0.0039707653433933565,1
2014-09-05,17137.359375,-0.178952,-0.74873143,0.0039707653433933565,17090.245703200002,17083.7597657,0.003383519722354844,0.0021569723496304987,83.17627319211834,0.015119999999999995,-0.23505953000000002,-0.194072,-0.5136719,-0.005407999999999996,-0.032390229999999964,-0.0015136201810553862,0
2014-09-08,17111.419922,-0.240548,-0.93036133,-0.0015136201810553862,17092.8398438,17094.7796876,0.0007585894389527947,0.002337576044878439,74.12444095206858,-0.06159600000000001,-0.1816299,-0.178952,-0.74873143,0.015119999999999995,-0.23505953000000002,-0.005700916782165,0
2014-09-09,17013.869141,-0.216648,-0.6135742,-0.005700916782165,17082.1015626,17088.4796876,-0.0031458160556775416,0.0035092400142308195,58.10163505465246,0.023900000000000005,0.31678713000000003,-0.240548,-0.93036133,-0.06159600000000001,-0.1816299,0.0032233583405107957,1
2014-09-10,17068.710938,-0.0285439999999999,-0.52425855,0.0032233583405107957,17080.1878908,17084.6808595,-0.000560264815535727,0.003909982128644675,57.76049655657153,0.1881040000000001,0.08931564999999997,-0.216648,-0.6135742,0.023900000000000005,0.31678713000000003,-0.0011547994498001257,0
2014-09-11,17049.0,-0.1354159999999999,-0.59550864,-0.0011547994498001257,17076.071875200003,17077.3798829,-0.001205658130191689,0.003937189714467538,50.88626860147888,-0.106872,-0.07125009000000004,-0.0285439999999999,-0.52425855,0.1881040000000001,0.08931564999999997,-0.0036066768725439013,0
2014-09-12,16987.509766,-0.132072,-0.2582129,-0.0036066768725439013,17046.1019534,17068.1738283,-0.008744031429871346,0.0033242075490177497,48.775211160470846,0.0033439999999999026,0.33729574,-0.1354159999999999,-0.59550864,-0.106872,-0.07125009000000004,0.002568408177596959,1
2014-09-15,17031.140625,-0.11348,-0.8062305,0.002568408177596959,17030.046094,17061.442968900003,-0.004691562556815465,0.0038557081387713254,45.667260060642676,0.018591999999999997,-0.5480175999999999,-0.132072,-0.2582129,0.0033439999999999026,0.33729574,0.005920336178305785,1
2014-09-16,17131.970703,-0.1003,-0.82287353,0.005920336178305785,17053.6664064,17067.8839845,0.006941487619379849,0.003765520497091769,52.110498137738055,0.013179999999999997,-0.016643030000000003,-0.11348,-0.8062305,0.018591999999999997,-0.5480175999999999,0.001452191719872875,1
2014-09-17,17156.849609,-0.200008,-0.6657423,0.001452191719872875,17071.2941406,17075.7410157,0.005163756731258351,0.0036308497967727344,52.86381231245768,-0.09970799999999999,0.15713122999999996,-0.1003,-0.82287353,0.013179999999999997,-0.016643030000000003,0.0063613441562575535,1
2014-09-18,17265.990234,-0.1941359999999999,-0.79484373,0.0063613441562575535,17114.6921874,17095.3820313,0.012727446419144917,0.004030977252081072,63.80932263627782,0.005872000000000099,-0.12910142999999996,-0.200008,-0.6657423,-0.09970799999999999,0.15713122999999996,0.0007963632443694912,1
2014-09-19,17279.740234,-0.076168,-0.5894422,0.0007963632443694912,17173.138281,17109.6201172,0.017202666666593647,0.0025682744190842145,63.532217722023134,0.11796799999999989,0.20540152999999994,-0.1941359999999999,-0.79484373,0.005872000000000099,-0.12910142999999996,-0.006195726587911676,0
2014-09-22,17172.679688,-0.1197999999999999,-0.36673656,-0.006195726587911676,17201.4460936,17115.7460938,0.008310603858923793,0.005068391165067325,57.04531594568022,-0.04363199999999991,0.22270564000000004,-0.076168,-0.5894422,0.11796799999999989,0.20540152999999994,-0.006802115285573396,0
2014-09-23,17055.869141,-0.133036,-0.75677735,-0.006802115285573396,17186.2257812,17119.9460938,-0.0044420786913133,0.0055680954255540515,48.685024836134374,-0.013236000000000081,-0.39004079,-0.1197999999999999,-0.36673656,-0.04363199999999991,0.22270564000000004,0.009040372245196604,1
2014-09-24,17210.060547,-0.049508,-0.5335631,0.009040372245196604,17196.8679688,17134.0810547,0.003101439903750558,0.007166531939745192,57.04088307687675,0.08352799999999999,0.22321425000000006,-0.133036,-0.75677735,-0.013236000000000081,-0.39004079,-0.015354958530117702,0
2014-09-25,16945.800781,-0.103792,-0.493916,-0.015354958530117702,17132.8300782,17123.7611328,-0.01854451720756134,0.00914089908789845,41.97886064039543,-0.05428399999999999,0.039647099999999935,-0.049508,-0.5335631,0.08352799999999999,0.22321425000000006,0.009875579924652156,1
2014-09-26,17113.150391,-0.073984,-0.58703125,0.009875579924652156,17099.5121096,17136.3251953,-0.009640760841544083,0.010975827304064186,50.0647874976598,0.029808,-0.09311524999999998,-0.103792,-0.493916,-0.05428399999999999,0.039647099999999935,-0.0024501443066877737,0
2014-09-29,17071.220703,-0.256188,-0.3247461,-0.0024501443066877737,17079.220312600002,17140.3332031,-0.005908162665544836,0.01073340624516395,52.240514190838944,-0.18220400000000003,0.26228515,-0.073984,-0.58703125,0.029808,-0.09311524999999998,-0.0016589506100769258,0
2014-09-30,17042.900391,-0.173,-0.48154113,-0.0016589506100769258,17076.626562600002,17131.4261719,-0.000760368755927221,0.010292295685242552,48.970340502854825,0.08318800000000004,-0.15679503,-0.256188,-0.3247461,-0.18220400000000003,0.26228515,-0.013975875439944607,0
2014-10-01,16804.710938,-0.141084,-0.48477295,-0.013975875439944607,16995.556640799998,17096.2123048,-0.02355306118145295,0.010323838196992468,41.70119086211218,0.031916,-0.0032318199999999964,-0.173,-0.48154113,0.08318800000000004,-0.15679503,-0.00021780541263116682,0
2014-10-02,16801.050781,-0.1284239999999999,-0.3730188,-0.00021780541263116682,16966.6066408,17049.718359500002,-0.008541939201970106,0.008477196037725909,43.40669280532466,0.012660000000000088,0.11175415,-0.141084,-0.48477295,0.031916,-0.0032318199999999964,0.012418191857139327,1
2014-10-03,17009.689453,-0.209588,-0.60647464,0.012418191857139327,16945.9144532,17022.7132814,-0.00604569793615628,0.009373015539271116,49.320739729990976,-0.0811640000000001,-0.23345583999999997,-0.1284239999999999,-0.3730188,0.012660000000000088,0.11175415,-0.0010452452438431958,0
2014-10-06,16991.910156,-0.160896,-0.5307227,-0.0010452452438431958,16930.052343800002,17004.636328200002,-0.004645862670269341,0.009346324972788634,45.31870364079541,0.048691999999999985,0.07575193999999996,-0.209588,-0.60647464,-0.0811640000000001,-0.23345583999999997,-0.016038192792808048,0
2014-10-07,16719.390625,-0.1658919999999999,-0.5398047,-0.016038192792808048,16865.3503906,16970.9884766,-0.01898208395155776,0.011584130981973624,37.4552912982126,-0.004995999999999889,-0.009082000000000034,-0.160896,-0.5307227,0.048691999999999985,0.07575193999999996,0.016437804712155835,1
2014-10-08,16994.220703,-0.213804,-0.51660156,0.016437804712155835,16903.2523436,16949.4044922,0.011277180886906324,0.012806971282270868,42.882965280988394,-0.04791200000000009,0.02320314000000001,-0.1658919999999999,-0.5398047,-0.004995999999999889,-0.009082000000000034,-0.01971085987725618,0
2014-10-09,16659.25,-0.1356,-0.568569,-0.01971085987725618,16874.8921874,16920.7494141,-0.008439994786538119,0.016268403040003755,36.09084247336124,0.078204,-0.051967439999999976,-0.213804,-0.51660156,-0.04791200000000009,0.02320314000000001,-0.006912099344208111,0
2014-10-10,16544.099609,-0.27684,-0.5747754,-0.006912099344208111,16781.7742186,16863.8443359,-0.027372036702168145,0.014283709917170987,35.960417487984586,-0.14123999999999998,-0.006206400000000056,-0.1356,-0.568569,0.078204,-0.051967439999999976,-0.01348089665022767,0
2014-10-13,16321.070312,-0.156092,-0.68452394,-0.01348089665022767,16647.6062498,16788.8292968,-0.03947995474558941,0.014406329712907104,34.33143391357122,0.12074799999999997,-0.10974854,-0.27684,-0.5747754,-0.14123999999999998,-0.006206400000000056,-0.00036026326016602717,0
2014-10-14,16315.19043,-0.2689399999999999,-0.41137695,-0.00036026326016602717,16566.7662108,16716.058300700002,-0.024175533909448266,0.013900612804764038,29.62969880343684,-0.11284799999999989,0.27314699000000003,-0.156092,-0.68452394,0.12074799999999997,-0.10974854,-0.010631208795520042,0
2014-10-15,16141.740234,-0.223408,-0.51072294,-0.010631208795520042,16396.270117,16649.7612303,-0.050162963274303585,0.007229031259589147,30.907498917316943,0.045531999999999906,-0.09934598999999994,-0.2689399999999999,-0.41137695,-0.11284799999999989,0.27314699000000003,-0.001517804130461431,0
2014-10-16,16117.240234,-0.00738,-0.4572583,-0.001517804130461431,16287.868163800002,16581.3801756,-0.03253506406350826,0.005666919541477293,24.63098693756642,0.216028,0.05346463999999995,-0.223408,-0.51072294,0.045531999999999906,-0.09934598999999994,0.016328473000286392,1
2014-10-17,16380.410156,-0.1834519999999999,-0.73062587,0.016328473000286392,16255.1302732,16518.4522459,-0.009894128835573168,0.011674117051405744,34.18537665433166,-0.1760719999999999,-0.27336757,-0.00738,-0.4572583,0.216028,0.05346463999999995,0.0011757804485101886,1
2014-10-20,16399.669922,-0.171376,-0.48815674,0.0011757804485101886,16270.850195200002,16459.2282225,0.004815836737264156,0.009727122519819616,35.21327857144709,0.012075999999999892,0.24246913000000003,-0.1834519999999999,-0.73062587,-0.1760719999999999,-0.27336757,0.013118594826801333,1
2014-10-21,16614.810547,-0.210824,-0.6090773,0.013118594826801333,16330.774218600001,16448.7702147,0.01836448788541656,0.011035950703738775,45.587772147820196,-0.03944800000000001,-0.12092056000000007,-0.171376,-0.48815674,0.012075999999999892,0.24246913000000003,-0.009238157399737323,0
2014-10-22,16461.320312,-0.0175239999999999,-0.6533808,-0.009238157399737323,16394.6902342,16395.4801756,0.019798365812309093,0.010592540584579231,42.62035797116305,0.1933000000000001,-0.04430349999999994,-0.210824,-0.6090773,-0.03944800000000001,-0.12092056000000007,0.013156908127358147,1
2014-10-23,16677.900391,-0.212632,-0.52916014,0.013156908127358147,16506.8222656,16397.3452147,0.034786362234476176,0.010722900630055755,42.81764126609576,-0.1951080000000001,0.12422065999999998,-0.0175239999999999,-0.6533808,0.1933000000000001,-0.04430349999999994,0.007645432698999199,1
2014-10-24,16805.410156,-0.253928,-0.2640283,0.007645432698999199,16591.8222656,16423.476269400002,0.02594562626652719,0.00944255530872906,46.14586680255369,-0.041296,0.26513184,-0.212632,-0.52916014,-0.1951080000000001,0.12422065999999998,0.0007455513958714022,1
2014-10-27,16817.939453,-0.198384,-0.7872168,0.0007455513958714022,16675.4761718,16473.1631835,0.02550475302182109,0.009489913225789319,52.28176137027922,0.05554399999999998,-0.5231885000000001,-0.253928,-0.2640283,-0.041296,0.26513184,0.011167274535912153,1
2014-10-28,17005.75,-0.128328,-0.73110354,0.011167274535912153,16753.6640624,16542.219140499998,0.023529576331557278,0.009109477187665655,50.2781534371556,0.07005600000000001,0.056113260000000054,-0.198384,-0.7872168,0.05554399999999998,-0.5231885000000001,-0.0018487542742895435,0
2014-10-29,16974.310547,0.134128,-0.69285643,-0.0018487542742895435,16856.2621094,16625.4761718,0.03116337118025947,0.006513285432733796,58.90535134228212,0.262456,0.03824711000000003,-0.128328,-0.73110354,0.07005600000000001,0.056113260000000054,0.013026118167672962,1
2014-10-30,17195.419922,-0.034112,-0.66581297,0.013026118167672962,16959.7660156,16733.2941406,0.031030256738988182,0.006478395964560414,67.36948251307388,-0.16824,0.02704346000000002,0.134128,-0.69285643,0.262456,0.03824711000000003,0.011346021782834725,1
2014-10-31,17390.519531,-0.1872799999999999,-0.8741153,0.011346021782834725,17076.787890600004,16834.3050781,0.034816726849781654,0.006890631151127531,78.9514703056284,-0.1531679999999999,-0.2083023300000001,-0.034112,-0.66581297,-0.16824,0.02704346000000002,-0.001396122580278325,0
2014-11-03,17366.240234,-0.0162239999999999,-0.5292192,-0.001396122580278325,17186.4480468,16930.9621093,0.032602137885696436,0.007414506116897255,78.17271740660763,0.17105599999999999,0.34489610000000004,-0.1872799999999999,-0.8741153,-0.1531679999999999,-0.2083023300000001,0.001013438128394606,1
2014-11-04,17383.839844,-0.153248,-0.5734961,0.001013438128394606,17262.0660156,17007.865039,0.022233059053555326,0.007189644326036776,86.3289510599826,-0.1370240000000001,-0.04427689999999995,-0.0162239999999999,-0.5292192,0.17105599999999999,0.34489610000000004,0.005792129581472016,1
2014-11-05,17484.529297,-0.165732,-0.5038869,0.005792129581472016,17364.1097656,17110.1859375,0.03005829006057481,0.0062759139379448175,88.284249256244,-0.012483999999999995,0.06960919999999993,-0.153248,-0.5734961,-0.1370240000000001,-0.04427689999999995,0.004000188098400637,1
2014-11-06,17554.470703,-0.233824,-0.4526123,0.004000188098400637,17435.9199218,17197.8429687,0.020880605569895128,0.0048759422761477595,86.86268086089346,-0.06809200000000001,0.051274600000000004,-0.165732,-0.5038869,-0.012483999999999995,0.06960919999999993,0.0011084916958890023,1
2014-11-07,17573.929688,-0.177156,-0.480869,0.0011084916958890023,17472.6019532,17274.6949219,0.010546559961768454,0.0028119854403695025,86.86432413342902,0.056667999999999996,-0.028256699999999968,-0.233824,-0.4526123,-0.06809200000000001,0.051274600000000004,0.002265318383923187,1
2014-11-10,17613.740234,-0.2221719999999999,-0.51792234,0.002265318383923187,17522.1019532,17354.275,0.014251789487251143,0.0020448551425932817,85.23940234657609,-0.04501599999999989,-0.037053340000000046,-0.177156,-0.480869,0.056667999999999996,-0.028256699999999968,6.586658963891878e-05,1
2014-11-11,17614.900391,-0.029316,-0.4879297,6.586658963891878e-05,17568.314062600002,17415.1900391,0.013291686363513744,0.0022857107563664715,95.59541693926136,0.1928559999999999,0.029992640000000015,-0.2221719999999999,-0.51792234,-0.04501599999999989,-0.037053340000000046,-0.00015334585720283567,0
2014-11-12,17612.199219,-0.278584,-0.4484961,-0.00015334585720283567,17593.848047,17478.9789063,0.007301879268886147,0.0017154524064728542,94.4422250311802,-0.249268,0.03943360000000001,-0.029316,-0.4879297,0.1928559999999999,0.029992640000000015,0.0023046436447422547,1
2014-11-13,17652.789062,-0.101848,-0.44034517,0.0023046436447422547,17613.5117188,17524.7158203,0.005600758955563334,0.0011670323296146868,93.94121696969687,0.176736,0.00815093,-0.278584,-0.4484961,-0.249268,0.03943360000000001,-0.0010224349215643969,0
2014-11-14,17634.740234,-0.253628,-0.5332129,-0.0010224349215643969,17625.673828,17549.1378906,0.0034602702457335877,0.0015101233416355486,92.1144960967051,-0.15178000000000003,-0.09286772999999998,-0.101848,-0.44034517,0.176736,0.00815093,0.0007377350517994152,1
2014-11-17,17647.75,-0.21892,-0.64208984,0.0007377350517994152,17632.4757812,17577.2888672,0.0019308656508030264,0.0012431791956328982,90.38053306077522,0.03470800000000002,-0.10887694000000003,-0.253628,-0.5332129,-0.15178000000000003,-0.09286772999999998,0.0022705620829850393,1
2014-11-18,17687.820312,-0.2382399999999999,-0.5414064,0.0022705620829850393,17647.059765399998,17607.686913999998,0.004139672628365121,0.0014711183717653518,94.39633274560019,-0.019319999999999893,0.10068344000000007,-0.21892,-0.64208984,0.03470800000000002,-0.10887694000000003,-0.00011815152817806762,0
2014-11-19,17685.730469,-0.180084,-0.8264261,-0.00011815152817806762,17661.7660154,17627.807031199998,0.0041750180704676065,0.001465325248058828,91.93922939819664,0.0581559999999999,-0.2850197000000001,-0.2382399999999999,-0.5414064,-0.019319999999999893,0.10068344000000007,0.0018811510815635035,1
2014-11-20,17719.0,-0.39874,-0.55099607,0.0018811510815635035,17675.008202999998,17644.2599609,0.003750735238916336,0.0013681168274714257,88.85331201621196,-0.218656,0.2754300300000001,-0.180084,-0.8264261,0.0581559999999999,-0.2850197000000001,0.005139147073762729,1
2014-11-21,17810.060547,-0.170032,-0.6843741,0.005139147073762729,17710.0722656,17667.8730468,0.009941757614437607,0.0020012401085769886,95.3340463643185,0.228708,-0.13337803000000004,-0.39874,-0.55099607,-0.218656,0.2754300300000001,0.0004401918780292391,1
2014-11-24,17817.900391,-0.138228,-0.44070098,0.0004401918780292391,17744.1023438,17688.2890625,0.009641477865450332,0.0020512905291331504,95.2391228775675,0.031804,0.24367311999999997,-0.170032,-0.6843741,0.228708,-0.13337803000000004,-0.0001661777165111733,0
2014-11-25,17814.939453,-0.239264,-0.5230497,-0.0001661777165111733,17769.526172,17708.2929687,0.007186817751295038,0.002229655186965105,93.24607602743704,-0.10103600000000001,-0.08234871999999993,-0.138228,-0.44070098,0.031804,0.24367311999999997,0.0007190901228599778,1
2014-11-26,17827.75,-0.215136,-0.58881104,0.0007190901228599778,17797.9300782,17729.848046799998,0.008030176149576462,0.002112173811092023,92.05838685621015,0.02412800000000001,-0.06576134,-0.239264,-0.5230497,-0.10103600000000001,-0.08234871999999993,2.7498366310885203e-05,1
2014-11-28,17828.240234,-0.24646,-0.046067465,2.7498366310885203e-05,17819.778125,17747.393164,0.00616514667870649,0.002211422619044666,91.56594972043362,-0.03132400000000002,0.5427435749999999,-0.215136,-0.58881104,0.02412800000000001,-0.06576134,-0.00288527932790017,0
2014-12-01,17776.800781,-0.207108,-0.45692384,-0.00288527932790017,17813.1261718,17761.5992187,-0.0018674706867070068,0.0014464321333718813,75.67550950859052,0.039352000000000026,-0.41085637500000005,-0.24646,-0.046067465,-0.03132400000000002,0.5427435749999999,0.005780005146360123,1
2014-12-02,17879.550781,0.000748,-0.35765305,0.005780005146360123,17825.456249799998,17784.7792968,0.0034600255163139693,0.0031568751648184024,81.57133207309684,0.20785599999999999,0.09927079000000005,-0.207108,-0.45692384,0.039352000000000026,-0.41085637500000005,0.0018495073173279142,1
2014-12-03,17912.619141,-0.27558,-0.5961926,0.0018495073173279142,17844.9921874,17807.2591797,0.005483021048581227,0.0031480945010568823,83.41726673490373,-0.276328,-0.23853955,0.000748,-0.35765305,0.20785599999999999,0.09927079000000005,-0.0006989224692073304,0
2014-12-04,17900.099609,-0.375052,-0.5038281,-0.0006989224692073304,17859.462109199998,17828.6960937,0.004058257996662595,0.003252908994394437,79.34198754147047,-0.099472,0.09236449999999996,-0.27558,-0.5961926,-0.276328,-0.23853955,0.0032787221457968307,1
2014-12-05,17958.789062,-0.191768,-0.65104,0.0032787221457968307,17885.5718748,17852.6749999,0.007322586317354496,0.0033787643380665815,85.06503107029454,0.183284,-0.14721189999999995,-0.375052,-0.5038281,-0.099472,0.09236449999999996,-0.005919585815780115,0
2014-12-08,17852.480469,-0.2458,-0.5911914,-0.005919585815780115,17900.7078124,17856.9169921,0.004257216409877529,0.004456141665686751,68.4319918238164,-0.054032,0.05984859999999992,-0.191768,-0.65104,0.183284,-0.14721189999999995,-0.00287249999175454,0
2014-12-09,17801.199219,-0.20464,-0.4654297,-0.00287249999175454,17885.0375,17855.2468749,-0.004382188510198226,0.0036791702013452055,60.00558457847261,0.04116,0.12576170000000003,-0.2458,-0.5911914,-0.054032,0.05984859999999992,-0.015057908442140167,0
2014-12-10,17533.150391,-0.364948,-0.57672536,-0.015057908442140167,17809.14375,17827.0679687,-0.021184436905233972,0.006906294867308024,40.836439831492946,-0.160308,-0.11129565999999996,-0.20464,-0.4654297,0.04116,0.12576170000000003,0.003603998801746222,1
2014-12-11,17596.339844,-0.10458,-0.6493361,0.003603998801746222,17748.391797,17803.9269531,-0.016969724841490508,0.007684310520394476,42.888912058867504,0.260368,-0.07261074000000001,-0.364948,-0.57672536,-0.160308,-0.11129565999999996,-0.017930420121294866,0
2014-12-12,17280.830078,-0.11782,-0.5973279,-0.017930420121294866,17612.8000002,17749.1859375,-0.03775081836862437,0.008846388967132513,25.654272458499022,-0.013239999999999988,0.05200819999999995,-0.10458,-0.6493361,0.260368,-0.07261074000000001,-0.005786193924057881,0
2014-12-15,17180.839844,-0.1696119999999999,-0.47447613,-0.005786193924057881,17478.471875199997,17689.5898438,-0.03762169778963054,0.008853055206608907,22.9843111498151,-0.05179199999999991,0.12285177000000003,-0.11782,-0.5973279,-0.013239999999999988,0.05200819999999995,-0.006517184492532357,0
2014-12-16,17068.869141,-0.355768,-0.61722225,-0.006517184492532357,17332.005859599998,17608.5216798,-0.041139367578019725,0.008508967489449702,21.039136316082022,-0.18615600000000007,-0.14274611999999998,-0.1696119999999999,-0.47447613,-0.05179199999999991,0.12285177000000003,0.016872822541489585,1
2014-12-17,17356.869141,-0.358564,-0.4205957,0.016872822541489585,17296.7496096,17552.9466798,-0.010054168593140456,0.01300091272417883,34.939098219621556,-0.0027960000000000207,0.19662654999999996,-0.355768,-0.61722225,-0.18615600000000007,-0.14274611999999998,0.024271730493425236,1
2014-12-18,17778.150391,-0.33042,-0.3969336,0.024271730493425236,17333.111719,17540.751758,0.010332293454879737,0.017659656200545288,48.73768499043144,0.028144000000000002,0.02366210000000002,-0.358564,-0.4205957,-0.0027960000000000207,0.19662654999999996,0.001499053018107821,1
2014-12-19,17804.800781,-0.210092,-0.51036507,0.001499053018107821,17437.905859600003,17525.3529299,0.030320922122083926,0.013855540884819117,50.71455629342159,0.12032799999999999,-0.11343146999999998,-0.33042,-0.3969336,0.028144000000000002,0.02366210000000002,0.0086852233789112,1
2014-12-22,17959.439453,-0.075976,-0.4435483,0.0086852233789112,17593.625781400002,17536.0488283,0.04531790157347326,0.012169082710186784,51.986147519227586,0.134116,0.06681676999999997,-0.210092,-0.51036507,0.12032799999999999,-0.11343146999999998,0.003604258872856425,1
2014-12-23,18024.169922,-0.251916,-0.50890625,0.003604258872856425,17784.6859376,17558.3458986,0.05596743247069225,0.009499357223477648,52.730328758706214,-0.17593999999999999,-0.06535795,-0.075976,-0.4435483,0.134116,0.06681676999999997,0.0003351619534293082,1
2014-12-24,18030.210938,-0.202652,-0.41415173,0.0003351619534293082,17919.354297,17608.0519533,0.03879396632710952,0.00981145259232323,53.194750459898046,0.049263999999999974,0.09475452000000001,-0.251916,-0.50890625,-0.17593999999999999,-0.06535795,0.0013033680016727445,1
2014-12-26,18053.710938,-0.2636799999999999,-0.28364745,0.0013033680016727445,17974.4664064,17653.789062699998,0.01549995589752129,0.003349745531638433,52.371694294283635,-0.061027999999999916,0.13050427999999997,-0.202652,-0.41415173,0.049263999999999974,0.09475452000000001,-0.0008574674233549073,0
2014-12-29,18038.230469,-0.276948,-0.2448281,-0.0008574674233549073,18021.152344,17729.5291018,0.013110491427070325,0.0037683653963460173,54.861769998364146,-0.013268000000000113,0.03881935000000003,-0.2636799999999999,-0.28364745,-0.061027999999999916,0.13050427999999997,-0.00305795832328426,0
2014-12-30,17983.070312,-0.230868,-0.583291,-0.00305795832328426,18025.8785158,17809.752148599997,0.0013157904544762733,0.0024766794627339903,54.75059840763358,0.04608000000000004,-0.3384629,-0.276948,-0.2448281,-0.013268000000000113,0.03881935000000003,-0.0088972570992637,0
2014-12-31,17823.070312,-0.238688,-0.7462921,-0.0088972570992637,17985.6585938,17885.1722657,-0.0111572189382515,0.004064674233468128,58.025942258681475,-0.007820000000000021,-0.1630011,-0.230868,-0.583291,0.04608000000000004,-0.3384629,0.00055657761689476,1
2015-01-02,17832.990234,-0.2263199999999999,-0.45000893,0.00055657761689476,17946.214453,17932.784375,-0.010938347015360894,0.004100719437387403,56.750357371003474,0.012368000000000101,0.29628317000000004,-0.238688,-0.7462921,-0.007820000000000021,-0.1630011,-0.01858016174809962,0
2015-01-05,17501.650391,-0.246456,-0.68380857,-0.01858016174809962,17835.8023436,17905.134375,-0.030578785098303918,0.007819921041672132,56.242435767732346,-0.020136000000000098,-0.23379963999999998,-0.2263199999999999,-0.45000893,0.012368000000000101,0.29628317000000004,-0.007428428925014718,0
2015-01-06,17371.640625,-0.176692,-0.7269238,-0.007428428925014718,17702.4843748,17861.8183594,-0.03695428136066792,0.007234740666187975,55.30378544622962,0.06976400000000002,-0.04311523000000006,-0.246456,-0.68380857,-0.020136000000000098,-0.23379963999999998,0.012254392696429806,1
2015-01-07,17584.519531,-0.224212,-0.5708921,0.012254392696429806,17622.774218600003,17824.3263672,-0.022162554785433275,0.011536987776124346,63.5723840051746,-0.04752000000000001,0.1560317,-0.176692,-0.7269238,0.06976400000000002,-0.04311523000000006,0.018388310776985328,1
2015-01-08,17907.869141,-0.454572,-0.5926645,0.018388310776985328,17639.7339844,17812.696289099997,0.004757812627990576,0.014862916989197067,64.23786980134221,-0.23035999999999998,-0.021772400000000025,-0.224212,-0.5708921,-0.04752000000000001,0.1560317,-0.009520954093284129,0
2015-01-09,17737.369141,-0.397596,-0.7900879,-0.009520954093284129,17620.6097658,17783.412109399997,-0.005362033609915384,0.015609103143284038,48.78929851303458,0.05697599999999997,-0.19742339999999992,-0.454572,-0.5926645,-0.23035999999999998,-0.021772400000000025,-0.005442142869816813,0
2015-01-12,17640.839844,-0.273492,-0.65460944,-0.005442142869816813,17648.4476564,17742.125,0.007952933002911333,0.012748831019317064,45.32629321133986,0.12410399999999999,0.13547845999999997,-0.397596,-0.7900879,0.05697599999999997,-0.19742339999999992,-0.0015396180816887872,0
2015-01-13,17613.679688,-0.264844,-0.61875975,-0.0015396180816887872,17696.855469000002,17699.6699219,0.013932999664503454,0.011947260865323578,39.371700243201445,0.008647999999999989,0.035849689999999934,-0.273492,-0.65460944,0.12410399999999999,0.13547845999999997,-0.010593461860619824,0
2015-01-14,17427.089844,-0.3708079999999999,-0.5922974,-0.010593461860619824,17665.369531599998,17644.071875100002,-0.008952743162670362,0.011809127091160089,32.9255337762895,-0.10596399999999989,0.02646235000000008,-0.264844,-0.61875975,0.008647999999999989,0.035849689999999934,-0.00610422663521315,0
2015-01-15,17320.710938,-0.056304,-0.6284184,-0.00610422663521315,17547.937890999998,17593.8359377,-0.03278772021265797,0.0035939382178123446,30.811845551820383,0.3145039999999999,-0.03612100000000007,-0.3708079999999999,-0.5922974,-0.10596399999999989,0.02646235000000008,0.011019142036558849,1
2015-01-16,17511.570312,-0.277456,-0.46564662,0.011019142036558849,17502.778125200002,17561.6939455,-0.012730119512372573,0.008228535324317943,36.55509398143124,-0.221152,0.16277178000000003,-0.056304,-0.6284184,0.3145039999999999,-0.03612100000000007,0.00020901363697189979,1
2015-01-20,17515.230469,-0.1528479999999999,-0.42245713,0.00020901363697189979,17477.656250199998,17563.0519533,-0.007120373866027818,0.008116233416543049,36.95328487394509,0.12460800000000008,0.04318949,-0.277456,-0.46564662,-0.221152,0.16277178000000003,0.0022294213067373114,1
2015-01-21,17554.279297,-0.251924,-0.7443164,0.0022294213067373114,17465.776171999998,17581.3158205,-0.003372401000369507,0.008273736304793557,39.216736050368475,-0.09907600000000008,-0.32185927,-0.1528479999999999,-0.42245713,0.12460800000000008,0.04318949,0.014794180245518707,1
2015-01-22,17813.980469,-0.390516,-0.21140888,0.014794180245518707,17543.154297,17604.261914299997,0.022200529661766888,0.008433004016720631,49.78232360836964,-0.138592,0.53290752,-0.251924,-0.7443164,-0.09907600000000008,-0.32185927,-0.00793651145211649,0
2015-01-23,17672.599609,-0.22444,-0.6459961,-0.00793651145211649,17613.5320312,17580.734961100003,0.02031606394561969,0.00902426781355126,46.38660032460975,0.16607599999999997,-0.43458721999999994,-0.390516,-0.21140888,-0.138592,0.53290752,0.00034514503440075117,1
2015-01-26,17678.699219,-0.20056,-0.56666017,0.00034514503440075117,17646.9578126,17574.867968900002,0.009543913196949028,0.00819143422652271,54.6735780286425,0.023880000000000012,0.07933592999999994,-0.22444,-0.6459961,0.16607599999999997,-0.43458721999999994,-0.016488106810863323,0
2015-01-27,17387.210938,-0.219204,-0.77841014,-0.016488106810863323,17621.3539064,17549.5050783,-0.007309040621907847,0.011713731566073188,50.378724548310764,-0.01864400000000002,-0.21174996999999995,-0.20056,-0.56666017,0.023880000000000012,0.07933592999999994,-0.011263554442304868,0
2015-01-28,17191.369141,-0.200896,-0.83490443,-0.011263554442304868,17548.7718752,17507.2740236,-0.020673600428701255,0.012209109376202149,40.3572862484164,0.01830800000000002,-0.05649429000000006,-0.219204,-0.77841014,-0.01864400000000002,-0.21174996999999995,0.013115911022016702,1
2015-01-29,17416.849609,-0.3365599999999999,-0.38746095,0.013115911022016702,17469.3457032,17506.2500001,-0.02229321294536546,0.011565583027225105,37.34954428610534,-0.13566399999999992,0.44744348,-0.200896,-0.83490443,0.01830800000000002,-0.05649429000000006,-0.01446302836936908,0
2015-01-30,17164.949219,-0.165036,-0.5690991,-0.01446302836936908,17367.8156252,17490.6738282,-0.02872528101307037,0.012396536541265065,35.84603867603957,0.17152399999999993,-0.18163814999999994,-0.3365599999999999,-0.38746095,-0.13566399999999992,0.44744348,0.011423852205921348,1
2015-02-02,17361.039062,-0.294836,-0.7549414,0.011423852205921348,17304.2835938,17475.620703200002,-0.017968525459078788,0.014559837147472504,43.406149291849346,-0.1298,-0.18584230000000002,-0.165036,-0.5690991,0.17152399999999993,-0.18163814999999994,0.01758888554478144,1
2015-02-03,17666.400391,-0.0914759999999999,-0.8126795,0.01758888554478144,17360.1214844,17490.7376954,0.01605717294139608,0.014951101218618205,51.098402506155395,0.2033600000000001,-0.057738100000000014,-0.294836,-0.7549414,-0.1298,-0.18584230000000002,0.0003746739490504414,1
2015-02-04,17673.019531,-0.378596,-0.47051665,0.0003746739490504414,17456.451562399998,17502.6117188,0.02801698841142941,0.012883791799922873,55.53918108906538,-0.2871200000000001,0.34216285,-0.0914759999999999,-0.8126795,0.2033600000000001,-0.057738100000000014,0.011987839861115734,1
2015-02-05,17884.880859,-0.060104,-0.6971074,0.011987839861115734,17550.0578124,17509.7017578,0.026872325392196528,0.01272838969808604,62.130638210943275,0.318492,-0.22659075000000006,-0.378596,-0.47051665,-0.2871200000000001,0.34216285,-0.0033878781456634366,0
2015-02-06,17824.289062,-0.152316,-0.77390623,-0.0033878781456634366,17681.925780999998,17524.8707031,0.03841198914064803,0.008754878490970456,57.12302830134958,-0.09221200000000002,-0.07679882999999998,-0.060104,-0.6971074,0.318492,-0.22659075000000006,-0.00533418885147563,0
2015-02-09,17729.210938,-0.2174279999999999,-0.41506907,-0.00533418885147563,17755.5601562,17529.921875,0.02120678806638132,0.010037578871081098,54.67912635118222,-0.06511199999999989,0.35883716000000004,-0.152316,-0.77390623,-0.09221200000000002,-0.07679882999999998,0.007871124580107303,1
2015-02-10,17868.759766,-0.186996,-0.38445985,0.007871124580107303,17796.0320312,17578.0767578,0.011454476889535936,0.007403231070023681,56.587239386713534,0.030431999999999904,0.030609219999999993,-0.2174279999999999,-0.41506907,-0.06511199999999989,0.35883716000000004,-0.0003704309133191197,0
2015-02-11,17862.140625,-0.246248,-0.56448245,-0.0003704309133191197,17833.85625,17645.1539062,0.010701119504126888,0.007459022296426179,51.128421687284394,-0.059252,-0.18002259999999998,-0.186996,-0.38445985,0.030431999999999904,0.030609219999999993,0.006171725792244009,1
2015-02-12,17972.380859,-0.1625519999999999,-0.53046876,0.006171725792244009,17851.35625,17700.7070312,0.004892400496812277,0.0058140371431013365,57.12807576982171,0.0836960000000001,0.034013689999999985,-0.246248,-0.56448245,-0.059252,-0.18002259999999998,0.002613384969330834,1
2015-02-13,18019.349609,-0.366456,-0.5732422,0.002613384969330834,17890.3683594,17786.1470702,0.010943524665780524,0.005279152285739584,57.94542301824553,-0.2039040000000001,-0.04277344000000005,-0.1625519999999999,-0.53046876,0.0836960000000001,0.034013689999999985,0.0015666752470298029,1
2015-02-17,18047.580078,-0.330776,-0.55924803,0.0015666752470298029,17954.0421874,17854.801171799998,0.017957321457415798,0.0033809786559252557,67.55897759469619,0.03567999999999999,0.013994170000000028,-0.366456,-0.5732422,-0.2039040000000001,-0.04277344000000005,-0.0009824291635426308,0
2015-02-18,18029.849609,-0.3681879999999999,-0.5170508,-0.0009824291635426308,17986.260155999997,17891.1460936,0.00901516641946909,0.002840805524853919,74.62757634607556,-0.03741199999999989,0.042197229999999974,-0.330776,-0.55924803,0.03567999999999999,0.013994170000000028,-0.0024448389174580587,0
2015-02-19,17985.769531,-0.0550799999999999,-0.42414367,-0.0024448389174580587,18010.9859372,17922.421093599998,0.006921281642300547,0.0033439148564965923,68.70315177409212,0.313108,0.09290713000000006,-0.3681879999999999,-0.5170508,-0.03741199999999989,0.042197229999999974,0.008599572108016318,1
2015-02-20,18140.439453,-0.222176,-0.50124556,0.008599572108016318,18044.597656,17947.976952999998,0.009350936602027238,0.004262802885839958,84.25923513831036,-0.1670960000000001,-0.07710189,-0.0550799999999999,-0.42414367,0.313108,0.09290713000000006,-0.0013009392115965746,0
2015-02-23,18116.839844,-0.0948359999999999,-0.62000006,-0.0013009392115965746,18064.095703,17977.2320312,0.005410308202872249,0.00444768206632522,80.20305524199912,0.12734000000000012,-0.11875449999999999,-0.222176,-0.50124556,-0.1670960000000001,-0.07710189,0.0050974457905021975,1
2015-02-24,18209.189453,-0.155344,-0.72010744,0.0050974457905021975,18096.417578,18025.229882699998,0.008954628504294737,0.0048084178405448305,76.14118658939978,-0.0605080000000001,-0.10010738000000008,-0.0948359999999999,-0.62000006,0.12734000000000012,-0.11875449999999999,0.0008446756534497002,1
2015-02-25,18224.570312,-0.156868,-0.6942229,0.0008446756534497002,18135.3617186,18060.810937299997,0.010799907221788363,0.0046100269301943145,76.3408564639101,-0.0015239999999999976,0.025884540000000067,-0.155344,-0.72010744,-0.0605080000000001,-0.10010738000000008,-0.0005569618282476041,0
2015-02-26,18214.419922,-0.2933,-0.47393554,-0.0005569618282476041,18181.0917968,18096.038867,0.012712850045470736,0.00419752908863931,69.4938558266599,-0.136432,0.22028736,-0.156868,-0.6942229,-0.0015239999999999976,0.025884540000000067,-0.004486593772953351,0
2015-02-27,18132.699219,-0.0829999999999999,-0.8520361,-0.004486593772953351,18179.54375,18112.070702999998,-0.0004266839301250158,0.0034927504446694924,67.7990442354993,0.2103000000000001,-0.37810056,-0.2933,-0.47393554,-0.136432,0.22028736,0.008599472043114842,1
2015-03-02,18288.630859,-0.20122,-0.7903418,0.008599472043114842,18213.901953,18138.998828,0.00948239408634488,0.005075567342483075,80.16649220604499,-0.11822000000000012,0.06169429999999998,-0.0829999999999999,-0.8520361,0.2103000000000001,-0.37810056,-0.0046620066125968584,0
2015-03-03,18203.369141,-0.04224,-0.5452542,-0.0046620066125968584,18212.7378906,18154.5777343,-0.0003196359736397092,0.005404275267957199,69.16579785964495,0.15898,0.24508759999999996,-0.20122,-0.7903418,-0.11822000000000012,0.06169429999999998,-0.005848848593648426,0
2015-03-04,18096.900391,-0.271212,-0.59722656,-0.005848848593648426,18187.2039064,18161.2828125,-0.007005373449926355,0.005930003171713993,62.06639701425759,-0.228972,-0.05197235999999994,-0.04224,-0.5452542,0.15898,0.24508759999999996,0.0021451359714232954,1
2015-03-05,18135.720703,-0.24252,-0.5225057,0.0021451359714232954,18171.464062599996,18176.2779297,-0.00432070959915376,0.006144266752691129,59.060711035534226,0.028691999999999995,0.07472086,-0.271212,-0.59722656,-0.228972,-0.05197235999999994,-0.015380773147540605,0
2015-03-06,17856.779297,-0.396744,-0.64258254,-0.015380773147540605,18116.2800782,18147.9119141,-0.015216704290273553,0.0090163407331928,42.82779681103803,-0.15422399999999997,-0.12007684000000007,-0.24252,-0.5225057,0.028691999999999995,0.07472086,0.007780877149741183,1
2015-03-09,17995.720703,-0.298356,-0.73959976,0.007780877149741183,18057.698046999998,18135.8,-0.016015969607471092,0.00875606934856434,47.915698507472065,0.09838799999999998,-0.09701722000000002,-0.396744,-0.64258254,-0.15422399999999997,-0.12007684000000007,-0.018492243544573572,0
2015-03-10,17662.939453,-0.125504,-0.2978285,-0.018492243544573572,17949.6121094,18081.175,-0.02968844304666518,0.011183977156089233,38.23325288414963,0.172852,0.44177126000000005,-0.298356,-0.73959976,0.09838799999999998,-0.09701722000000002,-0.0015596966786476374,0
2015-03-11,17635.390625,-0.168488,-0.2327883,-0.0015596966786476374,17857.3101562,18022.2570313,-0.0255021443467478,0.011357697980753187,38.642987895181655,-0.042983999999999994,0.06504019999999999,-0.125504,-0.2978285,0.172852,0.44177126000000005,0.014733446143895712,1
2015-03-12,17895.220703,-0.117788,-0.62748533,0.014733446143895712,17809.2101562,17990.3371094,-0.01326112173530647,0.014363177153008411,42.558876082641866,0.050699999999999995,-0.39469702999999995,-0.168488,-0.2327883,-0.042983999999999994,0.06504019999999999,-0.008153582368254142,0
2015-03-13,17749.310547,-0.0895079999999999,-0.5768454,-0.008153582368254142,17787.7164062,17951.9982422,-0.006018372530261051,0.013057710031644316,39.618034108951704,0.02828000000000011,0.05063993,-0.117788,-0.62748533,0.050699999999999995,-0.39469702999999995,0.0128517315867549,1
2015-03-16,17977.419922,-0.230096,-0.68238187,0.0128517315867549,17784.05625,17920.8771485,-0.0010169518243827724,0.014080492755767823,43.919353774613306,-0.1405880000000001,-0.10553647,-0.0895079999999999,-0.5768454,0.02828000000000011,0.05063993,-0.007138946776391708,0
2015-03-17,17849.080078,0.0151719999999999,-0.78747344,-0.007138946776391708,17821.284375,17885.4482422,0.010538485142595144,0.010943951628244176,40.69995926243394,0.2452679999999999,-0.10509157000000002,-0.230096,-0.68238187,-0.1405880000000001,-0.10553647,0.012723870026216444,1
2015-03-18,18076.189453,-0.0835239999999999,-0.6813684,0.012723870026216444,17909.4441406,17883.3771484,0.024995126979218796,0.011580355503114577,46.90858452820008,-0.09869599999999981,0.10610503999999998,0.0151719999999999,-0.78747344,0.2452679999999999,-0.10509157000000002,-0.006481463159291767,0
2015-03-19,17959.029297,0.0282399999999999,-0.60984665,-0.006481463159291767,17922.2058594,17865.7080078,0.0035656779572048602,0.010995774844817223,46.17661551091434,0.11176399999999981,0.07152174999999994,-0.0835239999999999,-0.6813684,-0.09869599999999981,0.10610503999999998,0.009389209807022514,1
2015-03-20,18127.650391,-0.235704,-0.5590918,0.009389209807022514,17997.8738282,17892.7951172,0.02131574874405162,0.010211248268931961,46.47566808935647,-0.2639439999999999,0.05075485000000002,0.0282399999999999,-0.60984665,0.11176399999999981,0.07152174999999994,-0.000640531384352161,0
2015-03-23,18116.039062,-0.151448,-0.5048438,-0.000640531384352161,18025.5976562,17904.8269531,0.0077107360567554295,0.009098174536878133,48.02437920998206,0.084256,0.054248000000000074,-0.235704,-0.5590918,-0.2639439999999999,0.05075485000000002,-0.005790362707929542,0
2015-03-24,18011.140625,-0.024916,-0.38914245,-0.005790362707929542,18058.0097656,17939.6470703,0.009079490163739656,0.008790213527957816,48.058524152518515,0.126532,0.11570134999999998,-0.151448,-0.5048438,0.084256,0.054248000000000074,-0.016245587611140033,0
2015-03-25,17718.539062,-0.143768,-0.6220899,-0.016245587611140033,17986.4796874,17947.961914,-0.019785718219535564,0.009352322517964194,41.52897756253386,-0.11885200000000001,-0.23294745,-0.024916,-0.38914245,0.126532,0.11570134999999998,-0.0022749388569202056,0
2015-03-26,17678.230469,-0.159768,-0.6541797,-0.0022749388569202056,17930.3199218,17926.2628906,-0.015635523688739106,0.009256805934984059,45.985450184862536,-0.015999999999999986,-0.03208980000000006,-0.143768,-0.6220899,-0.11885200000000001,-0.23294745,0.0019475754126170308,1
2015-03-27,17712.660156,-0.092112,-0.41302985,0.0019475754126170308,17847.3218748,17922.5978515,-0.02289266540610424,0.007088559727642348,43.32171186197183,0.067656,0.24114985000000005,-0.159768,-0.6541797,-0.015999999999999986,-0.03208980000000006,0.01488485572906395,1
2015-03-30,17976.310547,-0.343896,-0.34739372,0.01488485572906395,17819.3761718,17922.486914,-0.007712972715602673,0.011366499868825467,57.64271683314342,-0.251784,0.06563612999999996,-0.092112,-0.41302985,0.067656,0.24114985000000005,-0.011136401180686706,0
2015-03-31,17776.119141,-0.186232,-0.54069334,-0.011136401180686706,17772.371875,17915.1908203,-0.01304867297931056,0.012099300938712232,53.16560917334495,0.15766399999999997,-0.19329962,-0.343896,-0.34739372,-0.251784,0.06563612999999996,-0.004384503298036191,0
2015-04-01,17698.179688,-0.084224,-0.6306004,-0.004384503298036191,17768.3000002,17877.3898438,-0.0011490436050488606,0.009664173460288895,45.17264777777019,0.10200800000000002,-0.08990705999999993,-0.186232,-0.54069334,0.15766399999999997,-0.19329962,0.0036761151229645073,1
2015-04-02,17763.240234,-0.297016,-0.35902345,0.0036761151229645073,17785.3019532,17857.8109375,0.0048087259157003626,0.009709966384737522,50.35534349279143,-0.212792,0.27157694999999993,-0.084224,-0.6306004,0.10200800000000002,-0.08990705999999993,0.006620941531539248,1
2015-04-06,17880.849609,-0.11068,-0.8172998,0.006620941531539248,17818.9398438,17833.1308593,0.009495437247635907,0.010043479289028814,47.38933005181141,0.186336,-0.45827635,-0.297016,-0.35902345,-0.212792,0.27157694999999993,-0.00030365934050846644,0
2015-04-07,17875.419922,-0.259764,-0.55136716,-0.00030365934050846644,17798.7617188,17809.0689453,-0.005612421121465205,0.0069745166766756106,50.76275692802674,-0.149084,0.26593264000000005,-0.11068,-0.8172998,0.186336,-0.45827635,0.0015154801463801437,1
2015-04-08,17902.509766,-0.225608,-0.75418943,0.0015154801463801437,17824.0398438,17798.2058594,0.007110136019986779,0.00414765313038586,44.311558056896295,0.03415599999999999,-0.20282227000000008,-0.259764,-0.55136716,-0.149084,0.26593264000000005,0.003140381082588295,1
2015-04-09,17958.730469,-0.161432,-0.5900351,0.003140381082588295,17876.15,17822.2250001,0.014721897143843643,0.0025827028672821095,49.989805699472896,0.06417600000000001,0.16415433000000001,-0.225608,-0.75418943,0.03415599999999999,-0.20282227000000008,0.005508180111659655,1
2015-04-10,18057.650391,-0.148824,-0.6511133,0.005508180111659655,17935.032031400002,17860.1669923,0.016574124603487395,0.0028328868777512174,47.49276651678454,0.01260799999999998,-0.06107819999999997,-0.161432,-0.5900351,0.06417600000000001,0.16415433000000001,-0.004464109518931503,0
2015-04-13,17977.039062,-0.16194,-0.7673633,-0.004464109518931503,17954.269922,17886.6048829,0.005379467704464291,0.0037648125124065154,45.25584619411313,-0.013115999999999989,-0.11624999999999996,-0.148824,-0.6511133,0.01260799999999998,-0.06107819999999997,0.0033186865086203277,1
2015-04-14,18036.699219,-0.1346079999999999,-0.4347461,0.0033186865086203277,17986.5257814,17892.6437501,0.009022406058360799,0.003780660662581712,50.90012629903393,0.027332000000000106,0.33261719999999995,-0.16194,-0.7673633,-0.013115999999999989,-0.11624999999999996,0.004208650101568345,1
2015-04-15,18112.609375,-0.1886,-0.47982085,0.004208650101568345,18028.5457032,17926.2927735,0.011735762848124054,0.003918658384396906,66.37822431161135,-0.053992000000000095,-0.04507475,-0.1346079999999999,-0.4347461,0.027332000000000106,0.33261719999999995,-0.00037762885834879967,0
2015-04-16,18105.769531,-0.120364,-0.75049806,-0.00037762885834879967,18057.9535156,17967.0517578,0.008187608932258339,0.004053077244579502,68.27773470849158,0.06823599999999999,-0.27067720999999995,-0.1886,-0.47982085,-0.053992000000000095,-0.04507475,-0.015435342282552722,0
2015-04-17,17826.300781,-0.1321399999999999,-0.60776365,-0.015435342282552722,18011.6835936,17973.3578125,-0.01281172273195097,0.00797709047655979,54.016700814291426,-0.011775999999999898,0.14273440999999998,-0.120364,-0.75049806,0.06823599999999999,-0.27067720999999995,0.011703432448664008,1
2015-04-20,18034.929688,-0.238508,-0.7079785,0.011703432448664008,18023.2617188,17988.7658204,0.003220253669157902,0.01002188696445196,52.155781108646245,-0.1063680000000001,-0.10021484999999997,-0.1321399999999999,-0.60776365,-0.011775999999999898,0.14273440999999998,-0.0047319199728727,0
2015-04-21,17949.589844,-0.20058,-0.38482055,-0.0047319199728727,18005.8398438,17996.1828126,-0.00482956298945425,0.01013871226148181,56.968214378911014,0.03792799999999999,0.32315794999999997,-0.238508,-0.7079785,-0.1063680000000001,-0.10021484999999997,0.00494048542449832,1
2015-04-22,18038.269531,-0.094312,-0.57990235,0.00494048542449832,17990.971875,18009.7587891,-0.004104314428743039,0.010236194000081607,63.54433723376686,0.106268,-0.19508180000000003,-0.20058,-0.38482055,0.03792799999999999,0.32315794999999997,0.001132033312003955,1
2015-04-23,18058.689453,-0.203984,-0.47158214,0.001132033312003955,17981.5558594,18019.7546875,-0.0026002804199729557,0.01027323477552106,62.20029550073372,-0.10967199999999999,0.10832021000000003,-0.094312,-0.57990235,0.106268,-0.19508180000000003,0.0011878587344795744,1
2015-04-24,18080.140625,-0.16898,-0.45740235,0.0011878587344795744,18032.323828200002,18022.0037109,0.014239625322072014,0.0060405497150705706,58.939463230731235,0.03500400000000001,0.01417978999999997,-0.203984,-0.47158214,-0.10967199999999999,0.10832021000000003,-0.0023323890491034893,0
2015-04-27,18037.970703,-0.2142279999999999,-0.6445707,-0.0023323890491034893,18032.932031199998,18028.096875,0.00016861806797185963,0.0037055472187305337,57.058769619558234,-0.0452479999999999,-0.18716835000000004,-0.16898,-0.45740235,0.03500400000000001,0.01417978999999997,0.004001000067485272,1
2015-04-28,18110.140625,-0.16842,-0.6877543,0.004001000067485272,18065.0421874,18035.4410156,0.008944537585279022,0.002854977108052417,58.67666331823151,0.045807999999999904,-0.04318359999999999,-0.2142279999999999,-0.6445707,-0.0452479999999999,-0.18716835000000004,-0.004119864640752868,0
2015-04-29,18035.529297,-0.06458,-0.5401186,-0.004119864640752868,18064.4941406,18027.7330078,-0.00015191224387078872,0.003205868895259619,53.160755527647886,0.10383999999999999,0.14763570000000004,-0.16842,-0.6877543,0.045807999999999904,-0.04318359999999999,-0.010812533571301186,0
2015-04-30,17840.519531,-0.168764,-0.836707,-0.010812533571301186,18020.8601562,18001.2080078,-0.012081160295037585,0.005647512856289417,41.71869901416403,-0.104184,-0.2965884,-0.06458,-0.5401186,0.10383999999999999,0.14763570000000004,0.010287873942296022,1
2015-05-01,18024.060547,-0.281584,-0.6088281,0.010287873942296022,18009.6441406,18020.9839844,-0.0031017501004640957,0.008052970654076601,51.66282876901362,-0.11282,0.2278789,-0.168764,-0.836707,-0.104184,-0.2965884,0.0025709991308096036,1
2015-05-04,18070.400391,-0.337592,-0.34691405,0.0025709991308096036,18016.1300782,18024.5310547,0.0017978567841119286,0.008087019279249884,51.20311478369737,-0.056008,0.26191405,-0.281584,-0.6088281,-0.11282,0.2278789,-0.007869287283242765,0
2015-05-05,17928.199219,-0.189628,-0.45781258,-0.007869287283242765,17979.741797000002,18022.3919922,-0.010046382839724699,0.008492472140747331,43.71416627872522,0.147964,-0.11089853000000005,-0.337592,-0.34691405,-0.056008,0.26191405,-0.0048091137847591225,0
2015-05-06,17841.980469,-0.1523399999999999,-0.6813995,-0.0048091137847591225,17941.032031400002,18002.763086,-0.010731530237496067,0.008541170589052856,41.47003842655442,0.0372880000000001,-0.22358692000000002,-0.189628,-0.45781258,0.147964,-0.11089853000000005,0.004600390530782983,1
2015-05-07,17924.060547,-0.135912,-0.74646485,0.004600390530782983,17957.7402346,17989.3001954,0.004682656009811659,0.007316008273684532,53.62378859211566,0.016427999999999887,-0.06506534999999991,-0.1523399999999999,-0.6813995,0.0372880000000001,-0.22358692000000002,0.014898902360865662,1
2015-05-08,18191.109375,-0.050668,-0.5826567,0.014898902360865662,17991.150000200003,18000.3970704,0.00926810180005777,0.008904530528414261,55.54898627722851,0.08524400000000001,0.16380814999999993,-0.135912,-0.74646485,0.016427999999999887,-0.06506534999999991,-0.004724255746497041,0
2015-05-11,18105.169922,-0.15674,-0.34361267,-0.004724255746497041,17998.1039064,18007.116992299998,0.0019241151412072721,0.009349245399036378,55.5253282582449,-0.106072,0.23904403000000002,-0.050668,-0.5826567,0.08524400000000001,0.16380814999999993,-0.002040270992160975,0
2015-05-12,18068.230469,-0.143424,-0.550708,-0.002040270992160975,18026.1101564,18002.925976699997,0.007810670123053809,0.008369387148657438,51.10463979271706,0.013315999999999995,-0.20709532999999997,-0.15674,-0.34361267,-0.106072,0.23904403000000002,-0.00042838921128873775,0
2015-05-13,18060.490234,-0.189164,-0.35771668,-0.00042838921128873775,18069.8121094,18005.422070399996,0.012246945644832197,0.007738157359866071,50.06702022171714,-0.04574,0.19299131999999997,-0.143424,-0.550708,0.013315999999999995,-0.20709532999999997,0.01061709829110935,1
2015-05-14,18252.240234,-0.263312,-0.4567919,0.01061709829110935,18135.448046800004,18046.5941407,0.018309449811300116,0.008576389048985987,55.684508623883936,-0.07414799999999999,-0.09907521999999996,-0.189164,-0.35771668,-0.04574,0.19299131999999997,0.0011133051471756694,1
2015-05-15,18272.560547,-0.316304,-0.3594824,0.0011133051471756694,18151.7382812,18071.4441407,0.0044775263740615134,0.005841859321495206,57.86206336695517,-0.052991999999999984,0.0973095,-0.263312,-0.4567919,-0.07414799999999999,-0.09907521999999996,0.0014404282274671498,1
2015-05-18,18298.880859,-0.314328,-0.54524493,0.0014404282274671498,18190.4804686,18094.2921875,0.010699205687355384,0.004936496383782647,56.52601422053321,0.0019759999999999778,-0.18576252999999998,-0.316304,-0.3594824,-0.052991999999999984,0.0973095,0.0007382837291578515,1
2015-05-19,18312.390625,-0.28946,-0.6045769,0.0007382837291578515,18239.312499800002,18132.7113281,0.0135132301095513,0.004483849976466429,59.99528978109391,0.024868,-0.05933197000000001,-0.314328,-0.54524493,0.0019759999999999778,-0.18576252999999998,-0.0014738782364741576,0
2015-05-20,18285.400391,-0.23636,-0.5032431,-0.0014738782364741576,18284.2945312,18177.0533203,0.01245315902757671,0.004685814049759158,68.27867682889661,0.05310000000000001,0.10133379999999992,-0.28946,-0.6045769,0.024868,-0.05933197000000001,1.8585483103183975e-05,1
2015-05-21,18285.740234,-0.069308,-0.55259764,1.8585483103183975e-05,18290.994531199998,18213.221289,0.0018353911394173306,0.0011572916553534514,62.656960267876514,0.16705199999999998,-0.04935453999999995,-0.23636,-0.5032431,0.05310000000000001,0.10133379999999992,-0.002937846776370212,0
2015-05-22,18232.019531,-0.0130079999999999,-0.571377,-0.002937846776370212,18282.886328,18217.312304600004,-0.0022186828110773993,0.0017637151559620375,57.761798520004255,0.05630000000000009,-0.018779360000000023,-0.069308,-0.55259764,0.16705199999999998,-0.04935453999999995,-0.01044757925341877,0
2015-05-26,18041.539062,-0.231012,-0.37341797,-0.01044757925341877,18231.4179686,18210.9492186,-0.01406325332040359,0.004492350342201423,55.20194628294667,-0.2180040000000001,0.19795903000000004,-0.0130079999999999,-0.571377,0.05630000000000009,-0.018779360000000023,0.006731752295778826,1
2015-05-27,18162.990234,-0.275308,-0.3968292,0.006731752295778826,18201.537890400003,18220.4251951,-0.008158431854115133,0.0061668658953934734,64.27178360041788,-0.044296,-0.023411230000000005,-0.231012,-0.37341797,-0.2180040000000001,0.19795903000000004,-0.002030012268078085,0
2015-05-28,18126.119141,-0.1889519999999999,-0.3549453,-0.002030012268078085,18169.6816404,18226.9880858,-0.00871084289072488,0.006168546156460511,59.35957473472497,0.0863560000000001,0.041883899999999974,-0.275308,-0.3968292,-0.044296,-0.023411230000000005,-0.006368680030293006,0
2015-05-29,18010.679688,-0.127464,-0.51316404,-0.006368680030293006,18114.6695312,18202.8320312,-0.01504235226357209,0.006373100411335753,40.27660830208329,0.061487999999999904,-0.15821874000000002,-0.1889519999999999,-0.3549453,0.0863560000000001,0.041883899999999974,0.001648436012094523,1
2015-06-01,18040.369141,-0.365456,-0.608457,0.001648436012094523,18076.339453200002,18179.6128906,-0.010511747734481047,0.006707439861028423,46.28249373542623,-0.237992,-0.09529295999999998,-0.127464,-0.51316404,0.061487999999999904,-0.15821874000000002,-0.0015758928089442126,0
2015-06-02,18011.939453,-0.106784,-0.7351274,-0.0015758928089442126,18070.419531400003,18150.91875,-0.0016406365830697878,0.004865436344999583,46.73884261167296,0.258672,-0.12667039999999996,-0.365456,-0.608457,-0.237992,-0.09529295999999998,0.0035715242196912023,1
2015-06-03,18076.269531,-0.1257,-0.5364844,0.0035715242196912023,18053.075390799997,18127.3066406,-0.004774582922896897,0.003811702647062798,50.857903787549446,-0.018916000000000002,0.19864300000000001,-0.106784,-0.7351274,0.258672,-0.12667039999999996,-0.009442736661304907,0
2015-06-04,17905.580078,-0.0630719999999999,-0.64935076,-0.009442736661304907,18008.9675782,18089.324609299998,-0.012166921186188007,0.005433071139340205,30.71071174214343,0.0626280000000001,-0.11286636000000005,-0.1257,-0.5364844,-0.018916000000000002,0.19864300000000001,-0.0031341704516432145,0
2015-06-05,17849.460938,-0.0253839999999999,-0.53580076,-0.0031341704516432145,17976.7238282,18045.6966797,-0.008951286280851178,0.005024583061607675,27.359360167200137,0.037688000000000006,0.11355000000000004,-0.0630719999999999,-0.64935076,0.0626280000000001,-0.11286636000000005,-0.004644966998610611,0
2015-06-08,17766.550781,-0.0232319999999999,-0.66339844,-0.004644966998610611,17921.9601562,17999.1498047,-0.015178090750798234,0.004728518492435416,23.140977986249496,0.002152000000000001,-0.12759768000000005,-0.0253839999999999,-0.53580076,0.037688000000000006,0.11355000000000004,-0.00014137347372389364,0
2015-06-09,17764.039062,-0.126724,-0.6169583,-0.00014137347372389364,17872.380078,17971.3998047,-0.01376311482985304,0.004881020987590865,22.02209876968479,-0.10349200000000011,0.046440140000000074,-0.0232319999999999,-0.66339844,0.002152000000000001,-0.12759768000000005,0.013305607366379535,1
2015-06-10,18000.400391,-0.156216,-0.50921875,0.013305607366379535,17857.20625,17955.1408204,-0.004197167998070128,0.008578028670839975,38.018602695814465,-0.02949199999999999,0.1077395499999999,-0.126724,-0.6169583,-0.10349200000000011,0.046440140000000074,0.0021648824000317646,1
2015-06-11,18039.369141,-0.0848479999999999,-0.55022794,0.0021648824000317646,17883.9640626,17946.4658204,0.007471920061633774,0.007101834206513117,39.9683803382928,0.0713680000000001,-0.04100918999999992,-0.156216,-0.50921875,-0.02949199999999999,0.1077395499999999,-0.007790144760694839,0
2015-06-12,17898.839844,-0.143272,-0.53666997,-0.007790144760694839,17893.8398438,17935.281836000002,0.0027664088104124573,0.008098347223604007,37.32946310473355,-0.058424000000000115,0.01355796999999992,-0.0848479999999999,-0.55022794,0.0713680000000001,-0.04100918999999992,-0.00601546932306285,0
2015-06-15,17791.169922,-0.125328,-0.5683594,-0.00601546932306285,17898.763672,17910.3619141,0.001385701777653292,0.008338973324493727,39.838673144292635,0.017944000000000015,-0.03168942999999991,-0.143272,-0.53666997,-0.058424000000000115,0.01355796999999992,0.006368920509262299,1
2015-06-16,17904.480469,-0.177804,-0.62514734,0.006368920509262299,17926.8519534,17899.6160157,0.007905938875152785,0.008750041456561436,39.43849438595132,-0.052475999999999995,-0.05678794000000009,-0.125328,-0.5683594,0.017944000000000015,-0.03168942999999991,0.0017459185735171356,1
2015-06-17,17935.740234,-0.253616,-0.62873566,0.0017459185735171356,17913.919922,17885.563086000002,-0.003592151040836211,0.0059725191244407215,42.186177283688906,-0.07581200000000002,-0.003588319999999978,-0.177804,-0.62514734,-0.052475999999999995,-0.05678794000000009,0.010041381490271117,1
2015-06-18,18115.839844,-0.0560919999999999,-0.4884095,0.010041381490271117,17929.2140626,17906.5890626,0.004239100735856427,0.007705961873059377,54.09860023982865,0.19752400000000012,0.14032616000000003,-0.253616,-0.62873566,-0.07581200000000002,-0.003588319999999978,-0.005513993602294098,0
2015-06-19,18015.949219,-0.256252,-0.5638962,-0.005513993602294098,17952.635937599996,17923.2378907,0.006542847247122285,0.007110695036183531,49.09761726741255,-0.2001600000000001,-0.07548669999999996,-0.0560919999999999,-0.4884095,0.19752400000000012,0.14032616000000003,0.005763231053654394,1
2015-06-22,18119.779297,-0.097956,-0.5439638,0.005763231053654394,18018.3578126,17958.560742299996,0.01847036346910791,0.005922573405161386,53.77463487477717,0.158296,0.01993239999999996,-0.256252,-0.5638962,-0.2001600000000001,-0.07548669999999996,0.0013405800700905246,1
2015-06-23,18144.070312,-0.14402,-0.44923827,0.0013405800700905246,18066.275781199998,17996.5638673,0.013381557952202527,0.005777201560204758,52.44161477244096,-0.04606400000000001,0.09472553,-0.097956,-0.5439638,0.158296,0.01993239999999996,-0.00981036762640164,0
2015-06-24,17966.070312,-0.12614,-0.675293,-0.00981036762640164,18072.3417968,17993.1308594,0.0016910413288939719,0.008090514235199074,52.16694068837395,0.017880000000000007,-0.22605473000000004,-0.14402,-0.44923827,-0.04606400000000001,0.09472553,-0.004214106684722885,0
2015-06-25,17890.359375,-0.133488,-0.6368911,-0.004214106684722885,18027.245703,17978.2298828,-0.012446592095186726,0.0060929053572220376,51.44482345617818,-0.007347999999999993,0.03840189999999999,-0.12614,-0.675293,0.017880000000000007,-0.22605473000000004,0.00314808170252312,1
2015-06-26,17946.679688,-0.178916,-0.5637207,0.00314808170252312,18013.3917968,17983.013867199996,-0.0038449004356064798,0.0062465578403489526,56.48527093576698,-0.045427999999999996,0.07317040000000008,-0.133488,-0.6368911,-0.007347999999999993,0.03840189999999999,-0.0195206068805166,0
2015-06-29,17596.349609,-0.118748,-0.6167578,-0.0195206068805166,17908.705859200003,17963.5318359,-0.028887199971947886,0.009191144821759891,45.17182624107864,0.060167999999999985,-0.05303710000000006,-0.178916,-0.5637207,-0.045427999999999996,0.07317040000000008,0.0013161910006693756,1
2015-06-30,17619.509766,-0.140868,-0.58755,0.0013161910006693756,17803.79375,17935.0347656,-0.02891085280093242,0.00918640563260049,37.49842942897635,-0.022119999999999987,0.029207800000000006,-0.118748,-0.6167578,0.060167999999999985,-0.05303710000000006,0.007854951235196639,1
2015-07-01,17757.910156,-0.258184,-0.560807,0.007854951235196639,17762.161718800002,17917.2517578,-0.011586293072723963,0.010560458601702431,41.32799757698221,-0.11731600000000003,0.02674299999999996,-0.140868,-0.58755,-0.022119999999999987,0.029207800000000006,-0.0015655435102316373,0
2015-07-02,17730.109375,-0.15706,-0.56290036,-0.0015655435102316373,17730.1117188,17878.678710900003,-0.008957338231222689,0.010505668180144666,44.41317297928128,0.10112400000000002,-0.002093359999999933,-0.258184,-0.560807,-0.11731600000000003,0.02674299999999996,-0.0026243096427599477,0
2015-07-06,17683.580078,-0.271772,-0.48290038,-0.0026243096427599477,17677.4917968,17845.4417968,-0.014660071644111539,0.01014330180242837,46.28727484663449,-0.11471200000000001,0.07999997999999997,-0.15706,-0.56290036,0.10112400000000002,-0.002093359999999933,0.00527778185120531,1
2015-07-07,17776.910156,-0.32156,-0.45828858,0.00527778185120531,17713.603906199998,17811.1548827,0.010261250259977261,0.004460263983888665,45.53623170809064,-0.049788,0.024611800000000017,-0.271772,-0.48290038,-0.11471200000000001,0.07999997999999997,-0.014709543543018011,0
2015-07-08,17515.419922,-0.085816,-0.5365039,-0.014709543543018011,17692.7859374,17748.289843700004,-0.005907646999399385,0.00878369166646944,37.33352012640506,0.235744,-0.07821532000000003,-0.32156,-0.45828858,-0.049788,0.024611800000000017,0.0018954280940932655,1
2015-07-09,17548.619141,-0.24802,-0.42521486,0.0018954280940932655,17650.9277344,17706.5447266,-0.011785790848214628,0.007577195005636058,31.246214271415255,-0.162204,0.11128904000000006,-0.085816,-0.5365039,0.235744,-0.07821532000000003,0.012068813694017688,1
2015-07-10,17760.410156,-0.094576,-0.6079301,0.012068813694017688,17656.9878906,17693.5498047,0.0017090013580360885,0.009995415728707628,42.13330733972034,0.153444,-0.18271524000000006,-0.24802,-0.42521486,-0.162204,0.11128904000000006,0.01223336229803218,1
2015-07-13,17977.679688,-0.176056,-0.6679541,0.01223336229803218,17715.8078126,17696.649804700002,0.016631225617367296,0.011033030216471146,45.91109218868457,-0.08148,-0.060023999999999966,-0.094576,-0.6079301,0.153444,-0.18271524000000006,0.004221923591767096,1
2015-07-14,18053.580078,-0.139068,-0.5468537,0.004221923591767096,17771.141797,17742.3728516,0.01556344266647569,0.010997029763880124,47.4712554700174,0.03698799999999999,0.1211004,-0.176056,-0.6679541,-0.08148,-0.060023999999999966,-0.00018889084520989918,0
2015-07-15,18050.169922,-0.141028,-0.6369014,-0.00018889084520989918,17878.091797,17785.4388672,0.030530241489005627,0.005787618306775941,52.604279459302134,-0.0019599999999999895,-0.09004769999999995,-0.139068,-0.5468537,0.03698799999999999,0.1211004,0.0038825162479265707,1
2015-07-16,18120.25,0.0049719999999999,-0.4413222,0.0038825162479265707,17992.4179688,17821.6728516,0.03257412189569164,0.005492023930569418,57.14384557568284,0.14599999999999988,0.19557919999999995,-0.141028,-0.6369014,-0.0019599999999999895,-0.09004769999999995,-0.001865359528704147,0
2015-07-17,18086.449219,-0.21928,-0.17316894,-0.001865359528704147,18057.625781400002,17857.306835999996,0.018357631391178852,0.0054591967643553745,54.404986426825616,-0.2242519999999999,0.26815326,0.0049719999999999,-0.4413222,0.14599999999999988,0.19557919999999995,0.0007719003786181844,1
2015-07-20,18100.410156,-0.112456,-0.61687845,0.0007719003786181844,18082.171875,17898.989843800002,0.006826824714310842,0.002631609078984686,70.16043736718724,0.106824,-0.44370951,-0.21928,-0.17316894,-0.2242519999999999,0.26815326,-0.010006463524251274,0
2015-07-21,17919.289062,-0.1295519999999999,-0.44144753,-0.010006463524251274,18055.3136718,17913.2277344,-0.007438470121704288,0.005204413342051977,60.644936659750954,-0.01709599999999989,0.17543092,-0.112456,-0.61687845,0.106824,-0.44370951,-0.003808744853875501,0
2015-07-22,17851.039062,-0.225364,-0.38692048,-0.003808744853875501,18015.487499799998,17946.7896484,-0.01103207675387563,0.0052313950336933335,53.48032617451456,-0.09581200000000012,0.054527049999999966,-0.1295519999999999,-0.44144753,-0.01709599999999989,0.17543092,-0.006672952738844828,0
2015-07-23,17731.919922,-0.206784,-0.3087207,-0.006672952738844828,17937.821484199998,17965.1197265,-0.02143072407941382,0.004185877374413436,50.063338972486065,0.018580000000000013,0.07819978,-0.225364,-0.38692048,-0.09581200000000012,0.054527049999999966,-0.009214491477444686,0
2015-07-24,17568.529297,-0.124784,-0.6239551,-0.009214491477444686,17834.237499799998,17945.9316406,-0.028635798864042217,0.004395143527434323,46.27935473543016,0.08199999999999999,-0.31523439999999997,-0.206784,-0.3087207,0.018580000000000013,0.07819978,-0.0072823086575521945,0
2015-07-27,17440.589844,-0.323312,-0.33374023,-0.0072823086575521945,17702.2734374,17892.2226562,-0.03645333483127089,0.0024251571438156034,39.361817800581655,-0.19852799999999998,0.29021486999999996,-0.124784,-0.6239551,0.08199999999999999,-0.31523439999999997,0.010875761009038198,1
2015-07-28,17630.269531,-0.266944,-0.6191992,0.010875761009038198,17644.4695312,17849.8916015,-0.016128961924772978,0.008114743676605675,53.80570904253472,0.056367999999999974,-0.2854589699999999,-0.323312,-0.33374023,-0.19852799999999998,0.29021486999999996,0.006870064793225383,1
2015-07-29,17751.390625,-0.2215599999999999,-0.54714864,0.006870064793225383,17624.5398438,17820.0136718,-0.005582220544916305,0.009247477245712718,56.349172371257815,0.04538400000000012,0.07205055999999999,-0.266944,-0.6191992,0.056367999999999974,-0.2854589699999999,-0.0003047736436142534,0
2015-07-30,17745.980469,-0.194848,-0.6081891,-0.0003047736436142534,17627.3519532,17782.5867187,0.0007929511898230324,0.008708234679853438,49.481115660739775,0.026711999999999902,-0.061040460000000074,-0.2215599999999999,-0.54714864,0.04538400000000012,0.07205055999999999,-0.003162467923259249,0
2015-07-31,17689.859375,-0.1502,-0.63233215,-0.003162467923259249,17651.6179688,17742.9277343,0.006906103291225207,0.0073962237513472955,38.29336955630334,0.04464799999999999,-0.024143049999999944,-0.194848,-0.6081891,0.026711999999999902,-0.061040460000000074,-0.005181508459560669,0
2015-08-03,17598.199219,-0.3241279999999999,-0.30852538,-0.005181508459560669,17683.1398438,17692.7066406,0.009036929164079943,0.006816720811918813,31.712558790259877,-0.17392799999999992,0.32380676999999997,-0.1502,-0.63233215,0.04464799999999999,-0.024143049999999944,-0.0026996947476708444,0
2015-08-04,17550.689453,-0.229176,-0.40219447,-0.0026996947476708444,17667.2238282,17655.8466797,-0.0045138321827736805,0.0046748552062893375,30.627738388372663,0.09495199999999993,-0.09366909000000001,-0.3241279999999999,-0.30852538,-0.17392799999999992,0.32380676999999997,-0.0005822420838432762,0
2015-08-05,17540.470703,-0.259256,-0.5154102,-0.0005822420838432762,17625.0398438,17624.7898438,-0.011881881620189993,0.002006316279298335,26.418367850484728,-0.030079999999999996,-0.11321573000000001,-0.229176,-0.40219447,0.09495199999999993,-0.09366909000000001,-0.006882409545563184,0
2015-08-06,17419.75,-0.1746839999999999,-0.5500183,-0.006882409545563184,17559.79375,17593.5728516,-0.01838334430548272,0.00241518890218268,24.673767524538093,0.08457200000000009,-0.03460809999999992,-0.259256,-0.5154102,-0.030079999999999996,-0.11321573000000001,-0.0026618717834641092,0
2015-08-07,17373.380859,-0.3437999999999999,-0.49204102,-0.0026618717834641092,17496.4980468,17574.0580078,-0.017890391850556964,0.0024532053741433634,23.045652479764343,-0.169116,0.057977279999999964,-0.1746839999999999,-0.5500183,0.08457200000000009,-0.03460809999999992,0.013917214211921491,1
2015-08-10,17615.169922,-0.123956,-0.54237306,0.013917214211921491,17499.8921874,17591.5160156,0.0009643431574339889,0.007992672848662008,39.21026776018868,0.21984399999999987,-0.05033203999999997,-0.3437999999999999,-0.49204102,-0.169116,0.057977279999999964,-0.012053819460169923,0
2015-08-11,17402.839844,-0.196448,-0.3508132,-0.012053819460169923,17470.3222656,17568.7730469,-0.008424148202037074,0.009748329143159729,35.573409801407465,-0.07249200000000001,0.19155985999999997,-0.123956,-0.54237306,0.21984399999999987,-0.05033203999999997,-1.896690442237947e-05,0
2015-08-12,17402.509766,-0.176748,-0.34161133,-1.896690442237947e-05,17442.730078200002,17533.884960999996,-0.007865292747041508,0.009767028060762547,38.519012685830766,0.019700000000000023,0.009201870000000001,-0.196448,-0.3508132,-0.07249200000000001,0.19155985999999997,0.00032985092823878404,1
2015-08-13,17408.25,-0.07068,-0.3698183,0.00032985092823878404,17440.4300782,17500.111914099998,-0.0006601702091016959,0.009302292572002702,43.72408391707825,0.10606799999999998,-0.028206969999999998,-0.176748,-0.34161133,0.019700000000000023,0.009201870000000001,0.003972276995102941,1
2015-08-14,17477.400391,-0.177024,-0.6765137,0.003972276995102941,17461.2339846,17478.866015699998,0.005987293598419763,0.009318201695266159,51.510919639806644,-0.10634399999999998,-0.3066954,-0.07068,-0.3698183,0.10606799999999998,-0.028206969999999998,0.003878110902288734,1
2015-08-17,17545.179688,-0.282132,-0.47396484,0.003878110902288734,17447.2359378,17473.5640626,-0.003973293150728474,0.00658012287849482,46.11904935359715,-0.10510800000000001,0.20254886,-0.177024,-0.6765137,-0.10634399999999998,-0.3066954,-0.0019287259863828288,0
2015-08-18,17511.339844,-0.16716,-0.5387451,-0.0019287259863828288,17468.9359378,17469.629101699997,0.006234614636036362,0.002592245563175646,38.10415184999119,0.11497199999999999,-0.06478025999999998,-0.282132,-0.47396484,-0.10510800000000001,0.20254886,-0.00928594707478736,0
2015-08-19,17348.730469,-0.0461,-0.5243144,-0.00928594707478736,17458.1800784,17450.455078299998,-0.0030903184496452463,0.0054551528189291385,32.96771947869571,0.12106,0.014430700000000019,-0.16716,-0.5387451,0.11497199999999999,-0.06478025999999998,-0.020637879909413126,0
2015-08-20,16990.689453,-0.166256,-0.60428387,-0.020637879909413126,17374.667969000002,17407.549023599997,-0.023986359743225272,0.010385913864675017,26.187736244881464,-0.12015599999999999,-0.07996946999999999,-0.0461,-0.5243144,0.12106,0.014430700000000019,-0.031248846873971448,0
2015-08-21,16459.75,-0.112672,-0.5705811,-0.031248846873971448,17171.1378908,17316.1859377,-0.05822664516652254,0.014194378012590131,20.156527134220354,0.05358399999999999,0.03370276999999999,-0.166256,-0.60428387,-0.12015599999999999,-0.07996946999999999,-0.035747832804264856,0
2015-08-24,15871.349609,-0.229152,-0.33057353,-0.035747832804264856,16836.371875,17141.803906399997,-0.09540113631009506,0.014283160594421716,15.703370078164525,-0.11648,0.24000756999999995,-0.112672,-0.5705811,0.05358399999999999,0.03370276999999999,-0.012910633566020402,0
2015-08-25,15666.44043,-0.118084,-0.5330285,-0.012910633566020402,16467.3919922,16968.163965,-0.10535455484476397,0.011408959940384109,14.546595303871825,0.111068,-0.20245497,-0.229152,-0.33057353,-0.11648,0.24000756999999995,0.03951563463098684,1
2015-08-26,16285.509766,-0.1684,-0.40933883,0.03951563463098684,16254.747851600001,16856.463964999995,-0.06128521651194252,0.03026370972378031,31.946306274555354,-0.050316,0.12368967000000003,-0.118084,-0.5330285,0.111068,-0.20245497,0.02267412996619389,1
2015-08-27,16654.769531,-0.265596,-0.23063919,0.02267412996619389,16187.5638672,16781.115918099997,-0.01977082348124992,0.0332937745090274,39.627996059682125,-0.097196,0.17869964,-0.1684,-0.40933883,-0.050316,0.12368967000000003,-0.0007060899268592769,0
2015-08-28,16643.009766,-0.2699479999999999,-0.5951269,-0.0007060899268592769,16224.2158204,16697.6768556,0.011133812238946383,0.029528778033844308,34.970429779860225,-0.0043519999999999115,-0.36448771,-0.265596,-0.23063919,-0.097196,0.17869964,-0.006908634352597254,0
2015-08-31,16528.029297,-0.242216,-0.44561696,-0.006908634352597254,16355.551758000001,16595.9618165,0.041375163686623306,0.022041604085785,36.0557231806844,0.027731999999999923,0.14950994,-0.2699479999999999,-0.5951269,-0.0043519999999999115,-0.36448771,-0.028417162116553873,0
2015-09-01,16058.349609,-0.152224,-0.7111914,-0.028417162116553873,16433.9335938,16450.662793000003,0.025015840755346463,0.026431598163832525,31.362989623115027,0.08999199999999999,-0.26557444,-0.242216,-0.44561696,0.027731999999999923,0.14950994,0.018247844961338355,1
2015-09-02,16351.379883,-0.265788,-0.6082617,0.018247844961338355,16447.1076172,16350.9277344,0.004044707101371836,0.020603885050208878,36.427582299313485,-0.11356400000000003,0.10292970000000001,-0.152224,-0.7111914,0.08999199999999999,-0.26557444,0.0014298415893514438,1
2015-09-03,16374.759766,-0.124788,-0.53626955,0.0014298415893514438,16391.1056642,16289.334765700001,-0.016812587197848172,0.016861933582397647,35.671349045556184,0.14100000000000001,0.07199215000000003,-0.265788,-0.6082617,-0.11356400000000003,0.10292970000000001,-0.01663413002037195,0
2015-09-04,16102.379883,-0.209656,-0.889079,-0.01663413002037195,16282.9796876,16253.597753999999,-0.032483901085274436,0.017738082636808875,32.19767139977748,-0.08486800000000001,-0.35280944999999997,-0.124788,-0.53626955,0.14100000000000001,0.07199215000000003,0.02423864098573758,1
2015-09-08,16492.679688,-0.2280319999999999,-0.6039209,0.02423864098573758,16275.9097658,16315.7307619,-0.0021387673245725214,0.022397052065525478,38.44725984122277,-0.018375999999999892,0.28515809999999997,-0.209656,-0.889079,-0.08486800000000001,-0.35280944999999997,-0.014497909407285459,0
2015-09-09,16253.570312,-0.095004,-0.55380857,-0.014497909407285459,16314.953906400002,16374.443750099997,0.012156959323552652,0.01855219706507869,37.79150529024414,0.1330279999999999,0.05011233000000004,-0.2280319999999999,-0.6039209,-0.018375999999999892,0.28515809999999997,0.004726966292647461,1
2015-09-10,16330.400391,-0.2046359999999999,-0.69660157,0.004726966292647461,16310.758007999999,16378.9328126,-0.0012830410736045517,0.016573137298983673,42.146946158327864,-0.1096319999999999,-0.14279300000000006,-0.095004,-0.55380857,0.1330279999999999,0.05011233000000004,0.006288238533122215,1
2015-09-11,16433.089844,-0.10986,-0.5867749,0.006288238533122215,16322.424023599999,16356.7648439,0.0035621944281047924,0.016829168667525315,49.64695804920482,0.0947759999999999,0.10982667000000002,-0.2046359999999999,-0.69660157,-0.1096319999999999,-0.14279300000000006,-0.003780779122477873,0
2015-09-14,16370.959961,-0.135056,-0.41279784,-0.003780779122477873,16376.140039199998,16329.5598634,0.016679526874381567,0.014285047655009663,57.68747962240787,-0.02519600000000001,0.17397705999999996,-0.10986,-0.5867749,0.0947759999999999,0.10982667000000002,0.013981443271822602,1
2015-09-15,16599.849609,-0.2015159999999999,-0.4654126,0.013981443271822602,16397.5740234,16336.741894600002,0.006498029612372669,0.010872262666394426,64.25710704611572,-0.06645999999999988,-0.05261475999999998,-0.135056,-0.41279784,-0.02519600000000001,0.17397705999999996,0.0084398120043232,1
2015-09-16,16739.949219,-0.138008,-0.43204102,0.0084398120043232,16494.849804799996,16404.9018556,0.02992443491882546,0.006461419053019993,58.13091061029184,0.0635079999999999,0.03337158000000001,-0.2015159999999999,-0.4654126,-0.06645999999999988,-0.05261475999999998,-0.003895411159669737,0
2015-09-17,16674.740234,-0.12546,-0.55742246,-0.003895411159669737,16563.7177734,16437.237890700002,0.02108581754001415,0.007861960218419032,50.40094296763925,0.012548000000000004,-0.12538143999999996,-0.138008,-0.43204102,0.0635079999999999,0.03337158000000001,-0.017401179984103288,0
2015-09-18,16384.580078,-0.0755199999999999,-0.42754883,-0.017401179984103288,16554.015820200002,16438.2199219,-0.002951956476871076,0.012222620187365625,45.333295711208656,0.04994000000000008,0.12987362999999996,-0.12546,-0.55742246,0.012548000000000004,-0.12538143999999996,0.007666316402497264,1
2015-09-21,16510.189453,-0.194544,-0.4484527,0.007666316402497264,16581.861718599997,16479.000878900002,0.008504662666800167,0.012529990173618095,49.679081326776476,-0.11902400000000009,-0.02090386999999999,-0.0755199999999999,-0.42754883,0.04994000000000008,0.12987362999999996,-0.010885382418633793,0
2015-09-22,16330.469727,-0.2279,-0.3377539,-0.010885382418633793,16527.9857422,16462.7798828,-0.016227850754379713,0.011344416222311611,55.4652775283114,-0.033356,0.11069879999999999,-0.194544,-0.4484527,-0.11902400000000009,-0.02090386999999999,-0.0030972825549758776,0
2015-09-23,16279.889648,-0.160796,-0.41213542,-0.0030972825549758776,16435.973828,16465.411816400003,-0.027482733966589734,0.009385327935279165,48.40926789457405,0.067104,-0.07438151999999998,-0.2279,-0.3377539,-0.033356,0.11069879999999999,-0.004826159003458175,0
2015-09-24,16201.320312,-0.346372,-0.51888,-0.004826159003458175,16341.2898436,16452.5038085,-0.028391442106827647,0.009354164480123913,46.23330348636824,-0.18557600000000002,-0.10674458000000003,-0.160796,-0.41213542,0.067104,-0.07438151999999998,0.006996319300967224,1
2015-09-25,16314.669922,-0.1116159999999999,-0.7183397,0.006996319300967224,16327.307812399999,16440.661816300002,-0.004266826227293463,0.007994673787218938,54.95253755438271,0.23475600000000013,-0.19945970000000002,-0.346372,-0.51888,-0.18557600000000002,-0.10674458000000003,-0.019171719409304178,0
2015-09-28,16001.889648,-0.069828,-0.7669535,-0.019171719409304178,16225.6478514,16403.754785,-0.03078703648113723,0.009693753153283717,38.12063803692334,0.041787999999999895,-0.04861379999999993,-0.1116159999999999,-0.7183397,0.23475600000000013,-0.19945970000000002,0.0029521660278355455,1
2015-09-29,16049.129883,-0.215288,-0.39701173,0.0029521660278355455,16169.379882600002,16348.682812399999,-0.017227908854014595,0.00999126951373973,44.544928211840805,-0.14546,0.36994176999999995,-0.069828,-0.7669535,0.041787999999999895,-0.04861379999999993,0.014678073747133702,1
2015-09-30,16284.700195,-0.03956,-0.79299307,0.014678073747133702,16170.341992000001,16303.157909999998,0.00029549014790708483,0.012882907328159665,48.87581741117887,0.175728,-0.39598133999999996,-0.215288,-0.39701173,-0.14546,0.36994176999999995,-0.0007792853935313371,0
2015-10-01,16272.009766,-0.183976,-0.33262208,-0.0007792853935313371,16184.4798828,16262.884863199997,0.004363190939916217,0.012618434592143533,45.854003083535076,-0.144416,0.46037099,-0.03956,-0.79299307,0.175728,-0.39598133999999996,0.012313130208331469,1
2015-10-02,16472.369141,-0.299304,-0.488916,0.012313130208331469,16216.019726599998,16271.663769499999,0.009666099268569761,0.01345331694381765,52.43675165426401,-0.11532800000000001,-0.15629392000000003,-0.183976,-0.33262208,-0.144416,0.46037099,0.018458823038587147,1
2015-10-05,16776.429688,-0.16614,-0.7435117,0.018458823038587147,16370.927734599998,16298.287793,0.0484030359562444,0.008116672289309642,54.09508902575078,0.133164,-0.2545957,-0.299304,-0.488916,-0.11532800000000001,-0.15629392000000003,0.0008201843452926294,1
2015-10-06,16790.189453,-0.246448,-0.5642397,0.0008201843452926294,16519.139648599998,16344.2597656,0.046174439075663765,0.008590434969005366,51.237652573743425,-0.08030799999999999,0.179272,-0.16614,-0.7435117,0.133164,-0.2545957,0.007272080481389942,1
2015-10-07,16912.289062,-0.041424,-0.59136724,0.007272080481389942,16644.657422,16407.499707,0.038538558247003696,0.00800643564048271,55.692386030277916,0.20502399999999998,-0.02712753999999995,-0.246448,-0.5642397,-0.08030799999999999,0.179272,0.008187001623044976,1
2015-10-08,17050.75,-0.201436,-0.6071875,0.008187001623044976,16800.4054688,16492.442675799997,0.04785765527422203,0.0065222833611514935,67.2150310431621,-0.160012,-0.01582026000000003,-0.041424,-0.59136724,0.20502399999999998,-0.02712753999999995,0.0019788123103090527,1
2015-10-09,17084.490234,-0.147768,-0.3986479,0.0019788123103090527,16922.8296874,16569.424707,0.03716047690288948,0.006992862844629106,65.58076145298537,0.053667999999999993,0.2085396,-0.201436,-0.6071875,-0.160012,-0.01582026000000003,0.0027726399998595497,1
2015-10-12,17131.859375,-0.2331119999999999,-0.41521472,0.0027726399998595497,16993.9156248,16682.4216797,0.021186253190345727,0.0033063521016563385,73.42381760939706,-0.08534399999999989,-0.016566819999999982,-0.147768,-0.3986479,0.053667999999999993,0.2085396,-0.0029167149289655026,0
2015-10-13,17081.890625,-0.1714079999999999,-0.588389,-0.0029167149289655026,17052.255859200002,16785.6977539,0.017373310337953418,0.004477872495066693,73.45006651112041,0.06170400000000001,-0.17317428000000007,-0.2331119999999999,-0.41521472,-0.08534399999999989,-0.016566819999999982,-0.009199252497848143,0
2015-10-14,16924.75,-0.209484,-0.5487413,-0.009199252497848143,17054.7480468,16849.7027344,0.0007367978370236283,0.006550351173589412,70.22346516242438,-0.03807600000000011,0.03964770000000006,-0.1714079999999999,-0.588389,0.06170400000000001,-0.17317428000000007,0.012821459696598092,1
2015-10-15,17141.75,-0.235312,-0.58485353,0.012821459696598092,17072.9480468,16936.6767578,0.005337008635983853,0.008111271218897058,71.85452098361844,-0.02582799999999999,-0.03611222999999997,-0.209484,-0.5487413,-0.03807600000000011,0.03964770000000006,0.004329820642583027,1
2015-10-16,17215.970703,-0.0937839999999999,-0.46918908,0.004329820642583027,17099.2441406,17011.036914,0.007695896523639778,0.008242653621215734,86.70844928420135,0.1415280000000001,0.11566444999999997,-0.235312,-0.58485353,-0.02582799999999999,-0.03611222999999997,0.0008462118837981869,1
2015-10-19,17230.539062,-0.290812,-0.2855989,0.0008462118837981869,17118.980078,17056.4478514,0.005760010331628207,0.008216876776049889,86.44055443975826,-0.19702800000000012,0.18359018,-0.0937839999999999,-0.46918908,0.1415280000000001,0.11566444999999997,-0.0007794118890694923,0
2015-10-20,17217.109375,-0.220032,-0.7551074,-0.0007794118890694923,17146.023827999998,17099.139843599998,0.00791591241089562,0.008003540771743272,83.32727148021259,0.07078000000000001,-0.4695085,-0.290812,-0.2855989,-0.19702800000000012,0.18359018,-0.002816965318837128,0
2015-10-21,17168.609375,-0.190504,-0.59458727,-0.002816965318837128,17194.795703,17124.771874899998,0.014408447687558112,0.006142426309399292,81.24742192538093,0.029528,0.16052012999999998,-0.220032,-0.7551074,0.07078000000000001,-0.4695085,0.01867074810769309,1
2015-10-22,17489.160156,-0.240972,-0.3714453,0.01867074810769309,17264.277734199997,17168.6128905,0.020266901337378185,0.008581772325196,82.6969964705178,-0.050467999999999985,0.22314197000000002,-0.190504,-0.59458727,0.029528,0.16052012999999998,0.00900781178711707,1
2015-10-23,17646.699219,-0.229596,-0.458455,0.00900781178711707,17350.4234374,17224.833789,0.025019124592547293,0.008870053381620337,80.89682891544274,0.011375999999999997,-0.08700970000000002,-0.240972,-0.3714453,-0.050467999999999985,0.22314197000000002,-0.0013401054614528007,0
2015-10-26,17623.050781,-0.197684,-0.47583854,-0.0013401054614528007,17428.9257812,17273.9529296,0.022780002273152355,0.009173818070132482,79.36257207480041,0.031911999999999996,-0.017383539999999975,-0.229596,-0.458455,0.011375999999999997,-0.08700970000000002,-0.0023617416483231457,0
2015-10-27,17581.429688,-0.130404,-0.38918945,-0.0023617416483231457,17501.7898438,17323.9068359,0.021160364673584953,0.009427347524558333,75.00978203968067,0.06728,0.08664908999999998,-0.197684,-0.47583854,0.031911999999999996,-0.017383539999999975,0.011266992873463888,1
2015-10-28,17779.519531,-0.0933,-0.63263685,0.011266992873463888,17623.971875,17409.383789,0.035582972543459324,0.00888302573812009,76.07615780707334,0.037104,-0.24344740000000004,-0.130404,-0.38918945,0.06728,0.08664908999999998,-0.001334048985893288,0
2015-10-29,17755.800781,-0.1702,-0.7026054,-0.001334048985893288,17677.3,17470.788867100004,0.015246050846445147,0.006534415194010785,74.19372098392502,-0.0769,-0.06996855000000002,-0.0933,-0.63263685,0.037104,-0.24344740000000004,-0.005196145199980462,0
2015-10-30,17663.539062,-0.240732,-0.6297168,-0.005196145199980462,17680.667968600002,17515.545703000003,0.0009542772158699364,0.00638130514382236,68.56089325946081,-0.07053200000000001,0.07288860000000008,-0.1702,-0.7026054,-0.0769,-0.06996855000000002,0.009353771258413524,1
2015-11-02,17828.759766,-0.1719879999999999,-0.34593886,0.009353771258413524,17721.8097656,17575.3677734,0.011672722705978966,0.007437783906641679,74.13132239588808,0.06874400000000011,0.28377793999999995,-0.240732,-0.6297168,-0.07053200000000001,0.07288860000000008,0.005013844270338463,1
2015-11-03,17918.150391,-0.222688,-0.3418353,0.005013844270338463,17789.1539062,17645.471875,0.019152066070589502,0.0069885742941381244,83.56627252937912,-0.050700000000000106,0.004103560000000006,-0.1719879999999999,-0.34593886,0.06874400000000011,0.28377793999999995,-0.0028222953762795377,0
2015-11-04,17867.580078,-0.087772,-0.48032233,-0.0028222953762795377,17806.7660156,17715.3689453,0.004952920513203729,0.0060072110054662665,77.63319329080346,0.13491599999999998,-0.13848703,-0.222688,-0.3418353,-0.050700000000000106,0.004103560000000006,-0.00023228607242165022,0
2015-11-05,17863.429688,-0.09376,-0.7102002,-0.00023228607242165022,17828.291797,17752.7958985,0.00606161942947514,0.005919620725971453,76.03876531788197,-0.005987999999999993,-0.22987786999999993,-0.087772,-0.48032233,0.13491599999999998,-0.13848703,0.0026254975007125037,1
2015-11-06,17910.330078,-0.199788,-0.46325013,0.0026254975007125037,17877.6500002,17779.1589844,0.013971776275057302,0.0047087069279423506,76.64610332755703,-0.106028,0.24695006999999997,-0.09376,-0.7102002,-0.005987999999999993,-0.22987786999999993,-0.010041669149409849,0
2015-11-09,17730.480469,-0.128752,-0.6074612,-0.010041669149409849,17857.9941408,17789.901953200002,-0.005512402337005118,0.005807984332380595,67.80051741576759,0.07103599999999999,-0.14421107000000005,-0.199788,-0.46325013,-0.106028,0.24695006999999997,0.001563999861621701,1
2015-11-10,17758.210938,-0.364948,-0.44121093,0.001563999861621701,17826.0062502,17807.5800782,-0.008926113996695406,0.005057857979654671,70.7424733234435,-0.236196,0.16625027000000003,-0.128752,-0.6074612,0.07103599999999999,-0.14421107000000005,-0.003152920933053527,0
2015-11-11,17702.220703,-0.1238759999999999,-0.4441699,-0.003152920933053527,17792.934375200002,17799.850195400002,-0.009254715763306054,0.0050769943332087415,59.20999086731409,0.2410720000000001,-0.002958970000000005,-0.364948,-0.44121093,-0.236196,0.16625027000000003,-0.014356977876619048,0
2015-11-12,17448.070312,-0.133716,-0.46078125,-0.014356977876619048,17709.8625,17769.077148499997,-0.023251938919603088,0.007366832895585906,42.07571924868917,-0.009840000000000099,-0.01661134999999997,-0.1238759999999999,-0.4441699,0.2410720000000001,-0.002958970000000005,-0.011624785685354633,0
2015-11-13,17245.240234,-0.299912,-0.56066614,-0.011624785685354633,17576.8445312,17727.247265699996,-0.03713442695380331,0.0065487164743726995,36.81266164767323,-0.166196,-0.09988489000000006,-0.133716,-0.46078125,-0.009840000000000099,-0.01661134999999997,0.013787545361718001,1
2015-11-16,17483.009766,-0.335584,-0.66261727,0.013787545361718001,17527.3503906,17692.6722657,-0.013957360232435767,0.011244408426216667,46.9784315001294,-0.03567199999999998,-0.10195113,-0.299912,-0.56066614,-0.166196,-0.09988489000000006,0.0003712309314511941,1
2015-11-17,17489.5,-0.24866,-0.46953586,0.0003712309314511941,17473.608203,17649.8072266,-0.015131644676266265,0.011142015309202977,39.9090187700132,0.086924,0.19308141,-0.335584,-0.66261727,-0.03567199999999998,-0.10195113,0.014160505217416297,1
2015-11-18,17737.160156,-0.42894,-0.33604595,0.014160505217416297,17480.596093599997,17636.7652344,0.00197373276416557,0.013517764103823904,49.43886154315325,-0.18028,0.13348991000000004,-0.24866,-0.46953586,0.086924,0.19308141,-0.00024863935157681816,0
2015-11-19,17732.75,-0.334472,-0.46698242,-0.00024863935157681816,17537.5320312,17623.6972656,0.01631582650169694,0.010861150402300332,52.199807820324544,0.094468,-0.13093647000000003,-0.42894,-0.33604595,-0.18028,0.13348991000000004,0.005135162171687968,1
2015-11-20,17823.810547,-0.286732,-0.4132291,0.005135162171687968,17653.2460938,17615.0453125,0.03354956528000774,0.0070117892032876845,49.83491081483958,0.047740000000000005,0.05375331999999999,-0.334472,-0.46698242,0.094468,-0.13093647000000003,-0.0017465883020867379,0
2015-11-23,17792.679688,-0.225832,-0.46436775,-0.0017465883020867379,17715.1800782,17621.2652344,0.017712620775527377,0.006474612234311924,45.645475068786006,0.06089999999999998,-0.05113865000000001,-0.286732,-0.4132291,0.047740000000000005,0.05375331999999999,0.0010965051550473337,1
2015-11-24,17812.189453,-0.089436,-0.38768554,0.0010965051550473337,17779.7179688,17626.6630859,0.01845046759484248,0.006393649154834674,48.035281792259596,0.13639600000000002,0.07668221000000003,-0.225832,-0.46436775,0.06089999999999998,-0.05113865000000001,6.743539322728864e-05,1
2015-11-25,17813.390625,-0.225608,-0.7217578,6.743539322728864e-05,17794.9640626,17637.7800781,0.004297783203711436,0.0025973296731319523,48.221381721909374,-0.13617200000000002,-0.33407226,-0.089436,-0.38768554,0.13639600000000002,0.07668221000000003,0.0,0
2015-11-27,17813.390625,-0.123524,-0.5723656,0.0,17811.0921876,17674.3121094,0.004547553255981107,0.002573045608264795,46.435481303706084,0.10208400000000001,0.14939219999999998,-0.225608,-0.7217578,-0.13617200000000002,-0.33407226,-0.005247215702372743,0
2015-11-30,17719.919922,-0.1217959999999999,-0.29637393,-0.005247215702372743,17790.314062600002,17721.7800782,-0.005828755008703057,0.002499662618633594,49.58534194423261,0.0017280000000000906,0.27599167,-0.123524,-0.5723656,0.10208400000000001,0.14939219999999998,0.009505104297389488,1
2015-12-01,17888.349609,-0.186232,-0.49921876,0.009505104297389488,17809.4480468,17762.3140625,0.0053769259424438776,0.005319960177646672,54.601454901270095,-0.0644360000000001,-0.20284482999999998,-0.1217959999999999,-0.29637393,0.0017280000000000906,0.27599167,-0.008870014532820325,0
2015-12-02,17729.679688,-0.07274,-0.717998,-0.008870014532820325,17792.9460938,17786.3320313,-0.004632207916815179,0.006935977639219301,50.90517171412162,0.11349200000000001,-0.21877924000000004,-0.186232,-0.49921876,-0.0644360000000001,-0.20284482999999998,-0.014214005579049838,0
2015-12-03,17477.669922,-0.189204,-0.59919953,-0.014214005579049838,17725.8019532,17760.3830079,-0.018846535736371073,0.009051391428493477,50.97711534288738,-0.11646400000000001,0.11879846999999999,-0.07274,-0.717998,0.11349200000000001,-0.21877924000000004,0.021167634967994786,1
2015-12-04,17847.630859,-0.211912,-0.33038837,0.021167634967994786,17732.65,17771.8710938,0.001922162642745029,0.01453932284531442,67.90938697399508,-0.022707999999999978,0.26881116000000005,-0.189204,-0.59919953,-0.11646400000000001,0.11879846999999999,-0.006562276748397711,0
2015-12-07,17730.509766,-0.246944,-0.6825534,-0.006562276748397711,17734.7679688,17762.5410157,0.0005976236939337909,0.014679779030835225,57.92697575896091,-0.03503200000000001,-0.35216503,-0.211912,-0.33038837,-0.022707999999999978,0.26881116000000005,-0.009165543920887531,0
2015-12-08,17568.0,-0.2763,-0.6171289,-0.009165543920887531,17670.698047,17740.0730469,-0.01790828198252714,0.014085373213770685,52.28577148632419,-0.029355999999999993,0.0654245,-0.246944,-0.6825534,-0.03503200000000001,-0.35216503,-0.004308926400273139,0
2015-12-09,17492.300781,-0.287568,-0.52632934,-0.004308926400273139,17623.2222656,17708.0841797,-0.013388787117268874,0.013797741203742735,42.076689901892706,-0.011268,0.09079956,-0.2763,-0.6171289,-0.029355999999999993,0.0654245,0.004713457653869879,1
2015-12-10,17574.75,-0.307264,-0.4987793,0.004713457653869879,17642.6382812,17684.2201172,0.005554520621641856,0.01233989157587505,45.13313840184983,-0.01969599999999999,0.027550039999999998,-0.287568,-0.52632934,-0.011268,0.09079956,-0.01761271494615857,0
2015-12-11,17265.210938,-0.270084,-0.5783181,-0.01761271494615857,17526.154297,17629.4021485,-0.032632898203758254,0.008079385069050751,34.83468386721749,0.03717999999999999,-0.07953879999999997,-0.307264,-0.4987793,-0.01969599999999999,0.027550039999999998,0.005982496383676761,1
2015-12-14,17368.5,-0.1887599999999999,-0.41125977,0.005982496383676761,17453.7523438,17594.2601563,-0.020417335473015497,0.009844138531197845,38.91821169815811,0.08132400000000009,0.16705832999999992,-0.270084,-0.5783181,0.03717999999999999,-0.07953879999999997,0.009005392290641234,1
2015-12-15,17524.910156,-0.23382,-0.40404883,0.009005392290641234,17445.134375,17557.916211,-0.002452746129326,0.010803849647786216,42.995783753340646,-0.0450600000000001,0.007210939999999999,-0.1887599999999999,-0.41125977,0.08132400000000009,0.16705832999999992,0.012792059189144833,1
2015-12-16,17749.089844,-0.138144,-0.70958793,0.012792059189144833,17496.4921876,17559.8572266,0.01468011934021396,0.011923312795130562,48.58601182040437,0.09567600000000001,-0.30553909999999995,-0.23382,-0.40404883,-0.0450600000000001,0.007210939999999999,-0.014268337262691277,0
2015-12-17,17495.839844,-0.159476,-0.8062933,-0.014268337262691277,17480.7101564,17561.6742188,-0.004489973171737938,0.014061947733456346,43.716813337858724,-0.021332000000000018,-0.09670537000000001,-0.138144,-0.70958793,0.09567600000000001,-0.30553909999999995,-0.020992936965295472,0
2015-12-18,17128.550781,-0.218516,-0.46715188,-0.020992936965295472,17453.378125,17489.766211000002,-0.007915348239343811,0.015113064988809436,39.4428781200843,-0.05903999999999998,0.33914141999999997,-0.159476,-0.8062933,-0.021332000000000018,-0.09670537000000001,0.007184983807066336,1
2015-12-21,17251.619141,-0.2049119999999999,-0.48593017,0.007184983807066336,17430.0019532,17441.8771485,-0.006729473414514797,0.015270575856003051,38.445960708655065,0.013604000000000088,-0.018778289999999975,-0.218516,-0.46715188,-0.05903999999999998,0.33914141999999997,0.009602019882662516,1
2015-12-22,17417.269531,-0.251928,-0.5435056,0.009602019882662516,17408.4738282,17426.8041016,-0.006142149890745463,0.015372791727115006,44.3453655995256,-0.047016000000000086,-0.05757543000000004,-0.2049119999999999,-0.48593017,0.013604000000000088,-0.018778289999999975,0.010641153808300663,1
2015-12-23,17602.609375,-0.21262,-0.7667285,0.010641153808300663,17379.1777344,17437.834961,-0.008252843964814072,0.014908673982253753,52.31733620429459,0.03930799999999998,-0.2232229,-0.251928,-0.5435056,-0.047016000000000086,-0.05757543000000004,-0.0028654531794379823,0
2015-12-24,17552.169922,-0.304548,-0.569834,-0.0028654531794379823,17390.44375,17435.5769532,0.0032196269800286448,0.013261056792992236,43.78300095082159,-0.09192799999999998,0.19689450000000008,-0.21262,-0.7667285,0.03930799999999998,-0.2232229,-0.0013616772801431365,0
2015-12-28,17528.269531,-0.2618479999999999,-0.4900815,-0.0013616772801431365,17470.3875,17461.8828125,0.023336402192495553,0.006313960490805671,45.57076163424277,0.04270000000000007,0.07975249999999995,-0.304548,-0.569834,-0.09192799999999998,0.19689450000000008,0.010994293398967514,1
2015-12-29,17720.980469,-0.21438,-0.63137734,0.010994293398967514,17564.2597656,17497.1308594,0.027206798629383133,0.006900376031481853,53.30666365319818,0.04746799999999993,-0.14129584,-0.2618479999999999,-0.4900815,0.04270000000000007,0.07975249999999995,-0.006608625758877551,0
2015-12-30,17603.869141,-0.25374,-0.26085562,-0.006608625758877551,17601.579687600002,17505.0267579,0.010713482366904836,0.008132049218731046,52.36913027370362,-0.039360000000000034,0.37052172,-0.21438,-0.63137734,0.04746799999999993,-0.14129584,-0.010159121416295602,0
2015-12-31,17425.029297,-0.082616,-0.4526761,-0.010159121416295602,17566.063672,17472.620703200002,-0.010088281471053118,0.008028368757754008,46.94574399868064,0.17112400000000003,-0.19182048000000002,-0.25374,-0.26085562,-0.039360000000000034,0.37052172,-0.015844440734887888,0
2016-01-04,17148.939453,-0.2756119999999999,-0.38333008,-0.015844440734887888,17485.417578200002,17437.9306641,-0.022973254634151563,0.010186320397835513,47.59528030570545,-0.19299599999999992,0.06934602000000001,-0.082616,-0.4526761,0.17112400000000003,-0.19182048000000002,0.0005668398927318741,1
2016-01-05,17158.660156,-0.337908,-0.14601563,0.0005668398927318741,17411.495703200002,17440.9416016,-0.021086472589112115,0.010374179476841102,45.48537341180263,-0.062296000000000074,0.23731445,-0.2756119999999999,-0.38333008,-0.19299599999999992,0.06934602000000001,-0.014695226067044098,0
2016-01-06,16906.509766,-0.375156,-0.25670043,-0.014695226067044098,17248.6015626,17406.4306641,-0.04596081488971704,0.006657002104015899,37.22176081548604,-0.037248,-0.11068479999999997,-0.337908,-0.14601563,-0.062296000000000074,0.23731445,-0.023210595352398444,0
2016-01-07,16514.099609,-0.187404,-0.500249,-0.023210595352398444,17030.6476562,17316.1136719,-0.06190511433999979,0.008757870681186442,26.13979492476517,0.187752,-0.24354857000000008,-0.375156,-0.25670043,-0.037248,-0.11068479999999997,-0.010151895529843746,0
2016-01-08,16346.450195,-0.262212,-0.66717774,-0.010151895529843746,16814.9318358,17190.497753900003,-0.061898266201807495,0.008758388869249213,27.0339799002371,-0.07480800000000001,-0.1669287399999999,-0.187404,-0.500249,0.187752,-0.24354857000000008,0.003188466999149542,1
2016-01-11,16398.570312,-0.153868,-0.46245238,0.003188466999149542,16664.8580076,17075.1377929,-0.043756008530820956,0.010905151426194786,33.312452507540726,0.108344,0.20472535999999997,-0.262212,-0.66717774,-0.07480800000000001,-0.1669287399999999,0.0071744297680576,1
2016-01-12,16516.220703,-0.1930839999999999,-0.642561,0.0071744297680576,16536.370117,16973.9329101,-0.03744111994521648,0.012601599692229404,33.14684894787557,-0.03921599999999989,-0.18010862000000005,-0.153868,-0.46245238,0.108344,0.20472535999999997,-0.022088015991075682,0
2016-01-13,16151.410156,-0.07288,-0.5544336,-0.022088015991075682,16385.350195,16816.9758788,-0.044663246314656235,0.0140065468368277,23.41685241793529,0.1202039999999999,0.08812740000000008,-0.1930839999999999,-0.642561,-0.03921599999999989,-0.18010862000000005,0.01409410366038144,1
2016-01-14,16379.049805,-0.307256,-0.5769237,0.01409410366038144,16358.340234199999,16694.4939452,-0.008177848456624282,0.014483690953487843,24.753677485456265,-0.23437599999999997,-0.02249010000000007,-0.07288,-0.5544336,0.1202039999999999,0.08812740000000008,-0.023870110394355715,0
2016-01-15,15988.080078,-0.294236,-0.6508203,-0.023870110394355715,16286.666210799998,16550.7990233,-0.02192342146000703,0.017503467224101513,21.7037253965361,0.013019999999999976,-0.07389659999999998,-0.307256,-0.5769237,-0.23437599999999997,-0.02249010000000007,0.0017475177046708534,1
2016-01-19,16016.019531,-0.216084,-0.6658008,0.0017475177046708534,16210.1560546,16437.507031099998,-0.023328300804373203,0.01736062265515428,22.681494882560457,0.078152,-0.014980499999999952,-0.294236,-0.6508203,0.013019999999999976,-0.07389659999999998,-0.015564372690574202,0
2016-01-20,15766.740234,-0.1467399999999999,-0.36382806,-0.015564372690574202,16060.259960800002,16298.315038900002,-0.04537844840399008,0.016464062198778193,15.404095071156974,0.0693440000000001,0.30197273999999996,-0.216084,-0.6658008,0.078152,-0.014980499999999952,0.007353419430985664,1
2016-01-21,15882.679688,-0.1124039999999999,-0.7122462,0.007353419430985664,16006.5138672,16195.9320311,-0.016638204677142054,0.015929989985595517,19.517144127028132,0.03433599999999999,-0.34841814000000004,-0.1467399999999999,-0.36382806,0.0693440000000001,0.30197273999999996,0.01327421330289047,1
2016-01-22,16093.509766,-0.33796,-0.4608696,0.01327421330289047,15949.4058594,16153.8730468,-0.017433248106543675,0.0157095435618656,26.682545981263416,-0.2255560000000001,0.25137660000000006,-0.1124039999999999,-0.7122462,0.03433599999999999,-0.34841814000000004,-0.012942486880024417,0
2016-01-25,15885.219727,-0.14082,-0.5760559,-0.012942486880024417,15928.833789200002,16107.75,-0.0064335649119958704,0.012605251155584517,27.331563629774408,0.19713999999999998,-0.11518629999999996,-0.33796,-0.4608696,-0.2255560000000001,0.25137660000000006,0.0177530274586426,1
2016-01-26,16167.230469,-0.365884,-0.24649963,0.0177530274586426,15959.075976800003,16084.616015700001,0.009441230869338124,0.015294662273423777,33.798524301545456,-0.225064,0.32955627,-0.14082,-0.5760559,0.19713999999999998,-0.11518629999999996,-0.013779138512755917,0
2016-01-27,15944.459961,-0.305084,-0.20770052,-0.013779138512755917,15994.6199222,16027.439941499999,0.011271811697433742,0.01479555259518021,34.126212490435876,0.060799999999999965,0.03879911,-0.365884,-0.24649963,-0.225064,0.32955627,0.007850983182007276,1
2016-01-28,16069.639648,-0.082964,-0.61299807,0.007850983182007276,16032.011914199999,16019.2628907,0.011771310866468987,0.014839379255974398,41.957161839532006,0.22212000000000004,-0.40529754999999995,-0.305084,-0.20770052,0.060799999999999965,0.03879911,0.024683884747183527,1
2016-01-29,16466.300781,-0.171124,-0.5947559,0.024683884747183527,16106.5701172,16027.987988300001,0.023164059327045017,0.017552783935754313,52.00278990729117,-0.08816,0.018242169999999946,-0.082964,-0.61299807,0.22212000000000004,-0.40529754999999995,-0.0010397655932385952,0
2016-02-01,16449.179688,-0.06248,-0.5041545,-0.0010397655932385952,16219.362109400001,16074.097949300001,0.035502181945991085,0.015210506148844064,50.85572886229351,0.10864399999999999,0.09060140000000005,-0.171124,-0.5947559,-0.08816,0.018242169999999946,-0.017972911391786695,0
2016-02-02,16153.540039,-0.165848,-0.51888674,-0.017972911391786695,16216.6240234,16087.850000100001,-0.000846801189990587,0.017211117143182644,44.2157689462942,-0.10336799999999999,-0.014732240000000063,-0.06248,-0.5041545,0.10864399999999999,0.09060140000000005,0.011336222063887513,1
2016-02-03,16336.660156,-0.2344,-0.42164657,0.011336222063887513,16295.064062399999,16144.841992299998,0.024597897699847993,0.01581107642404757,53.13622584105812,-0.068552,0.09724017000000001,-0.165848,-0.51888674,-0.10336799999999999,-0.014732240000000063,0.004892060019418665,1
2016-02-04,16416.580078,-0.133156,-0.71194047,0.004892060019418665,16364.4521484,16198.2320313,0.02158980771190966,0.01573154055881999,50.66882885325886,0.101244,-0.29029390000000005,-0.2344,-0.42164657,-0.068552,0.09724017000000001,-0.012890038606980014,0
2016-02-05,16204.969727,-0.176608,-0.7192627,-0.012890038606980014,16312.185937600001,16209.378027400002,-0.015870659565598633,0.012181588160282949,54.12916836217984,-0.04345199999999999,-0.007322229999999985,-0.133156,-0.71194047,0.101244,-0.29029390000000005,-0.010979343065575575,0
2016-02-08,16027.049805,-0.2481479999999999,-0.3991504,-0.010979343065575575,16227.759961,16223.561035199999,-0.025662670783999753,0.012559371834869977,50.19865118711909,-0.07153999999999991,0.3201123,-0.176608,-0.7192627,-0.04345199999999999,-0.007322229999999985,-0.0007905336387017403,0
2016-02-09,16014.379883,-0.2180879999999999,-0.32950196,-0.0007905336387017403,16199.927929799998,16208.275976599998,-0.008614839574732303,0.010314403848650119,54.875405441261854,0.030060000000000003,0.06964844000000003,-0.2481479999999999,-0.3991504,-0.07153999999999991,0.3201123,-0.006221886187786185,0
2016-02-10,15914.740234,-0.289868,-0.61687255,-0.006221886187786185,16115.5439454,16205.3040039,-0.025826571525088604,0.007329304186053059,50.635269168188366,-0.07178000000000012,-0.28737059,-0.2180879999999999,-0.32950196,0.030060000000000003,0.06964844000000003,-0.015995268679042662,0
2016-02-11,15660.179688,-0.243644,-0.4827588,-0.015995268679042662,15964.263867399999,16164.358007899998,-0.04607539368163882,0.005966417665300753,41.55997358246694,0.046224000000000015,0.13411374999999998,-0.289868,-0.61687255,-0.07178000000000012,-0.28737059,0.02002915434235719,1
2016-02-12,15973.839844,-0.048852,-0.59435266,0.02002915434235719,15918.037890799998,16115.111914199999,-0.014262901251515525,0.013945733771995107,51.65801061850339,0.194792,-0.11159385999999999,-0.243644,-0.4827588,0.046224000000000015,0.13411374999999998,0.013933425787012732,1
2016-02-16,16196.410156,-0.141712,-0.5592839,0.013933425787012732,15951.909961000001,16089.834960999997,0.010567156966540647,0.014718108565782163,50.55834686548421,-0.09286,0.03506876000000003,-0.048852,-0.59435266,0.194792,-0.11159385999999999,0.015893640598169112,1
2016-02-17,16453.830078,-0.166876,-0.597085,0.015893640598169112,16039.8,16119.863964900002,0.027440974812049657,0.01572968598553329,59.61913326214309,-0.025163999999999992,-0.03780110000000003,-0.141712,-0.5592839,-0.09286,0.03506876000000003,-0.002455379070312458,0
2016-02-18,16413.429688,-0.301628,-0.4424865,-0.002455379070312458,16139.537890800002,16127.5409181,0.03133506715583123,0.01510406148170105,56.707017146743006,-0.134752,0.15459849999999997,-0.166876,-0.597085,-0.025163999999999992,-0.03780110000000003,-0.0013062141433898278,0
2016-02-19,16391.990234,-0.204424,-0.5891699,-0.0013062141433898278,16285.9,16125.081933700003,0.04673066085957922,0.010376744840451963,48.301621818548924,0.09720400000000001,-0.14668340000000002,-0.301628,-0.4424865,-0.134752,0.15459849999999997,0.013950101161340323,1
2016-02-22,16620.660156,-0.164564,-0.64290047,0.013950101161340323,16415.264062399998,16166.6509766,0.040492475091576496,0.00906696382434375,53.57364105457065,0.03986000000000001,-0.05373056999999992,-0.204424,-0.5891699,0.09720400000000001,-0.14668340000000002,-0.011364221229913984,0
2016-02-23,16431.779297,-0.097632,-0.5534741,-0.011364221229913984,16462.3378906,16207.123925800002,0.014532179583807814,0.011627233795167849,56.06851712427649,0.06693199999999999,0.08942636999999998,-0.164564,-0.64290047,0.03986000000000001,-0.05373056999999992,0.0032382942856172825,1
2016-02-24,16484.990234,-0.205664,-0.43926758,0.0032382942856172825,16468.5699218,16254.1849609,0.0018937934725402616,0.009234739169876152,53.42948257658781,-0.10803200000000002,0.11420651999999998,-0.097632,-0.5534741,0.06693199999999999,0.08942636999999998,0.012878310814048,1
2016-02-25,16697.289062,-0.145976,-0.43911284,0.012878310814048,16525.3417966,16332.4398437,0.01729433636941402,0.010503195146076803,56.11579426328276,0.05968800000000002,0.00015473999999998655,-0.205664,-0.43926758,-0.10803200000000002,0.11420651999999998,-0.003432794316919785,0
2016-02-26,16639.970703,-0.35094,-0.45134765,-0.003432794316919785,16574.9378904,16430.4189452,0.015128148898334581,0.010784707596853722,60.16044451332083,-0.20496399999999998,-0.012234809999999985,-0.145976,-0.43911284,0.05968800000000002,0.00015473999999998655,-0.0074201274271317175,0
2016-02-29,16516.5,-0.226208,-0.31818572,-0.0074201274271317175,16554.1058592,16484.6849608,-0.006266908475497601,0.009550942608610946,61.730607288314644,0.12473199999999998,0.13316192999999998,-0.35094,-0.45134765,-0.20496399999999998,-0.012234809999999985,0.02110496037296028,1
2016-03-01,16865.080078,-0.3486599999999999,-0.6760425,0.02110496037296028,16640.7660154,16551.551953000002,0.02636968116283711,0.011721114335761519,67.56106540158106,-0.12245199999999992,-0.35785678,-0.226208,-0.31818572,0.12473199999999998,0.13316192999999998,0.002030244377236423,1
2016-03-02,16899.320312,-0.21096,-0.5348346,0.002030244377236423,16723.632030999997,16596.1009764,0.02513377758304336,0.011785832655978958,70.88877307353391,0.1376999999999999,0.14120789999999994,-0.3486599999999999,-0.6760425,-0.12245199999999992,-0.35785678,0.002637980591938094,1
2016-03-03,16943.900391,-0.255652,-0.22747864,0.002637980591938094,16772.9542968,16649.1480467,0.014769543012898012,0.010940974600885282,79.89930228321204,-0.04469199999999998,0.30735596000000004,-0.21096,-0.5348346,0.1376999999999999,0.14120789999999994,0.003710429036362539,1
2016-03-04,17006.769531,-0.276396,-0.633667,0.003710429036362539,16846.3140624,16710.625976400002,0.022043237608217137,0.010343672819133377,77.24043655120754,-0.020743999999999985,-0.40618835999999997,-0.255652,-0.22747864,-0.04469199999999998,0.30735596000000004,0.003950173363468146,1
2016-03-07,17073.949219,-0.10234,-0.31482604,0.003950173363468146,16957.8039062,16755.9548827,0.03375105010141355,0.00809795818184052,75.20854702993616,0.174056,0.31884096,-0.276396,-0.633667,-0.020743999999999985,-0.40618835999999997,-0.006433755225051074,0
2016-03-08,16964.099609,-0.274468,-0.24546875,-0.006433755225051074,16977.607812399998,16809.186913899997,0.0058712754722800575,0.004327089618019115,66.01611063578198,-0.172128,0.06935728999999996,-0.10234,-0.31482604,0.174056,0.31884096,0.002137441233884374,1
2016-03-09,17000.359375,-0.194448,-0.2381484,0.002137441233884374,16997.815625,16860.723828,0.005978883241135602,0.0043326236142737845,68.47029463190384,0.08001999999999998,0.007320350000000003,-0.274468,-0.24546875,-0.172128,0.06935728999999996,-0.00030755326312026376,0
2016-03-10,16995.130859,-0.35422,-0.109652326,-0.00030755326312026376,17008.061718599998,16890.5080077,0.0030235345356026677,0.004288323612414952,69.17609508009974,-0.15977199999999997,0.12849607400000002,-0.194448,-0.2381484,0.08001999999999998,0.007320350000000003,0.012837776290758107,1
2016-03-11,17213.310547,-0.316944,-0.68178225,0.012837776290758107,17049.3699218,16947.8419921,0.012144635441993623,0.007013887068543904,68.9691042642522,0.037275999999999976,-0.5721299240000001,-0.35422,-0.109652326,-0.15977199999999997,0.12849607400000002,0.0009190743382456734,1
2016-03-14,17229.130859,-0.166772,-0.64353615,0.0009190743382456734,17080.4062498,17019.105078,0.00908879592000389,0.006981300508018755,78.70058432626664,0.150172,0.03824610000000006,-0.316944,-0.68178225,0.037275999999999976,-0.5721299240000001,0.0013000329606469574,1
2016-03-15,17251.529297,-0.230784,-0.430166,0.0013000329606469574,17137.8921874,17057.7499999,0.01694340958995011,0.005361294543316695,78.21740604617698,-0.06401199999999999,0.21337014999999998,-0.166772,-0.64353615,0.150172,0.03824610000000006,0.004302834126879818,1
2016-03-16,17325.759766,-0.097728,-0.6981152,0.004302834126879818,17202.9722656,17100.3939453,0.019140794839815012,0.0053234213596776965,75.75266708445449,0.133056,-0.26794920000000005,-0.230784,-0.430166,-0.06401199999999999,0.21337014999999998,0.008988377427788574,1
2016-03-17,17481.490234,-0.148444,-0.7153516,0.008988377427788574,17300.2441406,17154.1529296,0.02861757164655443,0.005146010446819416,81.90916734667282,-0.050716,-0.01723639999999993,-0.097728,-0.6981152,0.133056,-0.26794920000000005,0.006910769355637392,1
2016-03-18,17602.300781,-0.264176,-0.39545518,0.006910769355637392,17378.042187400002,17213.7060546,0.02259822321440641,0.0035020632288590573,91.25517603430771,-0.11573200000000003,0.31989641999999996,-0.148444,-0.7153516,-0.050716,-0.01723639999999993,0.0012253148192580277,1
2016-03-21,17623.869141,-0.128252,-0.761322,0.0012253148192580277,17456.989843800002,17268.6980468,0.02291109663223656,0.003425975467700193,88.3635501119698,0.13592400000000002,-0.36586682000000004,-0.264176,-0.39545518,-0.11573200000000003,0.31989641999999996,-0.0023433463259167064,0
2016-03-22,17582.570312,-0.347976,-0.28836873,-0.0023433463259167064,17523.1980468,17330.5451171,0.019189082272118796,0.004506031703060245,84.2995641452856,-0.219724,0.47295327000000004,-0.128252,-0.761322,0.13592400000000002,-0.36586682000000004,-0.004548849603940752,0
2016-03-23,17502.589844,-0.27936,-0.5353325,-0.004548849603940752,17558.5640624,17380.768164,0.010206194729019069,0.005815808431338203,77.08392109387563,0.06861600000000001,-0.24696376999999997,-0.347976,-0.28836873,-0.219724,0.47295327000000004,0.0007507817481369194,1
2016-03-24,17515.730469,-0.335432,-0.41789657,0.0007507817481369194,17565.4121094,17432.828125,0.001958656529945202,0.004336224330352989,75.92306677496695,-0.05607200000000001,0.11743592999999997,-0.27936,-0.5353325,0.06861600000000001,-0.24696376999999997,0.0011224285527113853,1
2016-03-28,17535.390625,-0.2515,-0.5415625,0.0011224285527113853,17552.030078199998,17465.0361328,-0.0038012164905297796,0.0025802050584928706,74.69829886660135,0.083932,-0.12366592999999992,-0.335432,-0.41789657,-0.05607200000000001,0.11743592999999997,0.005572658863993718,1
2016-03-29,17633.109375,-0.136976,-0.19705506,0.005572658863993718,17553.878125,17505.4339844,0.0005243022361363092,0.003840574169833434,86.27935693554086,0.11452400000000001,0.34450743999999994,-0.2515,-0.5415625,0.083932,-0.12366592999999992,0.004738289726624156,1
2016-03-30,17716.660156,-0.258184,-0.5369623,0.004738289726624156,17580.6960938,17551.9470703,0.007626293631738612,0.004011292764596128,86.94875975621447,-0.12120800000000004,-0.33990724,-0.136976,-0.19705506,0.11452400000000001,0.34450743999999994,-0.0017819561769554237,0
2016-03-31,17685.089844,-0.158796,-0.680547,-0.0017819561769554237,17617.196093799997,17587.8800781,0.010427028321329468,0.0030357716890027342,84.64838550624552,0.09938800000000003,-0.1435847,-0.258184,-0.5369623,-0.12120800000000004,-0.33990724,0.006087622791270508,1
2016-04-01,17792.75,-0.171032,-0.20397893,0.006087622791270508,17672.6,17619.0060547,0.015815471212592636,0.0033710822293519086,82.73156353825117,-0.012235999999999997,0.47656807,-0.158796,-0.680547,0.09938800000000003,-0.1435847,-0.0031332986750221004,0
2016-04-04,17737.0,-0.220568,-0.39288452,-0.0031332986750221004,17712.921875,17632.4759766,0.011497284509451866,0.004392740724620175,77.45035737407568,-0.049536,-0.18890559,-0.171032,-0.20397893,-0.012235999999999997,0.47656807,-0.007536769915994834,0
2016-04-05,17603.320312,-0.199644,-0.34850585,-0.007536769915994834,17706.9640624,17630.4210937,-0.001689382307254017,0.0056740092029886075,66.97260325786431,0.020923999999999998,0.04437867000000001,-0.220568,-0.39288452,-0.049536,-0.18890559,0.006403932156091807,1
2016-04-06,17716.050781,-0.1375559999999999,-0.7482843,0.006403932156091807,17706.8421874,17643.7691406,-3.439559119122748e-05,0.006079987971857887,68.1556104096791,0.06208800000000009,-0.39977845,-0.199644,-0.34850585,0.020923999999999998,0.04437867000000001,-0.009826673289213383,0
2016-04-07,17541.960938,-0.132592,-0.5815234,-0.009826673289213383,17678.2164062,17647.70625,-0.008093196430582816,0.007557063980625692,52.76574309601533,0.004963999999999913,0.1667609,-0.1375559999999999,-0.7482843,0.06208800000000009,-0.39977845,0.0019952159353051613,1
2016-04-08,17576.960938,-0.165232,-0.6041214,0.0019952159353051613,17635.0585938,17653.8292969,-0.01212792075423974,0.006687765842919606,48.742312769738724,-0.03264,-0.022598000000000007,-0.132592,-0.5815234,0.004963999999999913,0.1667609,-0.0011691885800103607,0
2016-04-11,17556.410156,-0.106372,-0.726496,-0.0011691885800103607,17598.940625,17655.93125,-0.010181532615436528,0.006693040153191864,46.648436603463026,0.058859999999999996,-0.1223746,-0.165232,-0.6041214,-0.03264,-0.022598000000000007,0.009389154305196268,1
2016-04-12,17721.25,-0.126588,-0.76747286,0.009389154305196268,17622.5265626,17664.7453125,0.006699286606721033,0.007447323553802977,56.136693659583,-0.020216000000000012,-0.040976860000000004,-0.106372,-0.726496,0.058859999999999996,-0.1223746,0.010553956238978701,1
2016-04-13,17908.279297,-0.272452,-0.56383604,0.010553956238978701,17660.972265800003,17683.9072266,0.01085052861815905,0.008329257184899396,66.39850693375716,-0.14586400000000002,0.20363682000000005,-0.126588,-0.76747286,-0.020216000000000012,-0.040976860000000004,0.0010135195402631858,1
2016-04-14,17926.429688,-0.2246999999999999,-0.6376112,0.0010135195402631858,17737.8660158,17708.041211,0.02191709076076842,0.00526831301880261,66.5340449890762,0.04775200000000013,-0.07377516000000006,-0.272452,-0.56383604,-0.14586400000000002,0.20363682000000005,-0.0016159798969558326,0
2016-04-15,17897.460938,-0.139536,-0.47674447,-0.0016159798969558326,17801.9660158,17718.512304800002,0.018234096390753463,0.005884458817346656,64.46789250007205,0.0851639999999999,0.16086673000000007,-0.2246999999999999,-0.6376112,0.04775200000000013,-0.07377516000000006,0.005961695816497414,1
2016-04-18,18004.160156,-0.214364,-0.37883326,0.005961695816497414,17891.5160158,17745.2283204,0.025503505330614518,0.00526024947351252,64.72108830186417,-0.074828,0.09791120999999997,-0.139536,-0.47674447,0.0851639999999999,0.16086673000000007,0.002746001622492944,1
2016-04-19,18053.599609,-0.2555719999999999,-0.66603696,0.002746001622492944,17957.985937600002,17790.2562501,0.01875429831417086,0.0047030268981575005,63.73964029175106,-0.04120799999999991,-0.2872037,-0.214364,-0.37883326,-0.074828,0.09791120999999997,0.0023635132563109007,1
2016-04-20,18096.269531,-0.123352,-0.6547656,0.0023635132563109007,17995.583984400004,17828.2781251,0.010497392344751555,0.0027562747952345687,66.61657266091566,0.1322199999999999,0.011271360000000064,-0.2555719999999999,-0.66603696,-0.04120799999999991,-0.2872037,-0.006285825915951282,0
2016-04-21,17982.519531,-0.09306,-0.5669751,-0.006285825915951282,18006.801953000002,17872.3339844,0.003128890915604199,0.004711223563026005,57.63139456336312,0.030292,0.0877905,-0.123352,-0.6547656,0.1322199999999999,0.011271360000000064,0.0011806170410881833,1
2016-04-22,18003.75,-0.12436,-0.54196763,0.0011806170410881833,18028.0597654,17915.0128906,0.005938778822772939,0.004540246836103811,61.03341303294592,-0.031299999999999994,0.02500746999999992,-0.09306,-0.5669751,0.030292,0.0877905,-0.0014724580156911804,0
2016-04-25,17977.240234,-0.276456,-0.25850877,-0.0014724580156911804,18022.675781,17957.095898400003,-0.0014952056506245537,0.0037339396891522647,66.97077735373544,-0.15209599999999998,0.28345886000000003,-0.12436,-0.54196763,-0.031299999999999994,0.02500746999999992,0.0007275909889250531,1
2016-04-26,17990.320312,-0.224192,-0.65185547,0.0007275909889250531,18010.019921599996,17984.002929600003,-0.003505079229100372,0.003418989485042059,63.685997626048405,0.05226399999999998,-0.3933467,-0.276456,-0.25850877,-0.15209599999999998,0.28345886000000003,0.0028476685301612736,1
2016-04-27,18041.550781,-0.230276,-0.45695314,0.0028476685301612736,17999.0761716,17997.330078000003,-0.0030237585656128774,0.0035323261228021883,78.41328158236105,-0.006084000000000006,0.19490233,-0.224192,-0.65185547,0.05226399999999998,-0.3933467,-0.011683641697918357,0
2016-04-28,17830.759766,-0.159168,-0.34558487,-0.011683641697918357,17968.7242186,17987.7630858,-0.008439293767393607,0.005800761317067842,62.02907081717693,0.071108,0.11136826999999999,-0.230276,-0.45695314,-0.006084000000000006,0.19490233,-0.0032034047763300766,0
2016-04-29,17773.640625,-0.1894239999999999,-0.5088849,-0.0032034047763300766,17922.702343599998,17975.3810545,-0.012781191418454463,0.005587679279097289,59.95093513819851,-0.030255999999999894,-0.16330002999999998,-0.159168,-0.34558487,0.071108,0.11136826999999999,0.0066120123321669055,1
2016-05-02,17891.160156,-0.322048,-0.18761608,0.0066120123321669055,17905.486328000003,17964.081054500002,-0.004788281008627604,0.006976908716805287,58.13599837193996,-0.1326240000000001,0.32126882,-0.1894239999999999,-0.5088849,-0.030255999999999894,-0.16330002999999998,-0.007839066822783236,0
2016-05-03,17750.910156,-0.063276,-0.6855534,-0.007839066822783236,17857.6042968,17933.8121092,-0.013307720587960037,0.007497475097789751,42.11109651361075,0.258772,-0.49793732,-0.322048,-0.18761608,-0.1326240000000001,0.32126882,-0.00561381862249577,0
2016-05-04,17651.259766,-0.326128,-0.28032225,-0.00561381862249577,17779.5460938,17889.3111327,-0.021632897290128072,0.006874471303788907,37.24776021306031,-0.262852,0.40523115,-0.063276,-0.6855534,0.258772,-0.49793732,0.0005354389502671975,1
2016-05-05,17660.710938,-0.1906,-0.57666016,0.0005354389502671975,17745.5363282,17857.130273400002,-0.009536824579076564,0.0056821987094636695,38.82612349795545,0.13552799999999998,-0.29633791,-0.326128,-0.28032225,-0.262852,0.40523115,0.004525294665688628,1
2016-05-06,17740.630859,-0.262464,-0.4633789,0.004525294665688628,17738.934375,17830.818359300003,-0.0018572315428482256,0.006261306625098008,37.23966655655331,-0.07186399999999998,0.11328126,-0.1906,-0.57666016,0.13552799999999998,-0.29633791,-0.001957128992534418,0
2016-05-09,17705.910156,-0.1407679999999999,-0.51621133,-0.001957128992534418,17701.884375,17803.6853515,-0.010354275429023785,0.004902543881665153,32.92111265686158,0.12169600000000008,-0.052832429999999986,-0.262464,-0.4633789,-0.07186399999999998,0.11328126,0.012563005857375797,1
2016-05-10,17928.349609,-0.31436,-0.48089844,0.012563005857375797,17737.3722656,17797.4882812,0.009996076338655957,0.006959304768503728,42.98967877173583,-0.17359200000000008,0.035312889999999986,-0.1407679999999999,-0.51621133,0.12169600000000008,-0.052832429999999986,-0.012116590357595047,0
2016-05-11,17711.119141,-0.102744,-0.64151347,-0.012116590357595047,17749.3441406,17764.4451172,0.0033912239575841774,0.009037639211450607,39.57068983038177,0.21161599999999997,-0.16061503000000005,-0.31436,-0.48089844,-0.17359200000000008,0.035312889999999986,0.0005296593018950801,1
2016-05-12,17720.5,-0.208888,-0.7003613,0.0005296593018950801,17761.301953,17753.4191406,0.003385427812611752,0.009037667489988252,39.01529724160466,-0.10614399999999999,-0.058847829999999934,-0.102744,-0.64151347,0.21161599999999997,-0.16061503000000005,-0.01045002612793089,0
2016-05-13,17535.320312,-0.06906,-0.6249988,-0.01045002612793089,17720.2398436,17729.5871093,-0.011572900007433828,0.009897233168406867,34.73994307235317,0.139828,0.0753625,-0.208888,-0.7003613,-0.10614399999999999,-0.058847829999999934,0.010002134142937491,1
2016-05-16,17710.710938,-0.179632,-0.03239563,0.010002134142937491,17721.2,17711.5421875,0.0002711400858639301,0.011337011898120516,41.31795359257241,-0.11057199999999999,0.59260317,-0.06906,-0.6249988,0.139828,0.0753625,-0.010204585780474118,0
2016-05-17,17529.980469,-0.1733,-0.5654893,-0.010204585780474118,17641.526172,17689.4492188,-0.022220067585028702,0.009507278059014367,35.297789315136995,0.0063319999999999765,-0.53309367,-0.179632,-0.03239563,-0.11057199999999999,0.59260317,-0.00019174738990401785,0
2016-05-18,17526.619141,-0.154624,-0.24635254,-0.00019174738990401785,17604.626172,17676.9851563,-0.010417184737518626,0.008550125097437137,40.07596614015363,0.018675999999999998,0.31913675999999996,-0.1733,-0.5654893,0.0063319999999999765,-0.53309367,-0.005204583340697622,0
2016-05-19,17435.400391,-0.205576,-0.54430604,-0.005204583340697622,17547.6062502,17654.4541016,-0.016088688750317437,0.008499866299270846,39.203560017903975,-0.050952,-0.29795350000000004,-0.154624,-0.24635254,0.018675999999999998,0.31913675999999996,0.0037589651244160915,1
2016-05-20,17500.939453,-0.1779039999999999,-0.4445703,0.0037589651244160915,17540.7300784,17630.484961000002,-0.001960663300599852,0.007822300596446995,37.1168615013847,0.027672000000000113,0.09973574000000007,-0.205576,-0.54430604,-0.050952,-0.29795350000000004,-0.0004576762876935536,0
2016-05-23,17492.929688,-0.319948,-0.35715827,-0.0004576762876935536,17497.1738284,17609.1869142,-0.012296584296496493,0.005369849717827713,40.66791203090784,-0.14204400000000011,0.08741202999999997,-0.1779039999999999,-0.4445703,0.027672000000000113,0.09973574000000007,0.012183270429892534,1
2016-05-24,17706.050781,-0.1455199999999999,-0.39820844,0.012183270429892534,17532.387890799997,17586.9570314,0.010043953689016671,0.006510402225892665,51.831625939353636,0.1744280000000001,-0.04105017,-0.319948,-0.35715827,-0.14204400000000011,0.08741202999999997,0.008215213364014984,1
2016-05-25,17851.509766,-0.34588,-0.5798926,0.008215213364014984,17597.366015800002,17600.9960939,0.018536982083440456,0.006872670109776638,55.84662288377225,-0.20036000000000012,-0.18168415999999998,-0.1455199999999999,-0.39820844,0.1744280000000001,-0.04105017,-0.001300769755857023,0
2016-05-26,17828.289062,-0.237692,-0.62226564,-0.001300769755857023,17675.94375,17611.775000100002,0.022533963212155728,0.005736070766997697,52.78279664457022,0.10818800000000003,-0.04237303999999997,-0.34588,-0.5798926,-0.20036000000000012,-0.18168415999999998,0.0025202441380518525,1
2016-05-27,17873.220703,-0.249088,-0.21335937,0.0025202441380518525,17750.4,17645.565039200003,0.021272072336447234,0.00580136628567496,55.27722642018299,-0.011396000000000017,0.40890626999999996,-0.237692,-0.62226564,0.10818800000000003,-0.04237303999999997,-0.00481286979159623,0
2016-05-31,17787.199219,-0.204176,-0.6678687,-0.00481286979159623,17809.2539062,17653.213867299997,0.016822198239432984,0.006903748220459279,45.12869668934406,0.04491200000000001,-0.45450933,-0.249088,-0.21335937,-0.011396000000000017,0.40890626999999996,0.0001389034310339543,1
2016-06-01,17789.669922,-0.3539719999999999,-0.30520508,0.0001389034310339543,17825.9777344,17679.1828126,0.0047226308132883865,0.004852408661198527,53.18268002959342,-0.1497959999999999,0.36266361999999996,-0.204176,-0.6678687,0.04491200000000001,-0.45450933,0.0027482592546328455,1
2016-06-02,17838.560547,-0.274064,-0.42614052,0.0027482592546328455,17823.3878906,17710.3769532,-0.0007253850889777924,0.0031096550558631212,54.635115136806235,0.07990799999999992,-0.12093544,-0.3539719999999999,-0.30520508,-0.1497959999999999,0.36266361999999996,-0.001765837547093918,0
2016-06-03,17807.060547,-0.12276,-0.552992,-0.001765837547093918,17819.142187600002,17747.5429688,-0.001190720821620861,0.003159563360004624,62.132720371482954,0.151304,-0.12685148000000002,-0.274064,-0.42614052,0.07990799999999992,-0.12093544,0.00636093367016044,1
2016-06-06,17920.330078,-0.259328,-0.43717775,0.00636093367016044,17828.564062600002,17789.482031300002,0.002635751876106651,0.004268795807327956,59.908782855558954,-0.13656800000000002,0.11581425000000006,-0.12276,-0.552992,0.151304,-0.12685148000000002,0.0010016120753286728,1
2016-06-07,17938.279297,-0.113812,-0.73025393,0.0010016120753286728,17858.7800782,17834.0169922,0.008493753071513455,0.0030724540764144495,72.81093621658454,0.145516,-0.2930761800000001,-0.259328,-0.43717775,-0.13656800000000002,0.11581425000000006,0.00372229035430216,1
2016-06-08,18005.050781,-0.0765359999999999,-0.4778584,0.00372229035430216,17901.85625,17863.9169922,0.012107074495724346,0.0030359314206291617,74.96061643202778,0.0372760000000001,0.25239553000000003,-0.113812,-0.73025393,0.145516,-0.2930761800000001,-0.0011030975830937928,0
2016-06-09,17985.189453,-0.112252,-0.3960498,-0.0011030975830937928,17931.182031199998,17877.2849609,0.008219772308066586,0.0033968717284971793,80.99094576940607,-0.03571600000000011,0.08180860000000001,-0.0765359999999999,-0.4778584,0.0372760000000001,0.25239553000000003,-0.006663794635758391,0
2016-06-10,17865.339844,-0.149828,-0.30946884,-0.006663794635758391,17942.8378906,17880.990039099997,0.003272819612544886,0.00496843492191816,69.35569211960205,-0.037575999999999984,0.08658095999999998,-0.112252,-0.3960498,-0.03571600000000011,0.08180860000000001,-0.007436711317004185,0
2016-06-13,17732.480469,-0.153164,-0.7420372,-0.007436711317004185,17905.2679688,17866.916015699997,-0.01048248599118251,0.0048430750462353025,61.23411285779324,-0.0033360000000000056,-0.43256835999999993,-0.149828,-0.30946884,-0.037575999999999984,0.08658095999999998,-0.003251668998073942,0
2016-06-14,17674.820312,-0.152276,-0.644541,-0.003251668998073942,17852.5761718,17855.678125,-0.01468697084251902,0.0045261546154427845,48.285387068660235,0.0008879999999999999,0.09749619999999992,-0.153164,-0.7420372,-0.0033360000000000056,-0.43256835999999993,-0.0019604380349187434,0
2016-06-15,17640.169922,-0.272508,-0.35774705,-0.0019604380349187434,17779.6,17840.728125,-0.02026547236317955,0.002827723439157655,36.78971166933642,-0.12023199999999998,0.28679395,-0.152276,-0.644541,0.0008879999999999999,0.09749619999999992,0.00526807209969693,1
2016-06-16,17733.099609,-0.264452,-0.7210352,0.00526807209969693,17729.182031199998,17830.1820312,-0.014016524243949391,0.005060391798798646,44.52692125276981,0.008055999999999952,-0.36328815,-0.272508,-0.35774705,-0.12023199999999998,0.28679395,-0.003267305450119551,0
2016-06-17,17675.160156,-0.295452,-0.56949025,-0.003267305450119551,17691.1460936,17816.991992100004,-0.010645176059377759,0.004622580754386141,38.78000364243853,-0.030999999999999972,0.15154495,-0.264452,-0.7210352,0.008055999999999952,-0.36328815,0.007338489940413195,1
2016-06-20,17804.869141,-0.352092,-0.4416028,0.007338489940413195,17705.623828,17805.4458984,0.004082264301745742,0.005081616352750564,50.95377959779813,-0.056640000000000024,0.12788744999999996,-0.295452,-0.56949025,-0.030999999999999972,0.15154495,0.0013963218602235372,1
2016-06-21,17829.730469,-0.3732999999999999,-0.27572525,0.0013963218602235372,17736.6058594,17794.5910156,0.008764454419648349,0.004546254428702991,52.111336436834506,-0.021207999999999894,0.16587755000000004,-0.352092,-0.4416028,-0.056640000000000024,0.12788744999999996,-0.0027426320933465753,0
2016-06-22,17780.830078,-0.095448,-0.59218866,-0.0027426320933465753,17764.7378906,17772.168945299996,0.007973854935749314,0.00471634419867715,46.957425768561464,0.2778519999999999,-0.31646341000000006,-0.3732999999999999,-0.27572525,-0.021207999999999894,0.16587755000000004,0.012948789960310902,1
2016-06-23,18011.070312,-0.1825,-0.40206864,0.012948789960310902,17820.3320312,17774.7570312,0.015675246241718677,0.006937918932981741,58.88969265778018,-0.08705199999999999,0.19012002000000006,-0.095448,-0.59218866,0.2778519999999999,-0.31646341000000006,-0.033885843618819744,0
2016-06-24,17400.75,-0.0468319999999999,-0.81289065,-0.033885843618819744,17765.45,17728.2980468,-0.015525186395940582,0.018265930635024737,34.20250953888805,0.1356680000000001,-0.41082201000000007,-0.1825,-0.40206864,-0.08705199999999999,0.19012002000000006,-0.014971180322687183,0
2016-06-27,17140.240234,-0.100772,-0.4408532,-0.014971180322687183,17632.5242186,17669.074023300003,-0.03732849153434836,0.017832199331989616,28.85499119867778,-0.0539400000000001,0.37203745000000005,-0.0468319999999999,-0.81289065,0.1356680000000001,-0.41082201000000007,0.015722094050085067,1
2016-06-28,17409.720703,-0.050452,-0.50809175,0.015722094050085067,17548.5222654,17642.5640624,-0.0235567086518923,0.02055248375658674,35.756096239276545,0.050320000000000004,-0.06723854999999995,-0.100772,-0.4408532,-0.0539400000000001,0.37203745000000005,0.016367809102813435,1
2016-06-29,17694.679688,-0.1840439999999999,-0.46076506,0.016367809102813435,17531.2921874,17648.015039,-0.004845127568402496,0.022650779708062913,43.83172168801205,-0.1335919999999999,0.04732668999999995,-0.050452,-0.50809175,0.050320000000000004,-0.06723854999999995,0.013298378391081167,1
2016-06-30,17929.990234,-0.279312,-0.4943457,0.013298378391081167,17515.0761718,17667.7041015,-0.004501680166446254,0.022704165296414718,51.30853748201018,-0.0952680000000001,-0.033580639999999995,-0.1840439999999999,-0.46076506,-0.1335919999999999,0.04732668999999995,0.0010808096795975608,1
