,date,sent_mean,sent_median,headline_count
0,2008-06-08,-0.36297199999999996,-0.3612,25
1,2008-06-09,-0.222892,-0.3818,25
2,2008-06-10,-0.279236,-0.1779,25
3,2008-06-11,-0.17125999999999997,0.0,25
4,2008-06-12,-0.09004000000000001,0.0,25
5,2008-06-13,-0.271884,-0.3818,25
6,2008-06-14,-0.147972,0.0,25
7,2008-06-15,-0.155768,0.0,25
8,2008-06-16,-0.261168,-0.296,25
9,2008-06-17,-0.20792,-0.296,25
10,2008-06-18,-0.227332,-0.25,25
11,2008-06-19,-0.09018799999999999,0.0,25
12,2008-06-20,-0.38464800000000005,-0.5106,25
13,2008-06-21,-0.213316,-0.3182,25
14,2008-06-22,-0.287632,-0.2263,25
15,2008-06-23,-0.15249600000000002,0.0,25
16,2008-06-24,-0.197112,-0.1027,25
17,2008-06-25,-0.24968800000000002,-0.3612,25
18,2008-06-26,-0.322816,-0.2263,25
19,2008-06-27,-0.2563,-0.2153,25
20,2008-06-28,-0.292472,-0.3182,25
21,2008-06-29,-0.33108,-0.4767,25
22,2008-06-30,-0.10351600000000001,0.0,25
23,2008-07-01,-0.06545200000000001,0.0,25
24,2008-07-02,-0.134652,-0.1531,25
25,2008-07-03,-0.270708,-0.4019,25
26,2008-07-04,-0.178792,-0.1027,25
27,2008-07-05,-0.313548,0.0,25
28,2008-07-06,-0.195548,-0.4588,25
29,2008-07-07,-0.33199599999999996,-0.4404,25
30,2008-07-08,-0.18673199999999998,-0.1531,25
31,2008-07-09,-0.34673200000000004,-0.4767,25
32,2008-07-10,-0.23056000000000001,-0.296,25
33,2008-07-11,0.00948399999999999,0.0,25
34,2008-07-12,-0.274908,-0.296,25
35,2008-07-13,-0.243976,-0.1779,25
36,2008-07-14,-0.13854,0.0,25
37,2008-07-15,-0.16791599999999998,-0.0516,25
38,2008-07-16,-0.216888,-0.296,25
39,2008-07-17,-0.01084,0.0,25
40,2008-07-18,-0.15831199999999998,-0.128,25
41,2008-07-19,-0.18772000000000003,-0.1531,25
42,2008-07-20,-0.270888,-0.2732,25
43,2008-07-21,-0.29352,-0.4019,25
44,2008-07-22,-0.183356,0.0,25
45,2008-07-23,-0.198996,0.0,25
46,2008-07-24,-0.214104,0.0,25
47,2008-07-25,-0.08016400000000001,0.0,25
48,2008-07-26,-0.254236,-0.3182,25
49,2008-07-27,-0.34299999999999997,-0.4215,25
50,2008-07-28,-0.412328,-0.4767,25
51,2008-07-29,-0.322564,-0.4767,25
52,2008-07-30,-0.26322,-0.34,25
53,2008-07-31,-0.184584,0.0,25
54,2008-08-01,-0.140124,0.0,25
55,2008-08-02,-0.08734399999999999,-0.0191,25
56,2008-08-03,-0.11460799999999999,-0.128,25
57,2008-08-04,-0.242668,-0.1531,25
58,2008-08-05,-0.156628,0.0,25
59,2008-08-06,-0.207356,0.0,25
60,2008-08-07,-0.197028,-0.3818,25
61,2008-08-08,-0.382692,-0.3612,25
62,2008-08-09,-0.108392,0.0,25
63,2008-08-10,-0.13567600000000002,0.0,25
64,2008-08-11,-0.176948,-0.1965,25
65,2008-08-12,-0.215776,0.0,25
66,2008-08-13,-0.141844,-0.128,25
67,2008-08-14,-0.175928,0.0,25
68,2008-08-15,-0.18624000000000002,-0.2732,25
69,2008-08-16,-0.21856,-0.296,25
70,2008-08-17,-0.119968,0.0,25
71,2008-08-18,-0.21420000000000003,0.0,25
72,2008-08-19,-0.318368,-0.3612,25
73,2008-08-20,-0.18737600000000001,-0.1027,25
74,2008-08-21,-0.309208,-0.3182,25
75,2008-08-22,-0.068072,0.0,25
76,2008-08-23,-0.20121200000000003,0.0,25
77,2008-08-24,-0.07736799999999999,0.0,25
78,2008-08-25,-0.42837200000000003,-0.5106,25
79,2008-08-26,-0.3288,-0.4404,25
80,2008-08-27,-0.233156,-0.34,25
81,2008-08-28,-0.06400800000000001,0.0,25
82,2008-08-29,-0.09606399999999998,0.0,25
83,2008-08-30,-0.238796,-0.2585,25
84,2008-08-31,-0.14103200000000002,0.0,25
85,2008-09-01,-0.038516,0.0,25
86,2008-09-02,-0.264656,-0.25,25
87,2008-09-03,-0.15700799999999998,0.0,25
88,2008-09-04,-0.150332,-0.1027,25
89,2008-09-05,-0.244196,-0.0772,25
90,2008-09-06,-0.23994800000000002,-0.1027,25
91,2008-09-07,-0.21506799999999998,-0.0516,25
92,2008-09-08,-0.332532,-0.4767,25
93,2008-09-09,-0.267764,-0.296,25
94,2008-09-10,-0.304908,-0.4215,25
95,2008-09-11,-0.169724,0.0,25
96,2008-09-12,-0.182008,-0.1027,25
97,2008-09-13,-0.32096800000000003,-0.3182,25
98,2008-09-14,-0.118072,0.0,25
99,2008-09-15,-0.235164,-0.3612,25
100,2008-09-16,-0.337376,-0.3612,25
101,2008-09-17,-0.25962,-0.128,25
102,2008-09-18,-0.32577600000000007,-0.34,25
103,2008-09-19,-0.294332,-0.296,25
104,2008-09-20,-0.342144,-0.4404,25
105,2008-09-21,-0.224192,-0.296,25
106,2008-09-22,-0.26096,-0.34,25
107,2008-09-23,-0.183952,0.0,25
108,2008-09-24,-0.29406,-0.3612,25
109,2008-09-25,-0.23349599999999998,0.0,25
110,2008-09-26,-0.238132,-0.2263,25
111,2008-09-27,-0.063784,0.0,25
112,2008-09-28,-0.14604,-0.1027,25
113,2008-09-29,-0.114084,0.0,25
114,2008-09-30,-0.152144,0.0,25
115,2008-10-01,-0.22376000000000001,-0.34,25
116,2008-10-02,-0.154596,0.0,25
117,2008-10-03,-0.17266,0.0,25
118,2008-10-04,-0.2474,-0.4019,25
119,2008-10-05,-0.28027599999999997,-0.296,25
120,2008-10-06,-0.08759600000000001,0.0,25
121,2008-10-07,-0.24825200000000003,-0.34,25
122,2008-10-08,-0.33307200000000003,-0.4215,25
123,2008-10-09,-0.265152,-0.2732,25
124,2008-10-10,-0.18570399999999998,-0.1154,25
125,2008-10-11,-0.30046,-0.4404,25
126,2008-10-12,-0.045852000000000004,0.0,25
127,2008-10-13,-0.08230399999999999,0.0,25
128,2008-10-14,-0.222028,-0.3182,25
129,2008-10-15,-0.18078,0.0,25
130,2008-10-16,-0.09992000000000001,0.0,25
131,2008-10-17,-0.263564,-0.34,25
132,2008-10-18,-0.321648,-0.3612,25
133,2008-10-19,-0.20744800000000002,-0.3182,25
134,2008-10-20,-0.097376,0.0,25
135,2008-10-21,-0.15858,-0.0516,25
136,2008-10-22,-0.159628,-0.3244,25
137,2008-10-23,-0.18285999999999997,-0.1027,25
138,2008-10-24,-0.270536,-0.4588,25
139,2008-10-25,-0.15109999999999998,0.0,25
140,2008-10-26,-0.255542,-0.25,50
141,2008-10-27,-0.233564,0.0,25
142,2008-10-28,-0.25213599999999997,-0.1027,25
143,2008-10-29,-0.212204,-0.1779,25
144,2008-10-30,-0.336888,-0.4215,25
145,2008-10-31,-0.182564,-0.0258,25
146,2008-11-01,-0.16963999999999999,0.0,25
147,2008-11-02,-0.233924,-0.2263,25
148,2008-11-03,-0.296792,-0.4019,25
149,2008-11-04,-0.11514,0.0,25
150,2008-11-05,-0.123704,-0.2003,25
151,2008-11-06,-0.23124,-0.1027,25
152,2008-11-07,-0.22807200000000002,-0.0516,25
153,2008-11-08,-0.33498,-0.4215,25
154,2008-11-09,-0.20536000000000001,-0.0772,25
155,2008-11-10,-0.271436,-0.3818,25
156,2008-11-11,-0.3053,-0.4215,25
157,2008-11-12,-0.372192,-0.4767,25
158,2008-11-13,-0.185352,-0.1027,25
159,2008-11-14,-0.12101199999999998,0.0,25
160,2008-11-15,-0.03893199999999999,0.0,25
161,2008-11-16,-0.073428,0.0,25
162,2008-11-17,-0.134164,0.0,25
163,2008-11-18,-0.280028,-0.128,25
164,2008-11-19,0.012947999999999994,0.0,25
165,2008-11-20,-0.074596,0.0,25
166,2008-11-21,-0.220972,-0.128,25
167,2008-11-22,-0.145212,0.0,25
168,2008-11-23,-0.16602,-0.296,25
169,2008-11-24,-0.227288,-0.1779,25
170,2008-11-25,-0.251008,-0.0258,25
171,2008-11-26,-0.20006000000000002,0.0,25
172,2008-11-27,-0.193372,0.0,25
173,2008-11-28,-0.20765599999999998,-0.2023,25
174,2008-11-29,-0.44526000000000004,-0.4767,25
175,2008-11-30,-0.349296,-0.4767,25
176,2008-12-01,-0.11704,0.0,25
177,2008-12-02,-0.28084,-0.296,25
178,2008-12-03,-0.22707999999999998,-0.1779,25
179,2008-12-04,-0.16345600000000002,0.0,25
180,2008-12-05,-0.3478,-0.4404,25
181,2008-12-06,-0.395576,-0.34,25
182,2008-12-07,-0.23329999999999998,-0.296,25
183,2008-12-08,-0.1401,0.0,25
184,2008-12-09,-0.254696,-0.2732,25
185,2008-12-10,-0.2618,-0.0772,25
186,2008-12-11,-0.193364,-0.2263,25
187,2008-12-12,-0.40116799999999997,-0.4404,25
188,2008-12-13,-0.382128,-0.4559,25
189,2008-12-14,-0.31617999999999996,-0.2732,25
190,2008-12-15,-0.08185600000000001,0.0,25
191,2008-12-16,-0.21748,-0.25,25
192,2008-12-17,-0.126932,-0.128,25
193,2008-12-18,-0.23342399999999996,-0.296,25
194,2008-12-19,-0.251948,-0.2263,25
195,2008-12-20,-0.20295199999999997,-0.0516,25
196,2008-12-21,-0.248704,-0.3612,25
197,2008-12-22,-0.33300399999999997,-0.4404,25
198,2008-12-23,-0.102596,0.0,25
199,2008-12-24,-0.10577600000000001,0.0,25
200,2008-12-25,-0.09958,0.0,25
201,2008-12-26,-0.21034,-0.0346,25
202,2008-12-27,-0.24956,-0.4215,25
203,2008-12-28,-0.24378799999999998,-0.3182,25
204,2008-12-29,-0.206028,-0.25,25
205,2008-12-30,-0.20995999999999998,-0.3197,25
206,2008-12-31,-0.24948,-0.296,25
207,2009-01-01,-0.13747600000000001,0.0,25
208,2009-01-02,-0.230072,-0.34,25
209,2009-01-03,-0.190396,-0.2481,25
210,2009-01-04,-0.271192,-0.3802,25
211,2009-01-05,-0.316992,-0.4404,25
212,2009-01-06,-0.143424,-0.2732,25
213,2009-01-07,-0.356836,-0.4404,25
214,2009-01-08,-0.33909599999999995,-0.4588,25
215,2009-01-09,-0.244216,-0.2023,25
216,2009-01-10,-0.19858399999999998,-0.1531,25
217,2009-01-11,-0.23498000000000002,-0.3987,25
218,2009-01-12,-0.224524,-0.4404,25
219,2009-01-13,-0.264196,-0.34,25
220,2009-01-14,-0.27624,-0.1531,25
221,2009-01-15,-0.167776,0.0,25
222,2009-01-16,-0.436044,-0.5574,25
223,2009-01-17,-0.388756,-0.5423,25
224,2009-01-18,-0.13422800000000001,0.0,25
225,2009-01-19,-0.262412,-0.296,25
226,2009-01-20,-0.391208,-0.5106,25
227,2009-01-21,-0.22157600000000002,-0.25,25
228,2009-01-22,-0.195444,0.0,25
229,2009-01-23,-0.185396,-0.1027,25
230,2009-01-24,-0.14604,-0.2023,25
231,2009-01-25,-0.225064,-0.2732,25
232,2009-01-26,-0.29404,-0.3464,25
233,2009-01-27,-0.3187,-0.4023,25
234,2009-01-28,-0.224572,0.0,25
235,2009-01-29,-0.16781600000000002,0.0,25
236,2009-01-30,-0.192952,-0.0258,25
237,2009-01-31,-0.329424,-0.3818,25
238,2009-02-01,-0.18728,0.0,25
239,2009-02-02,-0.115224,0.0,25
240,2009-02-03,-0.23266799999999999,-0.1406,25
241,2009-02-04,-0.24109999999999998,-0.25,25
242,2009-02-05,-0.134336,0.0,25
243,2009-02-06,-0.197436,-0.0516,25
244,2009-02-07,-0.261892,0.0,25
245,2009-02-08,-0.20224399999999998,-0.0772,25
246,2009-02-09,-0.34549199999999997,-0.3612,25
247,2009-02-10,-0.257916,-0.1531,25
248,2009-02-11,-0.23582,-0.296,25
249,2009-02-12,-0.227688,-0.25,25
250,2009-02-13,-0.239136,-0.3182,25
251,2009-02-14,-0.194288,-0.128,25
252,2009-02-15,-0.007303999999999993,0.0,25
253,2009-02-16,-0.427444,-0.4215,25
254,2009-02-17,-0.263292,-0.25,25
255,2009-02-18,-0.134344,0.0,25
256,2009-02-19,-0.190804,-0.1531,25
257,2009-02-20,-0.262136,-0.296,25
258,2009-02-21,-0.18916800000000003,-0.2263,25
259,2009-02-22,-0.16381199999999999,0.0,25
260,2009-02-23,-0.24120799999999998,-0.128,25
261,2009-02-24,-0.14074799999999998,0.0,25
262,2009-02-25,-0.310536,-0.4023,25
263,2009-02-26,-0.119032,0.0,25
264,2009-02-27,-0.214164,-0.296,25
265,2009-02-28,-0.34316800000000003,-0.4019,25
266,2009-03-01,-0.273532,-0.25,25
267,2009-03-02,-0.179276,0.0,25
268,2009-03-03,-0.243072,-0.25,25
269,2009-03-04,-0.361224,-0.3612,25
270,2009-03-05,-0.253772,-0.2732,25
271,2009-03-06,-0.292644,-0.4404,25
272,2009-03-07,-0.21628,-0.2263,25
273,2009-03-08,-0.35504800000000003,-0.4404,25
274,2009-03-09,-0.11903999999999999,0.0,25
275,2009-03-10,-0.173352,0.0,25
276,2009-03-11,-0.43030799999999997,-0.5994,25
277,2009-03-12,-0.183644,0.0,25
278,2009-03-13,-0.224672,-0.128,25
279,2009-03-14,-0.243696,-0.1027,25
280,2009-03-15,-0.08014000000000002,0.0,25
281,2009-03-16,-0.166032,0.0,25
282,2009-03-17,-0.379236,-0.4767,25
283,2009-03-18,-0.35702799999999996,-0.4215,25
284,2009-03-19,-0.32321600000000006,-0.4019,25
285,2009-03-20,-0.33466,-0.4215,25
286,2009-03-21,-0.30913599999999997,-0.34,25
287,2009-03-22,-0.29202,-0.4019,25
288,2009-03-23,-0.23788,-0.296,25
289,2009-03-24,-0.37629999999999997,-0.4588,25
290,2009-03-25,-0.299752,-0.34,25
291,2009-03-26,-0.349176,-0.5106,25
292,2009-03-27,-0.231544,-0.2263,25
293,2009-03-28,-0.271728,-0.34,25
294,2009-03-30,-0.241804,-0.1045,25
295,2009-03-31,-0.213844,-0.296,25
296,2009-04-01,-0.121324,0.0,25
297,2009-04-02,-0.28562,-0.4019,25
298,2009-04-03,-0.178052,0.0,25
299,2009-04-04,-0.31485199999999997,-0.3182,25
300,2009-04-05,-0.251516,-0.296,25
301,2009-04-06,-0.247656,-0.128,25
302,2009-04-07,-0.299516,-0.2023,25
303,2009-04-08,-0.13522800000000001,0.0,25
304,2009-04-09,-0.31952400000000003,-0.3182,25
305,2009-04-10,-0.199928,-0.126,25
306,2009-04-11,-0.34288,-0.4939,25
307,2009-04-12,-0.204524,-0.3182,25
308,2009-04-13,-0.258636,-0.1739,25
309,2009-04-14,-0.23837599999999998,-0.1531,25
310,2009-04-15,-0.250024,-0.1779,25
311,2009-04-16,-0.34784800000000005,-0.4215,25
312,2009-04-17,-0.284552,-0.4404,25
313,2009-04-18,-0.111828,0.0,25
314,2009-04-19,-0.09710800000000001,0.0,25
315,2009-04-20,-0.27796,-0.3818,25
316,2009-04-21,-0.146532,0.0,25
317,2009-04-22,-0.18921599999999997,0.0,25
318,2009-04-23,-0.17674,-0.2302,25
319,2009-04-24,-0.179864,0.0,25
320,2009-04-25,-0.222252,-0.1779,25
321,2009-04-26,-0.259084,-0.3818,25
322,2009-04-27,-0.146084,0.0,25
323,2009-04-28,-0.284096,-0.3818,25
324,2009-04-29,-0.118552,0.0,25
325,2009-04-30,-0.32004400000000005,-0.34,25
326,2009-05-01,-0.261628,-0.3182,25
327,2009-05-02,-0.18268,-0.1779,25
328,2009-05-03,-0.137988,0.0,25
329,2009-05-04,-0.220472,-0.296,25
330,2009-05-05,-0.326552,-0.5423,25
331,2009-05-06,-0.23608,-0.3182,25
332,2009-05-07,-0.14536,0.0,25
333,2009-05-08,-0.255224,-0.3612,25
334,2009-05-09,-0.19166,-0.128,25
335,2009-05-10,-0.30894,-0.3818,25
336,2009-05-11,-0.23178,-0.4005,25
337,2009-05-12,-0.214628,0.0,25
338,2009-05-13,-0.154208,-0.0516,25
339,2009-05-14,-0.33992,-0.34,25
340,2009-05-15,-0.029264000000000002,0.0,25
341,2009-05-16,-0.275192,-0.4588,25
342,2009-05-17,-0.021964000000000004,0.0,25
343,2009-05-18,-0.21758,-0.1531,25
344,2009-05-19,-0.12816,-0.0164,25
345,2009-05-20,-0.42044800000000004,-0.6249,25
346,2009-05-21,-0.298092,-0.296,25
347,2009-05-22,-0.232268,-0.2732,25
348,2009-05-23,-0.239688,-0.128,25
349,2009-05-24,-0.2829,-0.3818,25
350,2009-05-25,-0.262116,0.0,25
351,2009-05-26,-0.126808,0.0,25
352,2009-05-27,-0.095088,0.0,25
353,2009-05-28,-0.171952,0.0,25
354,2009-05-29,-0.200516,-0.3353,25
355,2009-05-30,-0.17158400000000001,0.0,25
356,2009-05-31,-0.250056,-0.34,25
357,2009-06-01,-0.138244,0.0,25
358,2009-06-02,-0.100924,0.0,25
359,2009-06-03,-0.17235599999999998,0.0,25
360,2009-06-04,-0.06897199999999999,0.0,25
361,2009-06-05,0.007403999999999997,0.0,25
362,2009-06-06,-0.268104,-0.296,25
363,2009-06-07,-0.265136,-0.3412,25
364,2009-06-08,-0.19615200000000002,-0.128,25
365,2009-06-09,-0.38968800000000003,-0.4767,25
366,2009-06-10,-0.19863599999999998,0.0,25
367,2009-06-11,-0.131524,0.0,25
368,2009-06-12,-0.14266399999999999,0.0,25
369,2009-06-13,-0.251908,-0.2732,25
370,2009-06-14,-0.231776,-0.3612,25
371,2009-06-15,-0.257416,-0.1531,25
372,2009-06-16,-0.16018000000000002,0.0,25
373,2009-06-17,-0.175948,0.0,25
374,2009-06-18,-0.231912,-0.296,25
375,2009-06-19,-0.24496400000000002,-0.3818,25
376,2009-06-20,-0.228804,-0.4588,25
377,2009-06-21,-0.35180800000000007,-0.4404,25
378,2009-06-22,0.004840000000000012,0.0,25
379,2009-06-23,-0.33232,-0.296,25
380,2009-06-24,-0.313288,-0.296,25
381,2009-06-25,-0.038548,0.0,25
382,2009-06-26,-0.303404,-0.3818,25
383,2009-06-27,-0.228916,-0.3182,25
384,2009-06-28,-0.262316,-0.34,25
385,2009-06-29,-0.264828,-0.296,25
386,2009-06-30,-0.069788,-0.0108,25
387,2009-07-01,-0.11898,0.0,25
388,2009-07-02,-0.146748,-0.3182,25
389,2009-07-03,-0.24155200000000002,-0.2263,25
390,2009-07-04,-0.10115600000000001,0.0,25
391,2009-07-05,-0.171008,-0.2263,25
392,2009-07-06,-0.372876,-0.296,25
393,2009-07-07,-0.33797199999999994,-0.4939,25
394,2009-07-08,-0.274176,-0.2732,25
395,2009-07-09,-0.345384,-0.2263,25
396,2009-07-10,-0.397632,-0.4404,25
397,2009-07-11,-0.09966799999999999,0.0,25
398,2009-07-12,-0.14573599999999998,0.0,25
399,2009-07-13,-0.279244,-0.25,25
400,2009-07-14,-0.303404,-0.4019,25
401,2009-07-15,-0.445792,-0.5574,25
402,2009-07-16,-0.232208,-0.2263,25
403,2009-07-17,-0.283172,-0.34,25
404,2009-07-18,-0.239324,-0.3612,25
405,2009-07-19,-0.2379,-0.3182,25
406,2009-07-20,-0.251204,-0.25,25
407,2009-07-21,-0.212768,-0.0276,25
408,2009-07-22,-0.11171199999999999,-0.0258,25
409,2009-07-23,-0.30748,-0.3818,25
410,2009-07-24,-0.13266,0.0,25
411,2009-07-25,-0.244012,-0.0258,25
412,2009-07-26,-0.247688,-0.1604,25
413,2009-07-27,-0.264832,-0.3818,25
414,2009-07-28,-0.301712,-0.3182,25
415,2009-07-29,-0.247444,-0.2023,25
416,2009-07-30,-0.279788,-0.2263,25
417,2009-07-31,-0.223028,-0.25,25
418,2009-08-01,-0.23470399999999997,-0.4215,25
419,2009-08-02,-0.19063200000000002,0.0,25
420,2009-08-03,-0.122832,-0.0516,25
421,2009-08-04,-0.270596,-0.296,25
422,2009-08-05,-0.23072800000000002,-0.128,25
423,2009-08-06,-0.151836,0.0,25
424,2009-08-07,-0.303308,-0.4215,25
425,2009-08-08,-0.118244,0.0,25
426,2009-08-09,-0.358596,-0.4939,25
427,2009-08-10,-0.225728,0.0,25
428,2009-08-11,-0.26345199999999996,-0.128,25
429,2009-08-12,-0.043919999999999994,0.0,25
430,2009-08-13,-0.19040800000000002,-0.128,25
431,2009-08-14,-0.157936,-0.0286,25
432,2009-08-15,-0.23994,-0.34,25
433,2009-08-16,-0.209676,0.0,25
434,2009-08-17,-0.27842,-0.3612,25
435,2009-08-18,-0.129636,-0.0258,25
436,2009-08-19,-0.22623200000000002,-0.1511,25
437,2009-08-20,-0.09178800000000001,0.0,25
438,2009-08-21,-0.37369199999999997,-0.4767,25
439,2009-08-22,-0.286476,-0.2732,25
440,2009-08-23,-0.09522,0.0,25
441,2009-08-24,-0.17282,0.0,25
442,2009-08-25,-0.201892,-0.296,25
443,2009-08-26,-0.14107599999999998,0.0,25
444,2009-08-27,-0.282168,-0.1779,25
445,2009-08-28,-0.15172,0.0,25
446,2009-08-29,-0.146924,-0.0516,25
447,2009-08-30,-0.050888,-0.0516,25
448,2009-08-31,-0.22359600000000002,-0.296,25
449,2009-09-01,-0.18171199999999998,-0.0258,25
450,2009-09-02,-0.13971600000000003,-0.2263,25
451,2009-09-03,-0.176668,0.0,25
452,2009-09-04,-0.196484,-0.3182,25
453,2009-09-05,-0.17537916666666667,-0.1525,24
454,2009-09-06,-0.22558,-0.0258,25
455,2009-09-07,-0.19233600000000003,-0.25,25
456,2009-09-08,-0.15926,-0.0005,25
457,2009-09-09,-0.17055199999999998,0.0,25
458,2009-09-10,-0.157136,0.0,25
459,2009-09-11,-0.17437999999999998,-0.2023,25
460,2009-09-12,0.00446666666666667,0.0,24
461,2009-09-13,-0.33103333333333335,-0.3715,24
462,2009-09-14,-0.06322,-0.0516,25
463,2009-09-15,0.03846818181818182,0.0,22
464,2009-09-16,-0.09244400000000001,0.0,25
465,2009-09-17,-0.37105600000000005,-0.5423,25
466,2009-09-18,-0.191944,-0.2263,25
467,2009-09-19,-0.0985391304347826,0.0,23
468,2009-09-20,-0.20671739130434783,-0.128,23
469,2009-09-21,-0.143764,-0.1779,25
470,2009-09-22,-0.187576,0.0,25
471,2009-09-23,-0.12297599999999999,-0.2023,25
472,2009-09-24,-0.21416000000000002,-0.2732,25
473,2009-09-25,-0.0628,0.0,25
474,2009-09-26,-0.21631304347826089,-0.0772,23
475,2009-09-27,-0.194316,-0.3182,25
476,2009-09-28,-0.06176799999999999,0.0,25
477,2009-09-29,-0.316792,-0.5242,25
478,2009-09-30,-0.23726400000000003,-0.25,25
479,2009-10-01,-0.193332,-0.2755,25
480,2009-10-02,-0.294204,-0.296,25
481,2009-10-03,-0.08970399999999999,0.0,25
482,2009-10-04,-0.10391600000000001,0.0,25
483,2009-10-05,-0.227016,-0.25,25
484,2009-10-06,-0.245012,-0.3182,25
485,2009-10-07,-0.427904,-0.4767,25
486,2009-10-08,-0.11154,-0.124,25
487,2009-10-09,-0.11784800000000001,0.0,25
488,2009-10-10,-0.11793333333333333,0.0,24
489,2009-10-11,-0.276656,-0.2263,25
490,2009-10-12,-0.206428,0.0,25
491,2009-10-13,-0.18267599999999998,-0.3182,25
492,2009-10-14,-0.296268,-0.3612,25
493,2009-10-15,-0.09097599999999999,0.0,25
494,2009-10-16,-0.191616,-0.2023,25
495,2009-10-17,-0.284532,-0.4404,25
496,2009-10-18,-0.246516,-0.1002,25
497,2009-10-19,-0.215396,-0.128,25
498,2009-10-20,0.03369200000000001,0.0258,25
499,2009-10-21,-0.124608,-0.1695,25
500,2009-10-22,-0.189452,-0.34,25
501,2009-10-23,-0.07020400000000002,0.0,25
502,2009-10-24,-0.144356,-0.0258,25
503,2009-10-25,-0.260622,-0.3601,50
504,2009-10-26,-0.379872,-0.5789,25
505,2009-10-27,-0.33138,-0.4404,25
506,2009-10-28,-0.321716,-0.4588,25
507,2009-10-29,-0.18698,-0.2263,25
508,2009-10-30,-0.201724,-0.2732,25
509,2009-10-31,-0.14911200000000002,0.0,25
510,2009-11-01,-0.191156,-0.0572,25
511,2009-11-02,-0.05321999999999999,0.0,25
512,2009-11-03,-0.17011600000000002,-0.0516,25
513,2009-11-04,-0.19445199999999999,0.0,25
514,2009-11-05,-0.266256,-0.2023,25
515,2009-11-06,-0.20506799999999997,-0.2263,25
516,2009-11-07,-0.34162800000000004,-0.4767,25
517,2009-11-08,-0.114328,0.0,25
518,2009-11-09,-0.06792000000000002,0.0,25
519,2009-11-10,-0.186936,0.0,25
520,2009-11-11,-0.07235199999999999,0.0,25
521,2009-11-12,-0.250424,-0.1759,25
522,2009-11-13,-0.20089200000000002,-0.2263,25
523,2009-11-14,-0.188596,-0.2732,25
524,2009-11-15,-0.05212000000000001,0.0,25
525,2009-11-16,-0.35282800000000003,-0.4804,25
526,2009-11-17,-0.102768,0.0,25
527,2009-11-18,-0.241016,0.0,25
528,2009-11-19,-0.144012,0.0,25
529,2009-11-20,-0.303844,-0.25,25
530,2009-11-21,-0.33206800000000003,-0.4019,25
531,2009-11-22,-0.260612,-0.3818,25
532,2009-11-23,-0.42267200000000005,-0.4097,25
533,2009-11-24,-0.3372,-0.4767,25
534,2009-11-25,-0.174308,0.0,25
535,2009-11-26,-0.11428799999999999,-0.25,25
536,2009-11-27,-0.16576800000000003,0.0,25
537,2009-11-28,-0.35694000000000004,-0.296,25
538,2009-11-29,-0.35300400000000004,-0.3612,25
539,2009-11-30,-0.27234400000000003,-0.2584,25
540,2009-12-01,-0.22202,-0.4215,25
541,2009-12-02,-0.479924,-0.5859,25
542,2009-12-03,-0.24400000000000002,-0.3182,25
543,2009-12-04,-0.256996,-0.2023,25
544,2009-12-05,-0.159748,-0.1027,25
545,2009-12-06,-0.239464,-0.0772,25
546,2009-12-07,-0.200056,-0.1027,25
547,2009-12-08,-0.156396,0.0,25
548,2009-12-09,-0.100132,0.0,25
549,2009-12-10,-0.29424,-0.4019,25
550,2009-12-11,-0.24180799999999997,-0.296,25
551,2009-12-12,-0.251084,-0.128,25
552,2009-12-13,-0.384444,-0.4574,25
553,2009-12-14,-0.36852399999999996,-0.3818,25
554,2009-12-15,-0.41649200000000003,-0.6369,25
555,2009-12-16,-0.279592,-0.34,25
556,2009-12-17,-0.292668,-0.25,25
557,2009-12-18,-0.275656,-0.34,25
558,2009-12-19,-0.12248,-0.0516,25
559,2009-12-20,-0.169916,-0.2732,25
560,2009-12-21,-0.20206,-0.1027,25
561,2009-12-22,-0.275268,-0.3612,25
562,2009-12-23,-0.210572,-0.2617,25
563,2009-12-24,-0.22596521739130432,-0.1779,23
564,2009-12-25,-0.19149999999999998,0.0,25
565,2009-12-26,-0.291132,-0.3102,25
566,2009-12-27,-0.302412,-0.4767,25
567,2009-12-28,0.039308,0.0,25
568,2009-12-29,-0.130672,0.0,25
569,2009-12-30,-0.34476,-0.4588,25
570,2009-12-31,-0.33006,-0.4215,25
571,2010-01-01,-0.22002400000000003,-0.2263,25
572,2010-01-02,-0.104968,-0.0056,25
573,2010-01-03,-0.079704,0.0,25
574,2010-01-04,-0.157436,-0.0191,25
575,2010-01-05,-0.301172,-0.2732,25
576,2010-01-06,-0.386552,-0.5983,25
577,2010-01-07,-0.07881600000000001,-0.1184,25
578,2010-01-08,-0.38187200000000004,-0.4019,25
579,2010-01-09,-0.314048,-0.4404,25
580,2010-01-10,-0.246968,-0.3612,25
581,2010-01-11,-0.305844,-0.296,25
582,2010-01-12,-0.25496800000000003,-0.296,25
583,2010-01-13,-0.23842,-0.4588,25
584,2010-01-14,-0.219164,-0.1027,25
585,2010-01-15,-0.174956,-0.3182,25
586,2010-01-16,-0.16111999999999999,0.0,25
587,2010-01-17,-0.15653199999999998,0.0,25
588,2010-01-18,-0.160176,-0.0516,25
589,2010-01-19,-0.277316,-0.25,25
590,2010-01-20,-0.08338,0.0,25
591,2010-01-21,-0.30964,-0.3182,25
592,2010-01-22,-0.18498799999999999,-0.25,25
593,2010-01-23,-0.303584,-0.3612,25
594,2010-01-24,-0.221256,0.0,25
595,2010-01-25,-0.234708,-0.128,25
596,2010-01-26,-0.39976799999999996,-0.5267,25
597,2010-01-27,-0.08699200000000001,0.0,25
598,2010-01-28,-0.28982800000000003,-0.3182,25
599,2010-01-29,-0.3158,-0.4215,25
600,2010-01-30,-0.217808,-0.25,25
601,2010-01-31,-0.16993200000000003,-0.34,25
602,2010-02-01,-0.22986,-0.1027,25
603,2010-02-02,-0.134408,0.0,25
604,2010-02-03,-0.052912,0.0,25
605,2010-02-04,-0.244556,0.0,25
606,2010-02-05,0.017136,0.0,25
607,2010-02-06,-0.261096,-0.4215,25
608,2010-02-07,-0.253368,-0.1531,25
609,2010-02-08,-0.177944,0.0,25
610,2010-02-09,-0.28854,-0.4404,25
611,2010-02-10,-0.194144,-0.25,25
612,2010-02-11,-0.19513999999999998,-0.0516,25
613,2010-02-12,-0.25872,-0.3642,25
614,2010-02-13,-0.30885999999999997,-0.4215,25
615,2010-02-14,-0.261,-0.1531,25
616,2010-02-15,-0.319044,-0.296,25
617,2010-02-16,-0.43007599999999996,-0.3612,25
618,2010-02-17,-0.351212,-0.4019,25
619,2010-02-18,-0.240404,-0.296,25
620,2010-02-19,-0.369472,-0.4767,25
621,2010-02-20,-0.131044,-0.0258,25
622,2010-02-21,-0.24824,-0.128,25
623,2010-02-22,-0.306156,-0.3612,25
624,2010-02-23,-0.30687200000000003,-0.3818,25
625,2010-02-24,-0.22862400000000002,-0.3612,25
626,2010-02-25,-0.14456,0.0,25
627,2010-02-26,-0.12234,0.0,25
628,2010-02-27,-0.19488,-0.3612,25
629,2010-02-28,-0.16177599999999998,-0.3597,25
630,2010-03-01,-0.388304,-0.4374,25
631,2010-03-02,-0.263628,-0.2732,25
632,2010-03-03,-0.269572,-0.4019,25
633,2010-03-04,-0.1985,-0.1779,25
634,2010-03-05,-0.160512,-0.3182,25
635,2010-03-06,-0.257068,-0.4019,25
636,2010-03-07,-0.21513200000000002,0.0,25
637,2010-03-08,-0.12128,0.0,25
638,2010-03-09,-0.12388,-0.128,25
639,2010-03-10,-0.090096,0.0,25
640,2010-03-11,-0.159732,-0.2723,25
641,2010-03-12,-0.21138400000000002,-0.2023,25
642,2010-03-13,-0.155556,0.0,25
643,2010-03-14,0.018843999999999993,0.0,25
644,2010-03-15,-0.08016400000000001,0.0,25
645,2010-03-16,-0.306384,-0.3182,25
646,2010-03-17,-0.154184,0.0,25
647,2010-03-18,-0.148152,0.0,25
648,2010-03-19,-0.28782,-0.4588,25
649,2010-03-20,-0.296976,-0.296,25
650,2010-03-21,-0.19032,-0.0772,25
651,2010-03-22,-0.274052,-0.4019,25
652,2010-03-23,-0.27128399999999997,-0.2732,25
653,2010-03-24,-0.267644,-0.1531,25
654,2010-03-25,-0.226264,-0.1779,25
655,2010-03-26,-0.286072,-0.3612,25
656,2010-03-27,-0.351064,-0.296,25
657,2010-03-29,-0.298208,-0.296,25
658,2010-03-30,-0.311952,-0.3612,25
659,2010-03-31,-0.44286000000000003,-0.5574,25
660,2010-04-01,-0.211056,-0.4939,25
661,2010-04-02,-0.30478,-0.4215,25
662,2010-04-03,-0.42304,-0.4404,25
663,2010-04-04,-0.22111599999999998,-0.0772,25
664,2010-04-05,-0.292332,-0.296,25
665,2010-04-06,-0.313904,-0.3818,25
666,2010-04-07,-0.365076,-0.5423,25
667,2010-04-08,-0.296012,-0.3182,25
668,2010-04-09,-0.296936,-0.3415,25
669,2010-04-10,-0.379756,-0.4404,25
670,2010-04-11,-0.305104,-0.4215,25
671,2010-04-12,-0.161956,-0.128,25
672,2010-04-13,-0.20256799999999997,-0.2023,25
673,2010-04-14,-0.11947200000000001,0.0,25
674,2010-04-15,-0.16322,-0.2023,25
675,2010-04-16,-0.40736000000000006,-0.6369,25
676,2010-04-17,-0.23624399999999998,0.0,25
677,2010-04-18,-0.144444,-0.2732,25
678,2010-04-19,-0.210988,-0.1027,25
679,2010-04-20,-0.209704,-0.1779,25
680,2010-04-21,-0.213988,0.0,25
681,2010-04-22,-0.110732,-0.1531,25
682,2010-04-23,-0.231128,-0.2023,25
683,2010-04-24,-0.20396799999999998,-0.128,25
684,2010-04-25,-0.19862000000000002,-0.128,25
685,2010-04-26,-0.13439600000000002,0.0,25
686,2010-04-27,-0.077352,0.0,25
687,2010-04-28,-0.215208,-0.2263,25
688,2010-04-29,-0.32463200000000003,-0.4767,25
689,2010-04-30,-0.295504,-0.3818,25
690,2010-05-01,-0.097096,0.0,25
691,2010-05-02,-0.175012,-0.1779,25
692,2010-05-03,-0.22526,-0.296,25
693,2010-05-04,-0.187556,-0.3182,25
694,2010-05-05,-0.20010000000000003,0.0,25
695,2010-05-06,-0.192872,0.0,25
696,2010-05-07,-0.20526799999999998,-0.25,25
697,2010-05-08,-0.039308,0.0,25
698,2010-05-09,-0.203128,-0.2732,25
699,2010-05-10,-0.23103200000000002,-0.296,25
700,2010-05-11,-0.280924,-0.34,25
701,2010-05-12,-0.285464,-0.4767,25
702,2010-05-13,-0.20363199999999998,-0.0516,25
703,2010-05-14,-0.330124,-0.3182,25
704,2010-05-15,-0.18851199999999999,-0.2263,25
705,2010-05-16,-0.229904,0.0,25
706,2010-05-17,-0.11745599999999999,0.0,25
707,2010-05-18,-0.139372,-0.128,25
708,2010-05-19,-0.33832,-0.4019,25
709,2010-05-20,-0.24778399999999998,-0.1027,25
710,2010-05-21,-0.280044,-0.34,25
711,2010-05-22,-0.309236,-0.34,25
712,2010-05-23,-0.10760399999999999,0.0,25
713,2010-05-24,-0.24884,-0.296,25
714,2010-05-25,-0.32422000000000006,-0.34,25
715,2010-05-26,-0.22247599999999998,-0.1027,25
716,2010-05-27,-0.176464,-0.25,25
717,2010-05-28,-0.277084,-0.3291,25
718,2010-05-29,-0.193272,-0.0516,25
719,2010-05-30,-0.168312,-0.3818,25
720,2010-05-31,-0.331996,-0.4019,25
721,2010-06-01,-0.178556,0.0,25
722,2010-06-02,-0.448828,-0.5267,25
723,2010-06-03,-0.15690400000000002,0.0,25
724,2010-06-04,-0.312252,-0.4391,25
725,2010-06-05,-0.055132,0.0,25
726,2010-06-06,-0.045336,0.0,25
727,2010-06-07,-0.356468,-0.4588,25
728,2010-06-08,-0.38014400000000004,-0.5267,25
729,2010-06-09,-0.20421599999999998,0.0,25
730,2010-06-10,-0.271584,-0.3855,25
731,2010-06-11,-0.211352,-0.25,25
732,2010-06-12,-0.349456,-0.3818,25
733,2010-06-13,-0.272352,-0.2263,25
734,2010-06-14,-0.102316,0.0,25
735,2010-06-15,-0.319316,-0.4753,25
736,2010-06-16,-0.23348399999999997,-0.2924,25
737,2010-06-17,-0.1267,0.0,25
738,2010-06-18,-0.287176,-0.4404,25
739,2010-06-19,-0.25890799999999997,-0.34,25
740,2010-06-20,-0.22676000000000002,-0.4939,25
741,2010-06-21,-0.131912,0.0,25
742,2010-06-22,-0.185532,0.0,25
743,2010-06-23,-0.189088,-0.2263,25
744,2010-06-24,-0.189344,-0.0954,25
745,2010-06-25,-0.11642,-0.0041,25
746,2010-06-26,-0.176956,-0.2263,25
747,2010-06-27,-0.282552,-0.25,25
748,2010-06-28,-0.21749600000000002,-0.2263,25
749,2010-06-29,-0.251396,-0.296,25
750,2010-06-30,-0.37394799999999995,-0.4086,25
751,2010-07-01,-0.03173199999999999,0.0,25
752,2010-07-02,-0.35107999999999995,-0.4767,25
753,2010-07-03,-0.231592,-0.3182,25
754,2010-07-04,-0.215188,-0.296,25
755,2010-07-05,-0.393888,-0.4404,25
756,2010-07-06,-0.25728,-0.4588,25
757,2010-07-07,-0.206196,0.0,25
758,2010-07-08,-0.298572,-0.3919,25
759,2010-07-09,-0.15242,-0.0258,25
760,2010-07-10,-0.25032,-0.25,25
761,2010-07-11,-0.231504,-0.3182,25
762,2010-07-12,-0.483456,-0.5859,25
763,2010-07-13,-0.25272,-0.3182,25
764,2010-07-14,-0.17979199999999998,-0.34,25
765,2010-07-15,-0.22166799999999998,-0.2263,25
766,2010-07-16,-0.27224800000000005,-0.3612,25
767,2010-07-17,-0.35544,-0.25,25
768,2010-07-18,-0.31964400000000004,-0.3818,25
769,2010-07-19,0.0020320000000000026,0.0,25
770,2010-07-20,0.041096,0.0,25
771,2010-07-21,-0.400252,-0.4767,25
772,2010-07-22,-0.120936,0.0,25
773,2010-07-23,-0.22078,-0.128,25
774,2010-07-24,-0.069332,0.0,25
775,2010-07-25,-0.29072400000000004,-0.3919,25
776,2010-07-26,-0.2773,-0.34,25
777,2010-07-27,-0.20040399999999997,-0.3063,25
778,2010-07-28,-0.312,-0.25,25
779,2010-07-29,-0.173528,-0.126,25
780,2010-07-30,-0.34668,-0.4215,25
781,2010-07-31,-0.297456,-0.2584,25
782,2010-08-01,-0.240196,-0.128,25
783,2010-08-02,-0.26545199999999997,-0.2732,25
784,2010-08-03,-0.13222799999999998,-0.0258,25
785,2010-08-04,-0.300648,-0.4767,25
786,2010-08-05,-0.099644,0.0,25
787,2010-08-06,-0.20774,-0.4215,25
788,2010-08-07,-0.36952399999999996,-0.4767,25
789,2010-08-08,-0.238616,-0.2732,25
790,2010-08-09,-0.145544,-0.128,25
791,2010-08-10,-0.33376,-0.3818,25
792,2010-08-11,-0.05719200000000001,0.0,25
793,2010-08-12,-0.19087199999999999,-0.1531,25
794,2010-08-13,-0.205164,0.0,25
795,2010-08-14,-0.239836,-0.0516,25
796,2010-08-15,-0.242128,-0.1779,25
797,2010-08-16,-0.28172,-0.2732,25
798,2010-08-17,-0.10078800000000002,0.0,25
799,2010-08-18,-0.10507999999999999,0.0,25
800,2010-08-19,-0.181712,-0.1779,25
801,2010-08-20,-0.270292,-0.2263,25
802,2010-08-21,-0.2336,0.0,25
803,2010-08-22,-0.171036,-0.2263,25
804,2010-08-23,-0.154424,-0.2023,25
805,2010-08-24,-0.287484,0.0,25
806,2010-08-25,-0.345356,-0.5106,25
807,2010-08-26,-0.116228,0.0,25
808,2010-08-27,-0.11355599999999999,-0.0516,25
809,2010-08-28,-0.03704,0.0,25
810,2010-08-29,-0.276012,-0.296,25
811,2010-08-30,-0.250996,-0.25,25
812,2010-08-31,-0.29734,-0.5267,25
813,2010-09-01,-0.27063200000000004,-0.128,25
814,2010-09-02,-0.303696,-0.3612,25
815,2010-09-03,-0.307048,-0.4215,25
816,2010-09-04,-0.113952,0.0,25
817,2010-09-05,-0.249648,-0.2023,25
818,2010-09-06,-0.062832,-0.0572,25
819,2010-09-07,-0.16558,-0.3612,25
820,2010-09-08,-0.18753599999999998,-0.2732,25
821,2010-09-09,-0.156588,0.0,25
822,2010-09-10,-0.369296,-0.4767,25
823,2010-09-11,-0.30849600000000005,-0.3404,25
824,2010-09-12,-0.181372,-0.1531,25
825,2010-09-13,-0.246192,-0.1461,25
826,2010-09-14,-0.242164,-0.4019,25
827,2010-09-15,-0.12002399999999999,0.0,25
828,2010-09-16,-0.141356,-0.0258,25
829,2010-09-17,-0.262956,-0.4019,25
830,2010-09-18,-0.147604,0.0,25
831,2010-09-19,-0.26712,-0.2924,25
832,2010-09-20,-0.14624800000000002,-0.0772,25
833,2010-09-21,-0.03712800000000001,0.0,25
834,2010-09-22,-0.24439999999999998,-0.296,25
835,2010-09-23,-0.248768,-0.4753,25
836,2010-09-24,-0.364968,-0.5106,25
837,2010-09-25,-0.219408,-0.296,25
838,2010-09-26,-0.092424,0.0,25
839,2010-09-27,-0.23527599999999999,-0.25,25
840,2010-09-28,-0.373128,-0.5106,25
841,2010-09-29,-0.190088,-0.296,25
842,2010-09-30,-0.11658400000000001,0.0,25
843,2010-10-01,-0.322816,-0.34,25
844,2010-10-02,-0.140672,0.0,25
845,2010-10-03,-0.09062799999999999,0.0,25
846,2010-10-04,-0.326932,-0.4927,25
847,2010-10-05,-0.12397999999999999,0.0,25
848,2010-10-06,0.013267999999999993,0.0,25
849,2010-10-07,-0.08417200000000001,0.0,25
850,2010-10-08,-0.218552,-0.2732,25
851,2010-10-09,0.06060000000000001,0.0,25
852,2010-10-10,0.030344000000000017,0.0,25
853,2010-10-11,-0.21178,-0.3818,25
854,2010-10-12,-0.256612,-0.2263,25
855,2010-10-13,-0.164044,-0.1027,25
856,2010-10-14,0.08426399999999999,0.0,25
857,2010-10-15,-0.078776,0.0,25
858,2010-10-16,-0.06906,0.0,25
859,2010-10-17,-0.035539999999999995,0.0,25
860,2010-10-18,-0.24004,-0.3182,25
861,2010-10-19,-0.102636,-0.1027,25
862,2010-10-20,-0.290192,-0.2732,25
863,2010-10-21,-0.146568,0.0,25
864,2010-10-22,-0.33483199999999996,-0.4588,25
865,2010-10-23,-0.339892,-0.4588,25
866,2010-10-24,-0.22697199999999998,-0.3818,25
867,2010-10-25,-0.261604,-0.1531,25
868,2010-10-26,-0.224948,-0.2263,25
869,2010-10-27,-0.141424,0.0,25
870,2010-10-28,-0.283984,-0.3182,25
871,2010-10-29,-0.24052800000000002,-0.1779,25
872,2010-10-30,-0.08938400000000002,-0.0772,25
873,2010-10-31,-0.20383199999999999,-0.3788,25
874,2010-11-01,-0.204572,-0.3182,25
875,2010-11-02,-0.143324,-0.128,25
876,2010-11-03,-0.172492,0.0,25
877,2010-11-04,-0.36898000000000003,-0.3818,25
878,2010-11-05,-0.219464,-0.1027,25
879,2010-11-06,-0.306952,-0.3818,25
880,2010-11-07,-0.271848,-0.3818,25
881,2010-11-08,-0.247456,-0.2755,25
882,2010-11-09,-0.23139600000000002,-0.1779,25
883,2010-11-10,-0.2378,-0.296,25
884,2010-11-11,-0.12735600000000002,0.0,25
885,2010-11-12,-0.172176,-0.128,25
886,2010-11-13,-0.257548,-0.3182,25
887,2010-11-14,-0.02106,0.0,25
888,2010-11-15,-0.311672,-0.34,25
889,2010-11-16,-0.25570400000000004,-0.4767,25
890,2010-11-17,-0.12055199999999999,0.0,25
891,2010-11-18,-0.346864,-0.4019,25
892,2010-11-19,-0.180692,-0.296,25
893,2010-11-20,-0.26445599999999997,-0.2263,25
894,2010-11-21,-0.200808,0.0,25
895,2010-11-22,-0.230152,-0.34,25
896,2010-11-23,-0.156052,-0.1311,25
897,2010-11-24,-0.107568,0.0,25
898,2010-11-25,-0.11972,0.0,25
899,2010-11-26,-0.113036,-0.1531,25
900,2010-11-27,-0.289772,-0.34,25
901,2010-11-28,-0.208872,-0.1511,25
902,2010-11-29,-0.466124,-0.5994,25
903,2010-11-30,-0.326744,-0.296,25
904,2010-12-01,-0.1808,-0.1567,25
905,2010-12-02,-0.225616,-0.3182,25
906,2010-12-03,-0.214664,-0.296,25
907,2010-12-04,-0.20887599999999998,-0.25,25
908,2010-12-05,-0.263252,-0.3182,25
909,2010-12-06,-0.157792,0.0,25
910,2010-12-07,-0.18454399999999999,-0.142,25
911,2010-12-08,-0.13445600000000002,-0.126,25
912,2010-12-09,-0.079424,0.0,25
913,2010-12-10,-0.233128,-0.2263,25
914,2010-12-11,-0.141408,-0.0516,25
915,2010-12-12,-0.356612,-0.4215,25
916,2010-12-13,-0.08632000000000001,0.0,25
917,2010-12-14,-0.141848,0.0,25
918,2010-12-15,-0.21982,-0.2732,25
919,2010-12-16,-0.25735199999999997,-0.25,25
920,2010-12-17,-0.31020800000000004,-0.34,25
921,2010-12-18,-0.24456,-0.296,25
922,2010-12-19,-0.20491600000000001,-0.1027,25
923,2010-12-20,-0.15712,0.0,25
924,2010-12-21,-0.28454,-0.4767,25
925,2010-12-22,-0.225884,0.0,25
926,2010-12-23,-0.28166,-0.2551,25
927,2010-12-24,-0.31712399999999996,-0.4404,25
928,2010-12-25,-0.214148,-0.3818,25
929,2010-12-26,-0.1727,0.0,25
930,2010-12-27,-0.123916,-0.1531,25
931,2010-12-28,-0.280876,-0.4939,25
932,2010-12-29,-0.244796,-0.3382,25
933,2010-12-30,-0.08087200000000001,-0.1779,25
934,2010-12-31,-0.243748,-0.3802,25
935,2011-01-01,-0.08661200000000001,0.0,25
936,2011-01-02,-0.213868,-0.2732,25
937,2011-01-03,-0.174936,-0.1779,25
938,2011-01-04,-0.18843999999999997,0.0,25
939,2011-01-05,-0.270632,-0.2732,25
940,2011-01-06,-0.394272,-0.4588,25
941,2011-01-07,-0.254696,-0.4404,25
942,2011-01-08,0.004635999999999993,0.0,25
943,2011-01-09,0.052655999999999994,0.0,25
944,2011-01-10,-0.144452,0.0,25
945,2011-01-11,-0.163752,0.0,25
946,2011-01-12,-0.330948,-0.5267,25
947,2011-01-13,-0.111632,-0.128,25
948,2011-01-14,-0.022528000000000006,0.0,25
949,2011-01-15,-0.19957999999999998,-0.128,25
950,2011-01-16,-0.11796799999999999,-0.0516,25
951,2011-01-17,-0.08311600000000001,0.0,25
952,2011-01-18,-0.05251200000000001,0.0,25
953,2011-01-19,-0.143184,-0.1027,25
954,2011-01-20,-0.214716,-0.3612,25
955,2011-01-21,-0.324448,-0.4939,25
956,2011-01-22,-0.152776,-0.0772,25
957,2011-01-23,-0.20874800000000002,-0.296,25
958,2011-01-24,-0.144668,0.0,25
959,2011-01-25,-0.311012,-0.4215,25
960,2011-01-26,-0.251876,-0.2263,25
961,2011-01-27,-0.198676,-0.2263,25
962,2011-01-28,-0.13890799999999998,0.0,25
963,2011-01-29,-0.11444000000000001,-0.2263,25
964,2011-01-30,-0.014656,0.0,25
965,2011-01-31,-0.11143600000000001,-0.2263,25
966,2011-02-01,0.020720000000000002,0.0,25
967,2011-02-02,-0.044536000000000006,-0.0258,25
968,2011-02-03,-0.296864,-0.4588,25
969,2011-02-04,-0.092372,0.0,25
970,2011-02-05,-0.214252,-0.128,25
971,2011-02-06,-0.194052,-0.2263,25
972,2011-02-07,-0.14307999999999998,-0.0179,25
973,2011-02-08,-0.176584,0.0,25
974,2011-02-09,-0.294128,-0.4215,25
975,2011-02-10,-0.16159600000000002,-0.1154,25
976,2011-02-11,-0.110064,0.0,25
977,2011-02-12,-0.050932,0.0,25
978,2011-02-13,-0.22564400000000004,-0.25,25
979,2011-02-14,-0.125848,-0.1027,25
980,2011-02-15,-0.368724,-0.4019,25
981,2011-02-16,-0.33388399999999996,-0.4767,25
982,2011-02-17,-0.31732,-0.4767,25
983,2011-02-18,-0.325444,-0.4588,25
984,2011-02-19,-0.152976,-0.0258,25
985,2011-02-20,-0.34436,-0.3818,25
986,2011-02-21,-0.286288,-0.1531,25
987,2011-02-22,-0.05369999999999999,0.0,25
988,2011-02-23,-0.19077200000000002,-0.0936,25
989,2011-02-24,-0.218124,-0.1531,25
990,2011-02-25,-0.253616,-0.2263,25
991,2011-02-26,-0.227672,-0.2263,25
992,2011-02-27,-0.19768,-0.1027,25
993,2011-02-28,-0.1683,0.0,25
994,2011-03-01,-0.107004,0.0,25
995,2011-03-02,-0.26374,-0.34,25
996,2011-03-03,-0.255884,-0.1759,25
997,2011-03-04,-0.268904,-0.3818,25
998,2011-03-05,-0.179708,-0.2023,25
999,2011-03-06,-0.189884,-0.1027,25
1000,2011-03-07,-0.057088,0.0,25
1001,2011-03-08,-0.246936,-0.2263,25
1002,2011-03-09,-0.289772,-0.2263,25
1003,2011-03-10,-0.282684,-0.2732,25
1004,2011-03-11,0.058324,0.0,25
1005,2011-03-12,-0.18867599999999998,-0.128,25
1006,2011-03-13,0.05239599999999999,0.0,25
1007,2011-03-14,-0.076276,-0.1513,25
1008,2011-03-15,-0.18734,-0.296,25
1009,2011-03-16,-0.18525199999999997,-0.296,25
1010,2011-03-17,-0.100192,0.0,25
1011,2011-03-18,-0.061484000000000004,0.0,25
1012,2011-03-19,-0.31348,-0.2263,25
1013,2011-03-20,-0.341312,-0.34,25
1014,2011-03-21,-0.257876,-0.0516,25
1015,2011-03-22,-0.030615999999999997,0.0,25
1016,2011-03-23,-0.303096,-0.296,25
1017,2011-03-24,-0.29865200000000003,-0.3182,25
1018,2011-03-25,-0.132588,0.0,25
1019,2011-03-26,-0.382816,-0.3818,25
1020,2011-03-27,-0.187628,-0.1935,25
1021,2011-03-28,-0.459308,-0.4767,25
1022,2011-03-29,-0.188524,-0.25,25
1023,2011-03-30,-0.11779599999999998,0.0,25
1024,2011-03-31,-0.21414000000000002,-0.25,25
1025,2011-04-01,-0.208384,-0.2263,25
1026,2011-04-02,-0.404688,-0.5106,25
1027,2011-04-03,-0.273632,-0.1027,25
1028,2011-04-04,-0.287624,-0.3612,25
1029,2011-04-05,-0.3287,-0.4404,25
1030,2011-04-06,-0.16403600000000002,-0.25,25
1031,2011-04-07,-0.31704,-0.4754,25
1032,2011-04-08,-0.23231200000000002,-0.2023,25
1033,2011-04-09,-0.309792,-0.4019,25
1034,2011-04-10,-0.34267600000000004,-0.4588,25
1035,2011-04-11,-0.14073200000000002,0.0,25
1036,2011-04-12,-0.304276,-0.34,25
1037,2011-04-13,-0.226844,-0.2023,25
1038,2011-04-14,-0.223132,-0.1943,25
1039,2011-04-15,-0.296988,-0.2732,25
1040,2011-04-16,-0.20288799999999999,-0.2732,25
1041,2011-04-17,-0.28284,-0.1027,25
1042,2011-04-18,-0.19929200000000002,-0.1531,25
1043,2011-04-19,-0.21076799999999998,-0.2334,25
1044,2011-04-20,-0.251312,-0.5994,25
1045,2011-04-21,-0.18410434782608695,-0.1381,23
1046,2011-04-22,-0.38757199999999997,-0.5994,25
1047,2011-04-23,-0.19109600000000002,-0.0516,25
1048,2011-04-24,-0.286824,-0.2263,25
1049,2011-04-25,-0.19404,-0.128,25
1050,2011-04-26,-0.306012,-0.34,25
1051,2011-04-27,-0.18872,-0.1531,25
1052,2011-04-28,-0.06762800000000001,0.0,25
1053,2011-04-29,-0.267512,-0.0772,25
1054,2011-04-30,-0.423508,-0.4588,25
1055,2011-05-01,-0.04128400000000001,0.0,25
1056,2011-05-02,-0.288644,-0.4939,25
1057,2011-05-03,-0.22246000000000002,-0.1027,25
1058,2011-05-04,-0.28002000000000005,-0.2732,25
1059,2011-05-05,-0.279036,-0.3612,25
1060,2011-05-06,-0.236752,-0.0516,25
1061,2011-05-07,-0.192024,-0.1779,25
1062,2011-05-08,-0.182416,-0.0258,25
1063,2011-05-09,-0.146956,-0.0258,25
1064,2011-05-10,-0.429748,-0.5423,25
1065,2011-05-11,-0.12182399999999999,0.0,25
1066,2011-05-12,-0.39679200000000003,-0.5106,25
1067,2011-05-13,-0.291648,-0.2263,25
1068,2011-05-14,-0.216808,-0.2263,25
1069,2011-05-15,-0.375988,-0.4588,25
1070,2011-05-16,-0.23791600000000002,-0.2263,25
1071,2011-05-17,-0.25886,-0.34,25
1072,2011-05-18,-0.166616,-0.0772,25
1073,2011-05-19,-0.04392,0.0,25
1074,2011-05-20,-0.14108,-0.1531,25
1075,2011-05-21,-0.208092,-0.3182,25
1076,2011-05-22,-0.220168,-0.128,25
1077,2011-05-23,-0.27032799999999996,-0.296,25
1078,2011-05-24,-0.34827199999999997,-0.4767,25
1079,2011-05-25,-0.24957200000000002,-0.2023,25
1080,2011-05-26,-0.15479600000000002,-0.0516,25
1081,2011-05-27,-0.24555600000000002,-0.3612,25
1082,2011-05-28,-0.204944,-0.1531,25
1083,2011-05-29,-0.228148,-0.1916,25
1084,2011-05-30,-0.271436,-0.3182,25
1085,2011-05-31,-0.31634,-0.4404,25
1086,2011-06-01,-0.41843199999999997,-0.4215,25
1087,2011-06-02,-0.372264,-0.4215,25
1088,2011-06-03,-0.38576,-0.5994,25
1089,2011-06-04,-0.19962800000000003,-0.1901,25
1090,2011-06-05,-0.06749600000000001,0.0,25
1091,2011-06-06,-0.254932,-0.25,25
1092,2011-06-07,-0.27021999999999996,-0.34,25
1093,2011-06-08,-0.136976,0.0,25
1094,2011-06-09,-0.093644,0.0,25
1095,2011-06-10,-0.136712,-0.128,25
1096,2011-06-11,-0.36574399999999996,-0.5106,25
1097,2011-06-12,-0.13997199999999999,0.0,25
1098,2011-06-13,-0.14949199999999999,0.0,25
1099,2011-06-14,-0.314828,-0.3612,25
1100,2011-06-15,-0.25516,-0.3328,25
1101,2011-06-16,-0.11407199999999999,0.0,25
1102,2011-06-17,-0.381236,-0.4767,25
1103,2011-06-18,-0.148192,-0.0516,25
1104,2011-06-19,-0.315848,-0.2732,25
1105,2011-06-20,-0.346132,-0.5106,25
1106,2011-06-21,-0.16535600000000003,-0.3182,25
1107,2011-06-22,-0.21456400000000003,-0.4019,25
1108,2011-06-23,-0.22162400000000002,-0.128,25
1109,2011-06-24,-0.18809599999999999,-0.296,25
1110,2011-06-25,-0.036840000000000005,0.0,25
1111,2011-06-26,-0.275152,-0.3182,25
1112,2011-06-27,-0.063552,0.0,25
1113,2011-06-28,-0.20521599999999998,-0.128,25
1114,2011-06-29,-0.21194,-0.3818,25
1115,2011-06-30,-0.28902,-0.25,25
1116,2011-07-01,-0.109424,0.0,25
1117,2011-07-02,-0.185364,-0.25,25
1118,2011-07-03,-0.10610800000000001,0.0,25
1119,2011-07-04,-0.091592,0.0,25
1120,2011-07-05,-0.35092,-0.3818,25
1121,2011-07-06,-0.14374,0.0,25
1122,2011-07-07,-0.224104,-0.3182,25
1123,2011-07-08,-0.27185200000000004,-0.2263,25
1124,2011-07-09,-0.21762,-0.2263,25
1125,2011-07-10,-0.17302399999999998,-0.3716,25
1126,2011-07-11,-0.23679199999999997,-0.2732,25
1127,2011-07-12,-0.316424,-0.34,25
1128,2011-07-13,-0.16080000000000003,0.0,25
1129,2011-07-14,-0.107952,0.0,25
1130,2011-07-15,-0.246684,-0.1779,25
1131,2011-07-16,-0.246292,-0.3612,25
1132,2011-07-17,-0.496776,-0.631,25
1133,2011-07-18,-0.234044,-0.25,25
1134,2011-07-19,-0.214508,-0.2382,25
1135,2011-07-20,-0.169112,-0.0258,25
1136,2011-07-21,-0.31546,-0.4215,25
1137,2011-07-22,-0.25392,0.0,25
1138,2011-07-23,-0.392548,-0.4767,25
1139,2011-07-24,-0.218004,-0.2023,25
1140,2011-07-25,-0.31262,-0.1779,25
1141,2011-07-26,-0.297792,-0.4215,25
1142,2011-07-27,-0.259212,-0.3716,25
1143,2011-07-28,-0.331256,-0.4215,25
1144,2011-07-29,-0.11090799999999999,0.0,25
1145,2011-07-30,-0.294284,-0.34,25
1146,2011-07-31,-0.283548,-0.3875,25
1147,2011-08-01,-0.458576,-0.6808,25
1148,2011-08-02,-0.218672,-0.25,25
1149,2011-08-03,-0.183784,-0.0772,25
1150,2011-08-04,-0.29266,-0.4019,25
1151,2011-08-05,-0.26411999999999997,-0.1615,25
1152,2011-08-06,-0.158696,0.0,25
1153,2011-08-07,-0.46840400000000004,-0.4939,25
1154,2011-08-08,-0.224744,-0.4019,25
1155,2011-08-09,-0.46592,-0.5106,25
1156,2011-08-10,-0.380804,-0.4767,25
1157,2011-08-11,-0.317384,-0.34,25
1158,2011-08-12,-0.22622,-0.3182,25
1159,2011-08-13,-0.281364,-0.34,25
1160,2011-08-14,-0.144764,-0.0516,25
1161,2011-08-15,-0.13933199999999998,-0.0772,25
1162,2011-08-16,-0.37807999999999997,-0.3818,25
1163,2011-08-17,-0.313172,-0.4019,25
1164,2011-08-18,-0.11697600000000001,0.0,25
1165,2011-08-19,-0.30038,-0.4215,25
1166,2011-08-20,-0.125032,-0.0516,25
1167,2011-08-21,-0.278616,-0.3182,25
1168,2011-08-22,-0.171636,0.0,25
1169,2011-08-23,-0.077924,-0.0772,25
1170,2011-08-24,-0.17686799999999997,0.0,25
1171,2011-08-25,-0.170292,-0.2023,25
1172,2011-08-26,-0.379052,-0.5267,25
1173,2011-08-27,-0.14370000000000002,-0.2023,25
1174,2011-08-28,-0.36278800000000005,-0.4588,25
1175,2011-08-29,-0.252296,-0.296,25
1176,2011-08-30,-0.285196,-0.2263,25
1177,2011-08-31,-0.336272,-0.34,25
1178,2011-09-01,-0.06776399999999999,0.0,25
1179,2011-09-02,-0.188624,-0.2732,25
1180,2011-09-03,-0.25224799999999997,-0.0258,25
1181,2011-09-04,-0.166296,0.0,25
1182,2011-09-05,-0.280196,-0.25,25
1183,2011-09-06,-0.188436,0.0,25
1184,2011-09-07,-0.21961199999999997,-0.2263,25
1185,2011-09-08,-0.31742000000000004,-0.5574,25
1186,2011-09-09,-0.34037999999999996,-0.296,25
1187,2011-09-10,-0.233804,-0.2263,25
1188,2011-09-11,-0.34826799999999997,-0.3818,25
1189,2011-09-12,-0.274156,-0.3612,25
1190,2011-09-13,-0.22559200000000001,-0.3818,25
1191,2011-09-14,-0.326584,-0.4404,25
1192,2011-09-15,-0.189548,-0.2263,25
1193,2011-09-16,-0.13564400000000001,0.0,25
1194,2011-09-17,-0.36207999999999996,-0.34,25
1195,2011-09-18,-0.21456,-0.0258,25
1196,2011-09-19,-0.095136,-0.1027,25
1197,2011-09-20,-0.0252,0.0,25
1198,2011-09-21,-0.38849200000000006,-0.4939,25
1199,2011-09-22,-0.20739999999999997,-0.3182,25
1200,2011-09-23,-0.21882000000000001,-0.128,25
1201,2011-09-24,-0.126804,0.0,25
1202,2011-09-25,-0.137832,0.0,25
1203,2011-09-26,-0.132284,0.0,25
1204,2011-09-27,-0.30485599999999996,-0.34,25
1205,2011-09-28,-0.261556,-0.3612,25
1206,2011-09-29,0.0021040000000000034,0.0,25
1207,2011-09-30,-0.159476,-0.1174,25
1208,2011-10-01,-0.24264000000000002,-0.25,25
1209,2011-10-02,-0.295396,-0.2263,25
1210,2011-10-03,-0.184368,-0.0258,25
1211,2011-10-04,-0.230164,-0.3818,25
1212,2011-10-05,-0.15113200000000002,0.0,25
1213,2011-10-06,-0.258416,-0.1531,25
1214,2011-10-07,-0.272684,-0.25,25
1215,2011-10-08,-0.271696,-0.4215,25
1216,2011-10-09,-0.294572,-0.2263,25
1217,2011-10-10,-0.491104,-0.5994,25
1218,2011-10-11,-0.133716,0.0,25
1219,2011-10-12,-0.253396,-0.2023,25
1220,2011-10-13,-0.31926,-0.4404,25
1221,2011-10-14,-0.293732,-0.4404,25
1222,2011-10-15,-0.21362000000000003,-0.2263,25
1223,2011-10-16,-0.347548,-0.2263,25
1224,2011-10-17,-0.2796,-0.3182,25
1225,2011-10-18,-0.2968,-0.3182,25
1226,2011-10-19,-0.162884,-0.2263,25
1227,2011-10-20,-0.02678000000000001,-0.0772,25
1228,2011-10-21,-0.18201599999999998,-0.4019,25
1229,2011-10-22,-0.187688,-0.2263,25
1230,2011-10-23,-0.26968,-0.34,25
1231,2011-10-24,-0.2697,-0.2732,25
1232,2011-10-25,-0.154732,-0.25,25
1233,2011-10-26,-0.134848,-0.128,25
1234,2011-10-27,-0.23725200000000002,-0.2263,25
1235,2011-10-28,-0.22688,-0.2263,25
1236,2011-10-29,-0.410268,-0.4215,25
1237,2011-10-30,-0.32780000000000004,-0.4939,25
1238,2011-10-31,-0.040184,0.0,25
1239,2011-11-01,-0.08998,0.0,25
1240,2011-11-02,-0.180024,-0.2263,25
1241,2011-11-03,-0.18628400000000003,-0.34,25
1242,2011-11-04,-0.164188,-0.1134,25
1243,2011-11-05,-0.30266000000000004,-0.4215,25
1244,2011-11-06,-0.189736,-0.2732,25
1245,2011-11-07,-0.334488,-0.3612,25
1246,2011-11-08,-0.38730800000000004,-0.4404,25
1247,2011-11-09,-0.259252,-0.25,25
1248,2011-11-10,-0.25379999999999997,-0.1027,25
1249,2011-11-11,-0.30410400000000004,-0.3818,25
1250,2011-11-12,-0.20982800000000001,0.0,25
1251,2011-11-13,-0.39079200000000003,-0.5574,25
1252,2011-11-14,-0.26466,-0.3804,25
1253,2011-11-15,-0.178732,0.0,25
1254,2011-11-16,-0.13867200000000002,-0.128,25
1255,2011-11-17,-0.31172,-0.3818,25
1256,2011-11-18,-0.09884399999999999,0.0,25
1257,2011-11-19,-0.31594,-0.2057,25
1258,2011-11-20,-0.20631999999999998,-0.25,25
1259,2011-11-21,-0.353064,-0.34,25
1260,2011-11-22,-0.162764,-0.128,25
1261,2011-11-23,-0.375848,-0.4767,25
1262,2011-11-24,-0.247512,-0.4019,25
1263,2011-11-25,-0.205888,-0.128,25
1264,2011-11-26,-0.382876,-0.4767,25
1265,2011-11-27,-0.33531599999999995,-0.4588,25
1266,2011-11-28,-0.14746800000000002,-0.0772,25
1267,2011-11-29,-0.205096,-0.2263,25
1268,2011-11-30,-0.159136,0.0,25
1269,2011-12-01,-0.283392,-0.2732,25
1270,2011-12-02,-0.253192,-0.25,25
1271,2011-12-03,-0.152308,0.0,25
1272,2011-12-04,-0.152752,-0.2415,25
1273,2011-12-05,-0.315832,-0.5106,25
1274,2011-12-06,-0.22046400000000002,-0.25,25
1275,2011-12-07,-0.24128800000000003,-0.2263,25
1276,2011-12-08,-0.2781,-0.4404,25
1277,2011-12-09,-0.24180799999999997,-0.25,25
1278,2011-12-10,-0.16224,-0.2263,25
1279,2011-12-11,-0.239544,-0.2023,25
1280,2011-12-12,-0.19362000000000001,-0.0516,25
1281,2011-12-13,-0.18314,0.0,25
1282,2011-12-14,-0.381428,-0.4588,25
1283,2011-12-15,-0.318852,-0.4215,25
1284,2011-12-16,-0.2597,-0.1779,25
1285,2011-12-17,-0.17719200000000002,-0.0258,25
1286,2011-12-18,-0.324016,-0.34,25
1287,2011-12-19,-0.3231,-0.4019,25
1288,2011-12-20,-0.084,0.0,25
1289,2011-12-21,-0.163372,0.0,25
1290,2011-12-22,-0.344264,-0.5859,25
1291,2011-12-23,-0.328168,-0.4588,25
1292,2011-12-24,-0.251324,-0.296,25
1293,2011-12-25,-0.029496,0.0,25
1294,2011-12-26,-0.301732,-0.5106,25
1295,2011-12-27,-0.26069600000000004,-0.4215,25
1296,2011-12-28,-0.25797200000000003,-0.4588,25
1297,2011-12-29,-0.11896000000000001,0.0,25
1298,2011-12-30,-0.24224800000000002,-0.2263,25
1299,2011-12-31,-0.25673999999999997,-0.3716,25
1300,2012-01-01,-0.189648,0.0,25
1301,2012-01-02,-0.306212,-0.4019,25
1302,2012-01-03,-0.11522,0.0,25
1303,2012-01-04,-0.166292,-0.128,25
1304,2012-01-05,-0.320708,-0.3612,25
1305,2012-01-06,-0.372744,-0.5106,25
1306,2012-01-07,-0.278244,-0.2732,25
1307,2012-01-08,-0.1267,0.0,25
1308,2012-01-09,-0.111608,0.0,25
1309,2012-01-10,-0.220316,-0.128,25
1310,2012-01-11,-0.52396,-0.6705,25
1311,2012-01-12,-0.205676,-0.2023,25
1312,2012-01-13,-0.33397600000000005,-0.5106,25
1313,2012-01-14,-0.16404800000000003,-0.2023,25
1314,2012-01-15,-0.279416,-0.2732,25
1315,2012-01-16,-0.31836400000000004,-0.3818,25
1316,2012-01-17,-0.21094000000000002,-0.296,25
1317,2012-01-18,-0.228492,-0.296,25
1318,2012-01-19,-0.25608000000000003,-0.25,25
1319,2012-01-20,-0.260788,-0.296,25
1320,2012-01-21,-0.287568,-0.4404,25
1321,2012-01-22,-0.115356,-0.25,25
1322,2012-01-23,-0.24096399999999998,-0.128,25
1323,2012-01-24,-0.262264,-0.2732,25
1324,2012-01-25,-0.23308399999999999,-0.1779,25
1325,2012-01-26,-0.236884,-0.296,25
1326,2012-01-27,-0.39702,-0.4404,25
1327,2012-01-28,-0.224072,-0.1513,25
1328,2012-01-29,-0.23878,-0.2023,25
1329,2012-01-30,-0.179116,-0.0516,25
1330,2012-01-31,-0.273464,-0.3818,25
1331,2012-02-01,-0.266424,-0.4215,25
1332,2012-02-02,-0.145616,0.0,25
1333,2012-02-03,-0.31172,-0.4019,25
1334,2012-02-04,-0.217024,-0.25,25
1335,2012-02-05,-0.19503199999999998,-0.0772,25
1336,2012-02-06,-0.35846000000000006,-0.4588,25
1337,2012-02-07,-0.26696000000000003,-0.296,25
1338,2012-02-08,-0.0333,0.0,25
1339,2012-02-09,-0.350876,-0.4588,25
1340,2012-02-10,-0.20998799999999998,-0.1426,25
1341,2012-02-11,-0.331476,-0.4767,25
1342,2012-02-12,-0.313324,-0.3612,25
1343,2012-02-13,-0.272848,-0.34,25
1344,2012-02-14,-0.174128,-0.2062,25
1345,2012-02-15,-0.369108,-0.5216,25
1346,2012-02-16,-0.232368,-0.4404,25
1347,2012-02-17,-0.40415599999999996,-0.54,25
1348,2012-02-18,0.03652799999999999,0.0,25
1349,2012-02-19,-0.312576,-0.25,25
1350,2012-02-20,-0.144156,-0.128,25
1351,2012-02-21,-0.37739599999999995,-0.4588,25
1352,2012-02-22,-0.32860799999999996,-0.4019,25
1353,2012-02-23,-0.185492,0.0,25
1354,2012-02-24,-0.428148,-0.5994,25
1355,2012-02-25,-0.23064,-0.3182,25
1356,2012-02-26,-0.11808,0.0,25
1357,2012-02-27,-0.236244,-0.34,25
1358,2012-02-28,-0.178052,-0.0258,25
1359,2012-02-29,-0.218856,-0.1501,25
1360,2012-03-01,-0.352676,-0.4404,25
1361,2012-03-02,-0.25945599999999996,-0.3818,25
1362,2012-03-03,-0.10352399999999999,-0.1531,25
1363,2012-03-04,-0.30192,-0.3612,25
1364,2012-03-05,-0.08221200000000001,0.0,25
1365,2012-03-06,-0.16291599999999998,0.0,25
1366,2012-03-07,-0.30102000000000007,-0.6124,25
1367,2012-03-08,-0.339088,-0.4404,25
1368,2012-03-09,-0.13902799999999998,-0.1226,25
1369,2012-03-10,-0.287344,-0.3182,25
1370,2012-03-11,-0.347712,-0.4767,25
1371,2012-03-12,-0.16591999999999998,-0.2732,25
1372,2012-03-13,-0.317264,-0.3612,25
1373,2012-03-14,-0.289696,-0.2023,25
1374,2012-03-15,-0.20892,-0.3182,25
1375,2012-03-16,-0.18226799999999999,-0.128,25
1376,2012-03-17,-0.175824,0.0,25
1377,2012-03-18,-0.28565999999999997,-0.4939,25
1378,2012-03-19,-0.187664,-0.1779,25
1379,2012-03-20,-0.109876,0.0,25
1380,2012-03-21,-0.18264,0.0,25
1381,2012-03-22,-0.40086799999999995,-0.296,25
1382,2012-03-23,-0.065052,0.0,25
1383,2012-03-24,-0.24250799999999997,-0.296,25
1384,2012-03-25,-0.216756,-0.25,25
1385,2012-03-26,-0.012855999999999996,0.0,25
1386,2012-03-27,-0.25641200000000003,-0.296,25
1387,2012-03-28,-0.15244,0.0,25
1388,2012-03-29,-0.298048,-0.1779,25
1389,2012-03-30,-0.26462,-0.25,25
1390,2012-03-31,-0.246768,-0.25,25
1391,2012-04-01,-0.005707999999999998,0.0,25
1392,2012-04-02,-0.095976,0.0,25
1393,2012-04-03,-0.134108,0.0,25
1394,2012-04-04,-0.178172,0.0,25
1395,2012-04-05,-0.25456,-0.4588,25
1396,2012-04-06,-0.196408,-0.296,25
1397,2012-04-07,-0.046528,0.0,25
1398,2012-04-08,-0.205896,-0.4215,25
1399,2012-04-09,-0.226356,0.0,25
1400,2012-04-10,-0.198412,-0.3182,25
1401,2012-04-11,-0.176736,0.0,25
1402,2012-04-12,-0.18807200000000002,-0.0772,25
1403,2012-04-13,-0.269044,-0.3818,25
1404,2012-04-14,-0.194112,-0.2732,25
1405,2012-04-15,-0.16250399999999998,0.0,25
1406,2012-04-16,-0.346328,-0.5574,25
1407,2012-04-17,-0.240824,0.0,25
1408,2012-04-18,-0.273356,-0.3818,25
1409,2012-04-19,-0.07246799999999999,0.0,25
1410,2012-04-20,-0.14466400000000001,-0.2263,25
1411,2012-04-21,-0.40452,-0.6486,25
1412,2012-04-22,-0.255916,-0.4588,25
1413,2012-04-23,-0.177996,0.0,25
1414,2012-04-24,-0.13101200000000002,-0.0772,25
1415,2012-04-25,-0.204904,-0.3612,25
1416,2012-04-26,-0.19872800000000002,-0.2006,25
1417,2012-04-27,-0.401312,-0.4767,25
1418,2012-04-28,-0.30237200000000003,-0.4019,25
1419,2012-04-29,-0.057687999999999996,0.0,25
1420,2012-04-30,-0.195548,0.0,25
1421,2012-05-01,-0.1925,-0.1027,25
1422,2012-05-02,-0.14619200000000002,0.0,25
1423,2012-05-03,-0.218544,-0.1027,25
1424,2012-05-04,-0.211844,0.0,25
1425,2012-05-05,-0.199064,-0.0258,25
1426,2012-05-06,-0.118688,-0.1531,25
1427,2012-05-07,-0.080684,0.0,25
1428,2012-05-08,-0.192436,0.0,25
1429,2012-05-09,-0.054336,-0.1027,25
1430,2012-05-10,-0.32394400000000007,-0.4404,25
1431,2012-05-11,-0.110496,-0.2023,25
1432,2012-05-12,-0.11270399999999998,0.0,25
1433,2012-05-13,-0.07239599999999999,0.0,25
1434,2012-05-14,-0.222456,-0.296,25
1435,2012-05-15,-0.228524,0.0,25
1436,2012-05-16,-0.317532,-0.3818,25
1437,2012-05-17,-0.303168,-0.2732,25
1438,2012-05-18,-0.20460799999999998,-0.2263,25
1439,2012-05-19,-0.291324,-0.3182,25
1440,2012-05-20,-0.234268,-0.25,25
1441,2012-05-21,-0.404544,-0.4019,25
1442,2012-05-22,-0.31281200000000003,-0.296,25
1443,2012-05-23,-0.28882,-0.34,25
1444,2012-05-24,-0.29354800000000003,-0.25,25
1445,2012-05-25,-0.24148,-0.296,25
1446,2012-05-26,-0.280532,-0.296,25
1447,2012-05-27,-0.28108,-0.34,25
1448,2012-05-28,-0.038724,0.0,25
1449,2012-05-29,-0.290504,-0.296,25
1450,2012-05-30,-0.184532,-0.3182,25
1451,2012-05-31,-0.314228,-0.4767,25
1452,2012-06-01,-0.44711600000000007,-0.3818,25
1453,2012-06-02,-0.27554399999999996,-0.3612,25
1454,2012-06-03,-0.25651599999999997,-0.1531,25
1455,2012-06-04,-0.264696,-0.4215,25
1456,2012-06-05,-0.18961599999999998,0.0,25
1457,2012-06-06,-0.270856,-0.4404,25
1458,2012-06-07,-0.294772,-0.2263,25
1459,2012-06-08,-0.221672,0.0,25
1460,2012-06-09,-0.33217599999999997,-0.4404,25
1461,2012-06-10,-0.24648,-0.34,25
1462,2012-06-11,-0.14648,0.0,25
1463,2012-06-12,-0.15816,-0.2023,25
1464,2012-06-13,-0.128132,0.0,25
1465,2012-06-14,-0.054139999999999994,0.0,25
1466,2012-06-15,-0.170948,0.0,25
1467,2012-06-16,-0.061135999999999996,0.0,25
1468,2012-06-17,-0.22288799999999998,-0.1779,25
1469,2012-06-18,-0.21883200000000003,-0.128,25
1470,2012-06-19,-0.20176000000000002,-0.128,25
1471,2012-06-20,-0.199108,-0.0516,25
1472,2012-06-21,-0.260564,-0.2732,25
1473,2012-06-22,-0.254116,-0.2263,25
1474,2012-06-23,-0.175968,-0.1779,25
1475,2012-06-24,-0.10094000000000002,0.0,25
1476,2012-06-25,-0.133124,-0.1531,25
1477,2012-06-26,-0.322968,-0.4767,25
1478,2012-06-27,-0.22958800000000001,-0.3612,25
1479,2012-06-28,-0.218496,-0.1027,25
1480,2012-06-29,-0.25741600000000003,0.0,25
1481,2012-06-30,-0.09438,-0.0516,25
1482,2012-07-01,-0.267884,-0.204,25
1483,2012-07-02,-0.156856,-0.34,25
1484,2012-07-03,-0.355304,-0.296,25
1485,2012-07-04,-0.08772,0.0,25
1486,2012-07-05,-0.112332,-0.0276,25
1487,2012-07-06,-0.228432,-0.2732,25
1488,2012-07-07,-0.33256,-0.5423,25
1489,2012-07-08,-0.234664,-0.2263,25
1490,2012-07-09,-0.22438400000000003,-0.2023,25
1491,2012-07-10,-0.180396,-0.25,25
1492,2012-07-11,-0.252868,-0.4404,25
1493,2012-07-12,-0.18032800000000002,0.0,25
1494,2012-07-13,-0.26551600000000003,-0.3182,25
1495,2012-07-14,-0.238348,-0.1779,25
1496,2012-07-15,-0.36176,-0.4939,25
1497,2012-07-16,-0.243216,-0.2263,25
1498,2012-07-17,-0.35432,-0.4588,25
1499,2012-07-18,-0.196976,-0.0936,25
1500,2012-07-19,-0.11929600000000001,0.0,25
1501,2012-07-20,-0.22931200000000002,-0.128,25
1502,2012-07-21,-0.19084,0.0,25
1503,2012-07-22,-0.240704,-0.2263,25
1504,2012-07-23,-0.27883600000000003,-0.296,25
1505,2012-07-24,-0.29715199999999997,-0.2732,25
1506,2012-07-25,-0.19442,-0.1531,25
1507,2012-07-26,-0.43373999999999996,-0.4404,25
1508,2012-07-27,-0.075504,0.0,25
1509,2012-07-28,-0.429812,-0.5106,25
1510,2012-07-29,-0.25448,-0.2023,25
1511,2012-07-30,-0.31479199999999996,-0.4391,25
1512,2012-07-31,-0.261044,-0.3182,25
1513,2012-08-01,-0.23632,-0.2516,25
1514,2012-08-02,-0.187784,-0.2263,25
1515,2012-08-03,-0.21096800000000002,-0.4019,25
1516,2012-08-04,-0.254284,-0.2263,25
1517,2012-08-05,-0.258448,-0.128,25
1518,2012-08-06,-0.276032,-0.3182,25
1519,2012-08-07,-0.26344,-0.3182,25
1520,2012-08-08,-0.324476,-0.34,25
1521,2012-08-09,-0.260768,-0.3182,25
1522,2012-08-10,-0.256812,-0.34,25
1523,2012-08-11,-0.279932,-0.2846,25
1524,2012-08-12,-0.287324,-0.4404,25
1525,2012-08-13,-0.18713999999999997,0.0,25
1526,2012-08-14,-0.313092,-0.34,25
1527,2012-08-15,-0.173844,0.0,25
1528,2012-08-16,-0.31376000000000004,-0.34,25
1529,2012-08-17,-0.400468,-0.4767,25
1530,2012-08-18,-0.47666400000000003,-0.6369,25
1531,2012-08-19,-0.266992,-0.25,25
1532,2012-08-20,-0.333364,-0.4767,25
1533,2012-08-21,-0.26708000000000004,-0.1779,25
1534,2012-08-22,-0.2937,-0.3182,25
1535,2012-08-23,-0.199924,-0.2263,25
1536,2012-08-24,-0.356448,-0.4404,25
1537,2012-08-25,-0.23024,-0.296,25
1538,2012-08-26,-0.5366,-0.6597,25
1539,2012-08-27,-0.31714,-0.4404,25
1540,2012-08-28,-0.304308,-0.4019,25
1541,2012-08-29,-0.08774799999999999,0.0,25
1542,2012-08-30,-0.403628,-0.4404,25
1543,2012-08-31,-0.204168,0.0,25
1544,2012-09-01,-0.051124,0.0,25
1545,2012-09-02,-0.2118,-0.0516,25
1546,2012-09-03,-0.287316,-0.2732,25
1547,2012-09-04,-0.209832,-0.3182,25
1548,2012-09-05,-0.309448,-0.4215,25
1549,2012-09-06,-0.307908,-0.34,25
1550,2012-09-07,-0.21544,-0.1779,25
1551,2012-09-08,-0.15572,-0.0516,25
1552,2012-09-09,-0.115136,0.0,25
1553,2012-09-10,-0.23403600000000002,-0.3818,25
1554,2012-09-11,-0.18598800000000001,-0.1531,25
1555,2012-09-12,-0.365708,-0.4404,25
1556,2012-09-13,-0.231276,-0.2263,25
1557,2012-09-14,-0.228324,-0.2263,25
1558,2012-09-15,-0.46202,-0.5574,25
1559,2012-09-16,-0.392068,-0.4767,25
1560,2012-09-17,-0.381888,-0.4215,25
1561,2012-09-18,-0.10374400000000002,-0.2732,25
1562,2012-09-19,-0.178456,-0.2263,25
1563,2012-09-20,-0.341648,-0.4404,25
1564,2012-09-21,-0.34849600000000003,-0.34,25
1565,2012-09-22,-0.42409199999999997,-0.4767,25
1566,2012-09-23,-0.318356,-0.4404,25
1567,2012-09-24,-0.3246,-0.5106,25
1568,2012-09-25,-0.154444,-0.2732,25
1569,2012-09-26,-0.22703600000000002,-0.4767,25
1570,2012-09-27,-0.177424,-0.296,25
1571,2012-09-28,-0.04064,0.0,25
1572,2012-09-29,-0.260448,-0.4404,25
1573,2012-09-30,-0.464848,-0.5719,25
1574,2012-10-01,-0.321432,-0.4215,25
1575,2012-10-02,-0.201492,-0.0258,25
1576,2012-10-03,-0.307912,-0.4215,25
1577,2012-10-04,-0.17081599999999997,-0.1531,25
1578,2012-10-05,-0.210524,-0.0772,25
1579,2012-10-06,-0.235096,-0.2626,25
1580,2012-10-07,0.016260000000000004,0.0,25
1581,2012-10-08,-0.09020800000000001,0.0,25
1582,2012-10-09,-0.24917999999999998,-0.3071,25
1583,2012-10-10,-0.347368,-0.4404,25
1584,2012-10-11,-0.430368,-0.5719,25
1585,2012-10-12,-0.152064,-0.0516,25
1586,2012-10-13,-0.16244399999999998,-0.1027,25
1587,2012-10-14,-0.351984,-0.4753,25
1588,2012-10-15,-0.224512,0.0,25
1589,2012-10-16,-0.28173200000000004,-0.128,25
1590,2012-10-17,-0.257304,-0.2263,25
1591,2012-10-18,-0.249624,-0.2263,25
1592,2012-10-19,-0.12742799999999999,0.0,25
1593,2012-10-20,-0.16419999999999998,-0.1531,25
1594,2012-10-21,-0.271624,-0.25,25
1595,2012-10-22,-0.297804,-0.4939,25
1596,2012-10-23,-0.22970400000000002,-0.34,25
1597,2012-10-24,-0.33705199999999996,-0.4404,25
1598,2012-10-25,-0.361104,-0.4019,25
1599,2012-10-26,-0.228476,-0.4939,25
1600,2012-10-27,-0.106004,0.0,25
1601,2012-10-28,-0.35260800000000003,-0.4404,25
1602,2012-10-29,-0.260916,-0.296,25
1603,2012-10-30,-0.168416,-0.2263,25
1604,2012-10-31,-0.24135600000000001,-0.2263,25
1605,2012-11-01,-0.33811199999999997,-0.4767,25
1606,2012-11-02,-0.264528,-0.2263,25
1607,2012-11-03,-0.402984,-0.4767,25
1608,2012-11-04,-0.41481999999999997,-0.5719,25
1609,2012-11-05,-0.20344,0.0,25
1610,2012-11-06,-0.126484,0.0,25
1611,2012-11-07,-0.05301600000000001,0.0,25
1612,2012-11-08,-0.21015599999999998,-0.1027,25
1613,2012-11-09,-0.269528,-0.3182,25
1614,2012-11-10,-0.381468,-0.4329,25
1615,2012-11-11,-0.13388,-0.0516,25
1616,2012-11-12,-0.284676,-0.3818,25
1617,2012-11-13,-0.234404,-0.3612,25
1618,2012-11-14,-0.30519999999999997,-0.3818,25
1619,2012-11-15,-0.337744,-0.4019,25
1620,2012-11-16,-0.25391600000000003,-0.2732,25
1621,2012-11-17,-0.19365200000000002,0.0,25
1622,2012-11-18,-0.17254000000000003,-0.2023,25
1623,2012-11-19,-0.47049599999999997,-0.5423,25
1624,2012-11-20,-0.260124,-0.4404,25
1625,2012-11-21,-0.31115200000000004,-0.2732,25
1626,2012-11-22,-0.265916,-0.296,25
1627,2012-11-23,-0.31622,-0.296,25
1628,2012-11-24,-0.19506,-0.2023,25
1629,2012-11-25,-0.217356,-0.2732,25
1630,2012-11-26,-0.325372,-0.4588,25
1631,2012-11-27,-0.24060800000000002,-0.2732,25
1632,2012-11-28,-0.24427600000000002,0.0,25
1633,2012-11-29,-0.232612,-0.3612,25
1634,2012-11-30,-0.21757200000000002,-0.2023,25
1635,2012-12-01,-0.20005199999999998,-0.128,25
1636,2012-12-02,-0.22378399999999998,-0.25,25
1637,2012-12-03,-0.24595200000000003,-0.0516,25
1638,2012-12-04,-0.281836,-0.296,25
1639,2012-12-05,-0.34449199999999996,-0.3818,25
1640,2012-12-06,-0.331356,-0.4767,25
1641,2012-12-07,-0.246724,-0.1779,25
1642,2012-12-08,-0.156832,-0.2023,25
1643,2012-12-09,-0.196132,-0.2732,25
1644,2012-12-10,-0.38056399999999996,-0.4215,25
1645,2012-12-11,-0.286828,-0.34,25
1646,2012-12-12,-0.10300000000000001,0.0,25
1647,2012-12-13,-0.25226400000000004,-0.2023,25
1648,2012-12-14,-0.23284,-0.296,25
1649,2012-12-15,-0.196248,-0.2023,25
1650,2012-12-16,-0.06072000000000001,0.0,25
1651,2012-12-17,-0.28511600000000004,-0.3182,25
1652,2012-12-18,-0.17839200000000002,-0.0258,25
1653,2012-12-19,-0.360768,-0.4588,25
1654,2012-12-20,-0.413804,-0.4588,25
1655,2012-12-21,-0.16714400000000001,0.0,25
1656,2012-12-22,-0.19323999999999997,-0.128,25
1657,2012-12-23,-0.18806,-0.1531,25
1658,2012-12-24,-0.34275599999999995,-0.5267,25
1659,2012-12-25,-0.321656,-0.296,25
1660,2012-12-26,-0.253252,-0.4404,25
1661,2012-12-27,-0.213844,0.0,25
1662,2012-12-28,-0.246672,-0.1779,25
1663,2012-12-29,-0.32236800000000004,-0.4404,25
1664,2012-12-30,-0.31831200000000004,-0.4404,25
1665,2012-12-31,-0.306432,-0.296,25
1666,2013-01-01,-0.293652,-0.2263,25
1667,2013-01-02,-0.350824,-0.3818,25
1668,2013-01-03,-0.254364,-0.2023,25
1669,2013-01-04,-0.335036,-0.34,25
1670,2013-01-05,-0.327204,-0.3818,25
1671,2013-01-06,-0.318904,-0.5106,25
1672,2013-01-07,-0.187708,-0.1779,25
1673,2013-01-08,-0.2212,-0.25,25
1674,2013-01-09,-0.315556,-0.34,25
1675,2013-01-10,-0.262808,-0.128,25
1676,2013-01-11,-0.203876,0.0,25
1677,2013-01-12,-0.2243,-0.1556,25
1678,2013-01-13,-0.132632,-0.0258,25
1679,2013-01-14,-0.19866,-0.3182,25
1680,2013-01-15,-0.253948,-0.296,25
1681,2013-01-16,-0.190784,-0.296,25
1682,2013-01-17,-0.23592,-0.296,25
1683,2013-01-18,-0.15638799999999997,0.0,25
1684,2013-01-19,-0.102204,0.0,25
1685,2013-01-20,-0.204344,-0.1531,25
1686,2013-01-21,-0.233828,-0.128,25
1687,2013-01-22,-0.170232,-0.1586,25
1688,2013-01-23,-0.267864,-0.25,25
1689,2013-01-24,-0.310636,-0.3818,25
1690,2013-01-25,-0.20679999999999998,-0.2263,25
1691,2013-01-26,-0.158976,-0.1531,25
1692,2013-01-27,-0.2289,-0.1531,25
1693,2013-01-28,-0.19108,-0.296,25
1694,2013-01-29,-0.1523,-0.1548,25
1695,2013-01-30,-0.190828,-0.2263,25
1696,2013-01-31,-0.181232,0.0,25
1697,2013-02-01,-0.17767200000000002,0.0,25
1698,2013-02-02,-0.26748,-0.3612,25
1699,2013-02-03,-0.14482799999999998,0.0,25
1700,2013-02-04,-0.13902799999999998,0.0,25
1701,2013-02-05,-0.255456,-0.2732,25
1702,2013-02-06,-0.29241999999999996,-0.3612,25
1703,2013-02-07,-0.016752000000000003,0.0,25
1704,2013-02-08,-0.402988,-0.4588,25
1705,2013-02-09,-0.262776,-0.4019,25
1706,2013-02-10,-0.321164,-0.4404,25
1707,2013-02-11,-0.103452,0.0,25
1708,2013-02-12,-0.25474,0.0,25
1709,2013-02-13,-0.160764,-0.2023,25
1710,2013-02-14,-0.379672,-0.4588,25
1711,2013-02-15,-0.24537599999999998,0.0,25
1712,2013-02-16,-0.06718400000000001,0.0,25
1713,2013-02-17,-0.267608,-0.296,25
1714,2013-02-18,-0.282664,-0.296,25
1715,2013-02-19,-0.07753199999999999,0.0,25
1716,2013-02-20,-0.26102800000000004,-0.296,25
1717,2013-02-21,-0.31378799999999996,-0.2023,25
1718,2013-02-22,-0.277764,0.0,25
1719,2013-02-23,-0.16112,0.0,25
1720,2013-02-24,-0.273336,-0.3612,25
1721,2013-02-25,-0.16420400000000002,0.0,25
1722,2013-02-26,-0.248108,-0.3818,25
1723,2013-02-27,-0.371552,-0.5106,25
1724,2013-02-28,-0.25336400000000003,-0.3182,25
1725,2013-03-01,-0.22408,-0.1779,25
1726,2013-03-02,-0.318596,-0.228,25
1727,2013-03-03,-0.22209600000000002,-0.296,25
1728,2013-03-04,-0.0023399999999999944,0.0,25
1729,2013-03-05,-0.411676,-0.4959,25
1730,2013-03-06,-0.160384,0.0,25
1731,2013-03-07,-0.13989200000000002,0.0,25
1732,2013-03-08,-0.191752,0.0,25
1733,2013-03-09,-0.17356,0.0,25
1734,2013-03-10,-0.333172,-0.4215,25
1735,2013-03-11,-0.31918399999999997,-0.4019,25
1736,2013-03-12,-0.262912,-0.4767,25
1737,2013-03-13,-0.201936,-0.2263,25
1738,2013-03-14,0.028336,0.0,25
1739,2013-03-15,-0.200232,-0.1531,25
1740,2013-03-16,-0.231648,-0.296,25
1741,2013-03-17,-0.231464,-0.3182,25
1742,2013-03-18,-0.312008,-0.1531,25
1743,2013-03-19,-0.29615600000000003,-0.34,25
1744,2013-03-20,-0.29574,-0.4404,25
1745,2013-03-21,-0.255252,-0.2411,25
1746,2013-03-22,-0.21258,-0.1781,25
1747,2013-03-23,-0.23998,-0.4215,25
1748,2013-03-24,-0.335728,-0.3182,25
1749,2013-03-25,-0.17057200000000003,-0.128,25
1750,2013-03-26,-0.229344,-0.2263,25
1751,2013-03-27,-0.165716,-0.128,25
1752,2013-03-28,-0.21752,-0.0772,25
1753,2013-03-29,-0.24447200000000002,-0.3612,25
1754,2013-03-30,-0.250244,-0.3182,25
1755,2013-03-31,-0.20724399999999998,-0.34,25
1756,2013-04-01,-0.273008,-0.25,25
1757,2013-04-02,-0.26726,-0.1027,25
1758,2013-04-03,-0.18945599999999999,-0.0258,25
1759,2013-04-04,-0.255232,-0.2144,25
1760,2013-04-05,-0.1273,0.0,25
1761,2013-04-06,-0.270368,-0.296,25
1762,2013-04-07,-0.398304,-0.4939,25
1763,2013-04-08,-0.169456,0.0,25
1764,2013-04-09,-0.245788,-0.2732,25
1765,2013-04-10,-0.085676,0.0,25
1766,2013-04-11,-0.14057599999999998,-0.0314,25
1767,2013-04-12,-0.060212,0.0,25
1768,2013-04-13,-0.127436,0.0,25
1769,2013-04-14,-0.194892,-0.3182,25
1770,2013-04-15,-0.141824,-0.128,25
1771,2013-04-16,-0.322084,-0.3612,25
1772,2013-04-17,-0.239556,0.0,25
1773,2013-04-18,-0.23136800000000002,-0.34,25
1774,2013-04-19,-0.09134,0.0,25
1775,2013-04-20,-0.269992,-0.296,25
1776,2013-04-21,-0.170528,-0.0772,25
1777,2013-04-22,-0.280532,-0.3612,25
1778,2013-04-23,-0.32799599999999995,-0.34,25
1779,2013-04-24,-0.22146000000000002,-0.296,25
1780,2013-04-25,-0.18439599999999998,0.0,25
1781,2013-04-26,-0.361828,-0.4404,25
1782,2013-04-27,-0.299484,-0.34,25
1783,2013-04-28,-0.379624,-0.4019,25
1784,2013-04-29,-0.37236800000000003,-0.4215,25
1785,2013-04-30,-0.140144,0.0,25
1786,2013-05-01,-0.164524,0.0,25
1787,2013-05-02,-0.346816,-0.4215,25
1788,2013-05-03,-0.25636,-0.2382,25
1789,2013-05-04,-0.333732,-0.3182,25
1790,2013-05-05,-0.184656,-0.1779,25
1791,2013-05-06,-0.2659,-0.3182,25
1792,2013-05-07,-0.28988800000000003,-0.34,25
1793,2013-05-08,-0.231424,-0.296,25
1794,2013-05-09,-0.31286,-0.3612,25
1795,2013-05-10,-0.16738399999999998,-0.1531,25
1796,2013-05-11,-0.29277200000000003,-0.3182,25
1797,2013-05-12,-0.270376,-0.296,25
1798,2013-05-13,-0.40921599999999997,-0.5423,25
1799,2013-05-14,-0.099136,0.0,25
1800,2013-05-15,-0.222272,-0.1531,25
1801,2013-05-16,-0.291572,-0.296,25
1802,2013-05-17,-0.35037199999999996,-0.5719,25
1803,2013-05-18,-0.171996,-0.3612,25
1804,2013-05-19,-0.176356,-0.128,25
1805,2013-05-20,-0.14966000000000002,0.0,25
1806,2013-05-21,-0.09654399999999999,0.0,25
1807,2013-05-22,-0.303836,-0.5106,25
1808,2013-05-23,-0.40300800000000003,-0.5106,25
1809,2013-05-24,-0.146372,0.0,25
1810,2013-05-25,-0.35458,-0.3384,25
1811,2013-05-26,-0.368228,-0.4404,25
1812,2013-05-27,-0.263384,-0.3612,25
1813,2013-05-28,-0.354124,-0.4019,25
1814,2013-05-29,-0.176204,0.0,25
1815,2013-05-30,-0.339484,-0.4019,25
1816,2013-05-31,-0.187764,-0.2263,25
1817,2013-06-01,-0.09483999999999998,0.0,25
1818,2013-06-02,-0.251144,-0.4019,25
1819,2013-06-03,-0.41174,-0.4767,25
1820,2013-06-04,-0.08127600000000001,0.0,25
1821,2013-06-05,-0.28512,-0.296,25
1822,2013-06-06,-0.22441599999999998,-0.2732,25
1823,2013-06-07,-0.120832,-0.0516,25
1824,2013-06-08,-0.11321599999999998,0.0,25
1825,2013-06-09,-0.25447600000000004,-0.2263,25
1826,2013-06-10,-0.03488,0.0,25
1827,2013-06-11,-0.036404,0.0,25
1828,2013-06-12,-0.295856,-0.3536,25
1829,2013-06-13,-0.11422400000000002,0.0,25
1830,2013-06-14,-0.1966,-0.2263,25
1831,2013-06-15,-0.207336,-0.2263,25
1832,2013-06-16,-0.24336400000000002,-0.128,25
1833,2013-06-17,-0.16555599999999998,-0.0516,25
1834,2013-06-18,-0.291088,-0.2732,25
1835,2013-06-19,-0.272744,-0.2732,25
1836,2013-06-20,-0.18357999999999997,-0.296,25
1837,2013-06-21,-0.184832,-0.1531,25
1838,2013-06-22,-0.29070799999999997,-0.4588,25
1839,2013-06-23,-0.26562,-0.34,25
1840,2013-06-24,-0.2965,-0.3818,25
1841,2013-06-25,-0.15103999999999998,0.0,25
1842,2013-06-26,-0.11214400000000001,0.0,25
1843,2013-06-27,-0.12936,0.0,25
1844,2013-06-28,-0.226544,-0.2263,25
1845,2013-06-29,-0.290552,-0.2144,25
1846,2013-06-30,-0.154364,-0.1027,25
1847,2013-07-01,-0.04674799999999999,0.0,25
1848,2013-07-02,-0.212972,-0.2023,25
1849,2013-07-03,-0.130228,0.0,25
1850,2013-07-04,-0.111776,0.0,25
1851,2013-07-05,-0.054024,0.0,25
1852,2013-07-06,-0.193964,0.0,25
1853,2013-07-07,-0.17644400000000002,-0.1511,25
1854,2013-07-08,-0.141792,-0.0397,25
1855,2013-07-09,-0.11686400000000001,0.0,25
1856,2013-07-10,-0.332132,-0.4019,25
1857,2013-07-11,-0.19572799999999999,-0.2263,25
1858,2013-07-12,0.021627999999999998,0.0,25
1859,2013-07-13,-0.304136,-0.34,25
1860,2013-07-14,-0.21076,-0.3612,25
1861,2013-07-15,-0.06312,0.0,25
1862,2013-07-16,-0.191132,-0.0031,25
1863,2013-07-17,-0.311812,-0.4588,25
1864,2013-07-18,-0.36796799999999996,-0.4939,25
1865,2013-07-19,-0.275604,-0.296,25
1866,2013-07-20,-0.318628,-0.4019,25
1867,2013-07-21,-0.282288,-0.296,25
1868,2013-07-22,-0.31885199999999997,-0.4215,25
1869,2013-07-23,-0.264936,-0.34,25
1870,2013-07-24,-0.403252,-0.4767,25
1871,2013-07-25,-0.220656,-0.296,25
1872,2013-07-26,-0.22364,-0.296,25
1873,2013-07-27,-0.299008,-0.3818,25
1874,2013-07-28,-0.434428,-0.4404,25
1875,2013-07-29,-0.335124,-0.4939,25
1876,2013-07-30,-0.372752,-0.4588,25
1877,2013-07-31,-0.13529599999999997,0.0,25
1878,2013-08-01,-0.22498,-0.2263,25
1879,2013-08-02,-0.116504,0.0,25
1880,2013-08-03,-0.29499200000000003,0.0,25
1881,2013-08-04,0.016640000000000002,0.0,25
1882,2013-08-05,-0.27015999999999996,-0.3818,25
1883,2013-08-06,-0.138236,0.0,25
1884,2013-08-07,-0.241696,-0.3612,25
1885,2013-08-08,-0.173488,-0.0516,25
1886,2013-08-09,-0.15092,0.0,25
1887,2013-08-10,-0.263796,-0.2263,25
1888,2013-08-11,-0.12852,-0.2732,25
1889,2013-08-12,-0.183004,-0.3818,25
1890,2013-08-13,-0.25088,-0.3832,25
1891,2013-08-14,-0.200628,-0.296,25
1892,2013-08-15,-0.359548,-0.4767,25
1893,2013-08-16,-0.128096,-0.1027,25
1894,2013-08-17,-0.13240400000000002,0.0,25
1895,2013-08-18,-0.33927999999999997,-0.4215,25
1896,2013-08-19,-0.308512,-0.3612,25
1897,2013-08-20,-0.327068,-0.34,25
1898,2013-08-21,-0.368336,-0.4404,25
1899,2013-08-22,-0.321056,-0.4019,25
1900,2013-08-23,-0.340596,-0.5423,25
1901,2013-08-24,-0.129224,-0.128,25
1902,2013-08-25,-0.260076,-0.296,25
1903,2013-08-26,-0.224912,-0.3626,25
1904,2013-08-27,-0.21031599999999998,-0.128,25
1905,2013-08-28,-0.07172400000000001,0.0,25
1906,2013-08-29,-0.245544,-0.34,25
1907,2013-08-30,-0.192112,-0.1027,25
1908,2013-08-31,-0.379608,-0.4588,25
1909,2013-09-01,-0.126164,-0.1027,25
1910,2013-09-02,-0.28688,-0.3182,25
1911,2013-09-03,-0.09466399999999998,0.0,25
1912,2013-09-04,-0.18040399999999998,-0.1027,25
1913,2013-09-05,-0.227784,-0.34,25
1914,2013-09-06,-0.16578800000000002,-0.128,25
1915,2013-09-07,-0.204464,-0.2023,25
1916,2013-09-08,-0.172976,-0.1779,25
1917,2013-09-09,-0.260232,-0.3182,25
1918,2013-09-10,-0.281472,-0.3774,25
1919,2013-09-11,-0.127192,0.0,25
1920,2013-09-12,-0.12382,0.0,25
1921,2013-09-13,-0.42495600000000006,-0.4588,25
1922,2013-09-14,-0.21998,-0.2263,25
1923,2013-09-15,-0.171964,-0.1027,25
1924,2013-09-16,-0.12265599999999999,0.0,25
1925,2013-09-17,-0.395088,-0.4019,25
1926,2013-09-18,-0.1165,0.0,25
1927,2013-09-19,-0.217396,-0.1779,25
1928,2013-09-20,-0.259364,-0.3612,25
1929,2013-09-21,-0.288524,-0.34,25
1930,2013-09-22,-0.325468,-0.4019,25
1931,2013-09-23,-0.42958399999999997,-0.5106,25
1932,2013-09-24,-0.348468,-0.4404,25
1933,2013-09-25,-0.158964,-0.1531,25
1934,2013-09-26,-0.11820800000000001,0.0,25
1935,2013-09-27,-0.07694,0.0,25
1936,2013-09-28,-0.138776,-0.0258,25
1937,2013-09-29,-0.287936,-0.25,25
1938,2013-09-30,-0.288088,-0.1779,25
1939,2013-10-01,-0.184428,-0.0772,25
1940,2013-10-02,-0.35727600000000004,-0.4939,25
1941,2013-10-03,-0.24128799999999997,-0.2732,25
1942,2013-10-04,-0.185776,-0.3182,25
1943,2013-10-05,-0.17763600000000002,-0.2263,25
1944,2013-10-06,-0.13308,0.0,25
1945,2013-10-07,-0.18482799999999996,-0.296,25
1946,2013-10-08,0.039807999999999996,0.0,25
1947,2013-10-09,-0.217276,-0.128,25
1948,2013-10-10,-0.006487999999999998,0.0,25
1949,2013-10-11,-0.166508,-0.0772,25
1950,2013-10-12,-0.08642,0.0,25
1951,2013-10-13,-0.06980800000000001,0.0,25
1952,2013-10-14,-0.051268,0.0,25
1953,2013-10-15,-0.015436000000000004,0.0,25
1954,2013-10-16,-0.179096,0.0,25
1955,2013-10-17,-0.238552,-0.25,25
1956,2013-10-18,-0.456552,-0.5574,25
1957,2013-10-19,-0.301368,-0.3818,25
1958,2013-10-20,-0.370104,-0.4767,25
1959,2013-10-21,-0.19466,-0.0516,25
1960,2013-10-22,-0.241844,-0.34,25
1961,2013-10-23,-0.187832,-0.2023,25
1962,2013-10-24,-0.11392399999999998,0.0,25
1963,2013-10-25,-0.09455999999999999,0.0,25
1964,2013-10-26,-0.27447200000000005,-0.25,25
1965,2013-10-27,-0.130236,0.0,25
1966,2013-10-28,-0.21719999999999998,-0.296,25
1967,2013-10-29,-0.20140799999999998,-0.25,25
1968,2013-10-30,-0.16562000000000002,0.0,25
1969,2013-10-31,-0.23826799999999998,-0.2263,25
1970,2013-11-01,-0.08465199999999999,0.0,25
1971,2013-11-02,-0.28427199999999997,-0.34,25
1972,2013-11-03,-0.129092,0.0,25
1973,2013-11-04,-0.371956,-0.4767,25
1974,2013-11-05,-0.337892,-0.4019,25
1975,2013-11-06,-0.283992,-0.296,25
1976,2013-11-07,-0.27160799999999996,-0.3182,25
1977,2013-11-08,-0.043304,0.0,25
1978,2013-11-09,-0.32697199999999993,-0.3818,25
1979,2013-11-10,-0.01012,0.0,25
1980,2013-11-11,-0.15046800000000002,0.0,25
1981,2013-11-12,-0.189716,-0.25,25
1982,2013-11-13,-0.299388,-0.3612,25
1983,2013-11-14,-0.363412,-0.5423,25
1984,2013-11-15,-0.09608,0.0,25
1985,2013-11-16,-0.314068,-0.2263,25
1986,2013-11-17,-0.253876,-0.2263,25
1987,2013-11-18,-0.184944,-0.2263,25
1988,2013-11-19,-0.254876,-0.3612,25
1989,2013-11-20,-0.030603999999999996,0.0,25
1990,2013-11-21,-0.15831199999999998,-0.0258,25
1991,2013-11-22,-0.16315200000000002,-0.1027,25
1992,2013-11-23,-0.24504,-0.3182,25
1993,2013-11-24,-0.213688,-0.3182,25
1994,2013-11-25,-0.15002,-0.1027,25
1995,2013-11-26,-0.204928,0.0,25
1996,2013-11-27,-0.275428,-0.4767,25
1997,2013-11-28,-0.179232,-0.2263,25
1998,2013-11-29,-0.21407600000000002,-0.1779,25
1999,2013-11-30,-0.24428799999999998,-0.3182,25
2000,2013-12-01,-0.08806800000000001,0.0,25
2001,2013-12-02,-0.339712,-0.5106,25
2002,2013-12-03,-0.163992,-0.2263,25
2003,2013-12-04,-0.24253599999999997,-0.0516,25
2004,2013-12-05,-0.23571999999999999,-0.2732,25
2005,2013-12-06,-0.19903600000000002,0.0,25
2006,2013-12-07,-0.28932800000000003,-0.34,25
2007,2013-12-08,-0.26157600000000003,-0.25,25
2008,2013-12-09,-0.188,-0.2263,25
2009,2013-12-10,-0.109544,0.0,25
2010,2013-12-11,-0.060412,0.0,25
2011,2013-12-12,-0.294024,-0.3182,25
2012,2013-12-13,-0.315672,-0.4404,25
2013,2013-12-14,-0.15654400000000002,0.0,25
2014,2013-12-15,-0.19765999999999997,-0.2732,25
2015,2013-12-16,-0.23621999999999999,-0.3612,25
2016,2013-12-17,-0.141092,-0.1779,25
2017,2013-12-18,-0.177148,-0.1531,25
2018,2013-12-19,-0.076796,0.0,25
2019,2013-12-20,-0.320484,-0.5423,25
2020,2013-12-21,-0.15978799999999999,-0.25,25
2021,2013-12-22,-0.296888,-0.3802,25
2022,2013-12-23,-0.36014,-0.4588,25
2023,2013-12-24,-0.240244,-0.2732,25
2024,2013-12-25,-0.250512,-0.0772,25
2025,2013-12-26,-0.259876,-0.296,25
2026,2013-12-27,-0.359124,-0.4939,25
2027,2013-12-28,-0.308024,-0.34,25
2028,2013-12-29,-0.198404,-0.296,25
2029,2013-12-30,-0.236236,-0.3182,25
2030,2013-12-31,-0.092216,0.0,25
2031,2014-01-01,-0.12224,0.0,25
2032,2014-01-02,-0.09156399999999999,0.0,25
2033,2014-01-03,-0.164336,0.0,25
2034,2014-01-04,-0.224756,-0.2407,25
2035,2014-01-05,-0.329428,-0.3895,25
2036,2014-01-06,-0.33596400000000004,-0.4019,25
2037,2014-01-07,-0.276464,-0.2023,25
2038,2014-01-08,-0.25075600000000003,-0.3818,25
2039,2014-01-09,-0.20772,-0.2023,25
2040,2014-01-10,-0.21552,-0.2023,25
2041,2014-01-11,-0.31138,-0.3818,25
2042,2014-01-12,-0.22564399999999998,-0.0772,25
2043,2014-01-13,-0.35797199999999996,-0.5267,25
2044,2014-01-14,-0.17677600000000002,-0.4019,25
2045,2014-01-15,-0.249016,-0.25,25
2046,2014-01-16,-0.145108,0.0,25
2047,2014-01-17,-0.170712,-0.25,25
2048,2014-01-18,-0.28382799999999997,-0.0516,25
2049,2014-01-19,-0.225628,-0.128,25
2050,2014-01-20,0.040068,0.0,25
2051,2014-01-21,-0.281436,-0.2263,25
2052,2014-01-22,-0.295696,-0.3446,25
2053,2014-01-23,-0.235572,-0.2263,25
2054,2014-01-24,-0.155296,0.0,25
2055,2014-01-25,-0.22111599999999998,-0.2263,25
2056,2014-01-26,-0.202916,-0.3818,25
2057,2014-01-27,-0.401564,-0.4588,25
2058,2014-01-28,-0.087088,0.0,25
2059,2014-01-29,-0.199248,-0.1531,25
2060,2014-01-30,-0.34186,-0.34,25
2061,2014-01-31,-0.250868,-0.1531,25
2062,2014-02-01,-0.028076,0.0,25
2063,2014-02-02,-0.191168,-0.2585,25
2064,2014-02-03,-0.296252,-0.25,25
2065,2014-02-04,-0.130032,-0.2732,25
2066,2014-02-05,-0.262412,-0.34,25
2067,2014-02-06,-0.07840799999999999,0.0,25
2068,2014-02-07,-0.06527200000000001,-0.2263,25
2069,2014-02-08,-0.244884,-0.2732,25
2070,2014-02-09,-0.06307600000000001,-0.128,25
2071,2014-02-10,-0.113248,0.0,25
2072,2014-02-11,-0.19761199999999998,-0.128,25
2073,2014-02-12,-0.101256,0.0,25
2074,2014-02-13,-0.18343199999999998,0.0,25
2075,2014-02-14,-0.019395999999999997,0.0,25
2076,2014-02-15,-0.30522,-0.4019,25
2077,2014-02-16,-0.205896,-0.2263,25
2078,2014-02-17,-0.18312799999999999,0.0,25
2079,2014-02-18,-0.34126399999999996,-0.4588,25
2080,2014-02-19,-0.25514,0.0,25
2081,2014-02-20,-0.22173600000000002,-0.25,25
2082,2014-02-21,-0.276004,-0.34,25
2083,2014-02-22,-0.14305600000000002,-0.2263,25
2084,2014-02-23,-0.198612,0.0,25
2085,2014-02-24,-0.14934,0.0,25
2086,2014-02-25,-0.22726,0.0,25
2087,2014-02-26,-0.188496,0.0,25
2088,2014-02-27,-0.061091999999999994,0.0,25
2089,2014-02-28,-0.1481,0.0,25
2090,2014-03-01,-0.21871200000000002,-0.0258,25
2091,2014-03-02,-0.313244,-0.4215,25
2092,2014-03-03,-0.128852,-0.1655,25
2093,2014-03-04,-0.193932,-0.2263,25
2094,2014-03-05,-0.09518,0.0,25
2095,2014-03-06,-0.15033200000000002,-0.0804,25
2096,2014-03-07,-0.2798,-0.34,25
2097,2014-03-08,-0.191904,-0.2263,25
2098,2014-03-09,-0.24447599999999997,-0.296,25
2099,2014-03-10,-0.308568,-0.34,25
2100,2014-03-11,-0.26596,-0.296,25
2101,2014-03-12,-0.18258399999999997,0.0,25
2102,2014-03-13,-0.045663999999999996,0.0,25
2103,2014-03-14,-0.067416,0.0,25
2104,2014-03-15,-0.22302,-0.2263,25
2105,2014-03-16,-0.24226,-0.2263,25
2106,2014-03-17,-0.234696,0.0,25
2107,2014-03-18,-0.042744,0.0,25
2108,2014-03-19,-0.25336400000000003,-0.0516,25
2109,2014-03-20,-0.123976,0.0,25
2110,2014-03-21,-0.10513200000000002,-0.1027,25
2111,2014-03-22,-0.16679200000000002,-0.1027,25
2112,2014-03-23,-0.011587999999999994,0.0,25
2113,2014-03-24,-0.152024,0.0,25
2114,2014-03-25,-0.216496,-0.2732,25
2115,2014-03-26,-0.246664,-0.3182,25
2116,2014-03-27,-0.22384,-0.34,25
2117,2014-03-28,-0.23018799999999998,-0.128,25
2118,2014-03-29,-0.11872400000000001,0.0,25
2119,2014-03-30,-0.24254799999999999,-0.34,25
2120,2014-03-31,-0.04714400000000001,0.0,25
2121,2014-04-01,-0.255976,-0.3612,25
2122,2014-04-02,-0.242072,-0.25,25
2123,2014-04-03,-0.19052,-0.0232,25
2124,2014-04-04,-0.228428,-0.1027,25
2125,2014-04-05,-0.131352,0.0,25
2126,2014-04-06,-0.221672,-0.1027,25
2127,2014-04-07,-0.19216,-0.296,25
2128,2014-04-08,-0.137848,0.0,25
2129,2014-04-09,-0.172936,-0.1906,25
2130,2014-04-10,-0.26221999999999995,-0.296,25
2131,2014-04-11,-0.15069600000000002,-0.0129,25
2132,2014-04-12,-0.21206399999999997,-0.2732,25
2133,2014-04-13,-0.189212,-0.3382,25
2134,2014-04-14,-0.08876400000000001,0.0,25
2135,2014-04-15,-0.146948,0.0,25
2136,2014-04-16,-0.18742799999999998,-0.2732,25
2137,2014-04-17,-0.055868,0.0,25
2138,2014-04-18,-0.249772,-0.0772,25
2139,2014-04-19,-0.28096,-0.296,25
2140,2014-04-20,-0.27473600000000004,-0.1779,25
2141,2014-04-21,-0.29369599999999996,-0.3612,25
2142,2014-04-22,-0.176624,0.0,25
2143,2014-04-23,-0.157864,0.0,25
2144,2014-04-24,-0.21678799999999998,0.0,25
2145,2014-04-25,-0.285868,-0.296,25
2146,2014-04-26,-0.138544,0.0,25
2147,2014-04-27,-0.214716,-0.2732,25
2148,2014-04-28,-0.160336,0.0,25
2149,2014-04-29,-0.155312,-0.128,25
2150,2014-04-30,-0.20481200000000002,-0.0516,25
2151,2014-05-01,-0.25117999999999996,-0.1531,25
2152,2014-05-02,-0.14708,-0.0258,25
2153,2014-05-03,-0.279364,-0.4019,25
2154,2014-05-04,-0.34495600000000004,-0.4019,25
2155,2014-05-05,-0.14342,0.0,25
2156,2014-05-06,-0.32913200000000004,-0.3818,25
2157,2014-05-07,-0.325624,-0.34,25
2158,2014-05-08,-0.152396,0.0,25
2159,2014-05-09,-0.17096,0.0,25
2160,2014-05-10,-0.231544,-0.128,25
2161,2014-05-11,-0.122096,0.0,25
2162,2014-05-12,-0.18401199999999998,0.0,25
2163,2014-05-13,-0.156832,0.0,25
2164,2014-05-14,-0.326356,-0.4767,25
2165,2014-05-15,-0.173348,0.0,25
2166,2014-05-16,-0.323052,-0.34,25
2167,2014-05-17,-0.30176400000000003,-0.3612,25
2168,2014-05-18,-0.06630799999999999,0.0,25
2169,2014-05-19,-0.12812,0.0,25
2170,2014-05-20,-0.070792,-0.1027,25
2171,2014-05-21,-0.220432,-0.2263,25
2172,2014-05-22,-0.22936399999999998,-0.0516,25
2173,2014-05-23,-0.22624399999999997,-0.296,25
2174,2014-05-24,-0.020687999999999998,0.0,25
2175,2014-05-25,-0.18097200000000002,0.0,25
2176,2014-05-26,-0.049980000000000004,0.0,25
2177,2014-05-27,-0.159192,-0.0516,25
2178,2014-05-28,-0.20807199999999998,-0.1027,25
2179,2014-05-29,-0.21276399999999998,-0.0772,25
2180,2014-05-30,-0.242944,-0.0772,25
2181,2014-05-31,-0.146424,0.0,25
2182,2014-06-01,-0.170636,-0.1779,25
2183,2014-06-02,-0.180504,0.0,25
2184,2014-06-03,-0.094088,0.0,25
2185,2014-06-04,-0.06301999999999999,0.0,25
2186,2014-06-05,-0.173272,0.0,25
2187,2014-06-06,-0.11114799999999998,0.0,25
2188,2014-06-07,-0.056440000000000004,0.0,25
2189,2014-06-08,-0.202092,-0.2263,25
2190,2014-06-09,-0.22743200000000002,-0.296,25
2191,2014-06-10,-0.114108,0.0,25
2192,2014-06-11,-0.082896,0.0,25
2193,2014-06-12,-0.277884,-0.1779,25
2194,2014-06-13,-0.16896799999999998,0.0,25
2195,2014-06-14,-0.146524,0.0,25
2196,2014-06-15,-0.169268,0.0,25
2197,2014-06-16,-0.024059999999999998,0.0,25
2198,2014-06-17,-0.10198800000000001,0.0,25
2199,2014-06-18,-0.205472,-0.34,25
2200,2014-06-19,-0.15638,-0.0,25
2201,2014-06-20,-0.137172,0.0,25
2202,2014-06-21,-0.27032,-0.4276,25
2203,2014-06-22,-0.08556,0.0,25
2204,2014-06-23,-0.30479599999999996,-0.2263,25
2205,2014-06-24,-0.244372,-0.2263,25
2206,2014-06-25,-0.210988,-0.3818,25
2207,2014-06-26,-0.14818,0.0,25
2208,2014-06-27,-0.267208,-0.2263,25
2209,2014-06-28,-0.148124,0.0,25
2210,2014-06-29,-0.200144,-0.0258,25
2211,2014-06-30,-0.32699600000000006,-0.296,25
2212,2014-07-01,-0.20600000000000002,-0.296,25
2213,2014-07-02,-0.35156,-0.34,25
2214,2014-07-03,-0.089196,0.0,25
2215,2014-07-04,-0.280372,-0.3182,25
2216,2014-07-05,-0.327408,-0.4051,25
2217,2014-07-06,-0.261388,-0.1027,25
2218,2014-07-07,-0.148756,0.0,25
2219,2014-07-08,-0.171828,0.0,25
2220,2014-07-09,-0.29472000000000004,-0.34,25
2221,2014-07-10,-0.10446799999999999,0.0,25
2222,2014-07-11,-0.22808,-0.3182,25
2223,2014-07-12,-0.21872,-0.34,25
2224,2014-07-13,-0.368956,-0.4404,25
2225,2014-07-14,-0.179272,-0.0572,25
2226,2014-07-15,-0.16825600000000002,0.0,25
2227,2014-07-16,-0.251984,0.0,25
2228,2014-07-17,-0.137612,0.0,25
2229,2014-07-18,-0.288556,-0.4019,25
2230,2014-07-19,-0.481024,-0.6369,25
2231,2014-07-20,-0.26264400000000004,-0.296,25
2232,2014-07-21,-0.434116,-0.4404,25
2233,2014-07-22,-0.14921199999999998,-0.1531,25
2234,2014-07-23,-0.440748,-0.4588,25
2235,2014-07-24,-0.392776,-0.4588,25
2236,2014-07-25,-0.231876,-0.3182,25
2237,2014-07-26,-0.327592,-0.4215,25
2238,2014-07-27,-0.41513599999999995,-0.5423,25
2239,2014-07-28,-0.10691200000000001,0.0,25
2240,2014-07-29,-0.08860000000000001,0.0,25
2241,2014-07-30,-0.186572,-0.2023,25
2242,2014-07-31,-0.33252000000000004,-0.296,25
2243,2014-08-01,-0.32821600000000006,-0.3612,25
2244,2014-08-02,-0.303792,-0.4019,25
2245,2014-08-03,-0.436504,-0.5719,25
2246,2014-08-04,-0.24772399999999997,-0.2263,25
2247,2014-08-05,-0.193416,-0.3182,25
2248,2014-08-06,-0.37146,-0.34,25
2249,2014-08-07,-0.256156,-0.0516,25
2250,2014-08-08,-0.211264,-0.2023,25
2251,2014-08-09,-0.221248,-0.2263,25
2252,2014-08-10,-0.314248,-0.34,25
2253,2014-08-11,-0.334836,-0.34,25
2254,2014-08-12,-0.169188,0.0,25
2255,2014-08-13,-0.089712,0.0,25
2256,2014-08-14,-0.128536,-0.1027,25
2257,2014-08-15,-0.224984,-0.1531,25
2258,2014-08-16,-0.233144,0.0,25
2259,2014-08-17,-0.10960799999999998,0.0,25
2260,2014-08-18,-0.11546,0.0,25
2261,2014-08-19,-0.27022399999999996,-0.34,25
2262,2014-08-20,-0.164024,0.0,25
2263,2014-08-21,-0.34544400000000003,-0.4588,25
2264,2014-08-22,-0.319316,-0.34,25
2265,2014-08-23,-0.36477600000000004,-0.5994,25
2266,2014-08-24,-0.14215999999999998,-0.1027,25
2267,2014-08-25,-0.199316,-0.1189,25
2268,2014-08-26,-0.18691200000000002,-0.1901,25
2269,2014-08-27,-0.300152,-0.296,25
2270,2014-08-28,-0.354196,-0.3612,25
2271,2014-08-29,-0.284708,-0.0943,25
2272,2014-08-30,-0.20938800000000002,-0.2668,25
2273,2014-08-31,-0.32595199999999996,-0.3182,25
2274,2014-09-01,-0.11584799999999999,0.0,25
2275,2014-09-02,-0.260164,-0.4588,25
2276,2014-09-03,-0.188664,-0.128,25
2277,2014-09-04,-0.194072,-0.1027,25
2278,2014-09-05,-0.178952,-0.0516,25
2279,2014-09-06,-0.20455600000000002,-0.0258,25
2280,2014-09-07,-0.204208,0.0,25
2281,2014-09-08,-0.240548,-0.34,25
2282,2014-09-09,-0.216648,-0.0772,25
2283,2014-09-10,-0.028543999999999993,0.0,25
2284,2014-09-11,-0.13541599999999998,-0.0572,25
2285,2014-09-12,-0.132072,-0.3182,25
2286,2014-09-13,-0.24564400000000003,-0.1027,25
2287,2014-09-14,-0.086288,0.0,25
2288,2014-09-15,-0.11348000000000001,0.0,25
2289,2014-09-16,-0.10030000000000001,0.0,25
2290,2014-09-17,-0.20000800000000002,-0.128,25
2291,2014-09-18,-0.19413599999999998,0.0,25
2292,2014-09-19,-0.076168,0.0,25
2293,2014-09-20,-0.16232,0.0,25
2294,2014-09-21,-0.28040400000000004,-0.128,25
2295,2014-09-22,-0.11979999999999999,-0.2263,25
2296,2014-09-23,-0.133036,0.0,25
2297,2014-09-24,-0.04950800000000001,0.0,25
2298,2014-09-25,-0.10379200000000001,-0.1027,25
2299,2014-09-26,-0.07398400000000001,0.0,25
2300,2014-09-27,-0.15854000000000001,-0.1027,25
2301,2014-09-28,-0.28078,-0.2263,25
2302,2014-09-29,-0.256188,-0.25,25
2303,2014-09-30,-0.17300000000000001,0.0,25
2304,2014-10-01,-0.141084,0.0,25
2305,2014-10-02,-0.12842399999999998,-0.296,25
2306,2014-10-03,-0.209588,-0.296,25
2307,2014-10-04,-0.184576,0.0,25
2308,2014-10-05,-0.108292,-0.1531,25
2309,2014-10-06,-0.160896,-0.0516,25
2310,2014-10-07,-0.16589199999999998,-0.1027,25
2311,2014-10-08,-0.213804,0.0,25
2312,2014-10-09,-0.1356,0.0,25
2313,2014-10-10,-0.27684000000000003,-0.34,25
2314,2014-10-11,-0.144344,0.0,25
2315,2014-10-12,-0.276184,-0.2144,25
2316,2014-10-13,-0.156092,0.0,25
2317,2014-10-14,-0.26893999999999996,-0.1027,25
2318,2014-10-15,-0.22340800000000002,-0.2023,25
2319,2014-10-16,-0.007380000000000006,0.0,25
2320,2014-10-17,-0.18345199999999998,0.0,25
2321,2014-10-18,-0.106492,0.0,25
2322,2014-10-19,-0.12052,0.0,25
2323,2014-10-20,-0.171376,-0.0516,25
2324,2014-10-21,-0.210824,-0.2924,25
2325,2014-10-22,-0.017523999999999998,0.0,25
2326,2014-10-23,-0.212632,-0.3182,25
2327,2014-10-24,-0.253928,-0.2023,25
2328,2014-10-25,-0.243112,-0.2263,25
2329,2014-10-26,-0.186732,-0.2787,25
2330,2014-10-27,-0.198384,0.0,25
2331,2014-10-28,-0.128328,0.0,25
2332,2014-10-29,0.134128,0.0,25
2333,2014-10-30,-0.034112,0.0,25
2334,2014-10-31,-0.18727999999999997,0.0,25
2335,2014-11-01,-0.267004,-0.2732,25
2336,2014-11-02,-0.1535,0.0,25
2337,2014-11-03,-0.016223999999999995,0.0,25
2338,2014-11-04,-0.153248,-0.0516,25
2339,2014-11-05,-0.165732,0.0,25
2340,2014-11-06,-0.233824,-0.2023,25
2341,2014-11-07,-0.177156,0.0,25
2342,2014-11-08,-0.128672,0.0,25
2343,2014-11-09,-0.122992,0.0,25
2344,2014-11-10,-0.22217199999999998,-0.3818,25
2345,2014-11-11,-0.029316000000000005,0.0,25
2346,2014-11-12,-0.278584,-0.25,25
2347,2014-11-13,-0.10184800000000001,0.0,25
2348,2014-11-14,-0.253628,-0.2928,25
2349,2014-11-15,-0.13434,-0.1027,25
2350,2014-11-16,-0.283748,-0.128,25
2351,2014-11-17,-0.21892,-0.0516,25
2352,2014-11-18,-0.23823999999999998,-0.0258,25
2353,2014-11-19,-0.180084,0.0,25
2354,2014-11-20,-0.39874000000000004,-0.4939,25
2355,2014-11-21,-0.170032,-0.25,25
2356,2014-11-22,-0.344384,-0.3182,25
2357,2014-11-23,-0.235388,-0.2732,25
2358,2014-11-24,-0.138228,-0.1027,25
2359,2014-11-25,-0.239264,-0.34,25
2360,2014-11-26,-0.215136,-0.1531,25
2361,2014-11-27,-0.16764800000000002,-0.1027,25
2362,2014-11-28,-0.24646,-0.4939,25
2363,2014-11-29,-0.301328,-0.3818,25
2364,2014-11-30,-0.353252,-0.4404,25
2365,2014-12-01,-0.207108,-0.2732,25
2366,2014-12-02,0.000748000000000002,0.0,25
2367,2014-12-03,-0.27558,-0.25,25
2368,2014-12-04,-0.375052,-0.4215,25
2369,2014-12-05,-0.191768,-0.1027,25
2370,2014-12-06,-0.20488399999999998,-0.3612,25
2371,2014-12-07,-0.33878,-0.34,25
2372,2014-12-08,-0.2458,-0.34,25
2373,2014-12-09,-0.20464,-0.2263,25
2374,2014-12-10,-0.364948,-0.4404,25
2375,2014-12-11,-0.10458000000000002,0.0,25
2376,2014-12-12,-0.11782,-0.1491,25
2377,2014-12-13,-0.27572800000000003,-0.128,25
2378,2014-12-14,-0.262564,-0.3167,25
2379,2014-12-15,-0.16961199999999999,0.0,25
2380,2014-12-16,-0.355768,-0.4767,25
2381,2014-12-17,-0.358564,-0.4019,25
2382,2014-12-18,-0.33042,-0.4019,25
2383,2014-12-19,-0.210092,-0.2023,25
2384,2014-12-20,-0.27242,-0.34,25
2385,2014-12-21,-0.351876,-0.4404,25
2386,2014-12-22,-0.075976,0.0,25
2387,2014-12-23,-0.25191600000000003,-0.3182,25
2388,2014-12-24,-0.202652,0.0,25
2389,2014-12-25,-0.355964,-0.4767,25
2390,2014-12-26,-0.26367999999999997,-0.3182,25
2391,2014-12-27,-0.18096,0.0,25
2392,2014-12-28,-0.250404,-0.3182,25
2393,2014-12-29,-0.276948,-0.34,25
2394,2014-12-30,-0.230868,-0.25,25
2395,2014-12-31,-0.238688,-0.2732,25
2396,2015-01-01,-0.20338799999999999,-0.1779,25
2397,2015-01-02,-0.22631999999999997,-0.2263,25
2398,2015-01-03,-0.236984,0.0,25
2399,2015-01-04,-0.29060400000000003,-0.296,25
2400,2015-01-05,-0.246456,-0.1779,25
2401,2015-01-06,-0.176692,0.0,25
2402,2015-01-07,-0.224212,0.0,25
2403,2015-01-08,-0.454572,-0.5994,25
2404,2015-01-09,-0.397596,-0.4404,25
2405,2015-01-10,-0.33714,-0.3818,25
2406,2015-01-11,-0.258212,-0.2732,25
2407,2015-01-12,-0.273492,-0.296,25
2408,2015-01-13,-0.264844,-0.4404,25
2409,2015-01-14,-0.37080799999999997,-0.5423,25
2410,2015-01-15,-0.056304,0.0,25
2411,2015-01-16,-0.277456,-0.3182,25
2412,2015-01-17,-0.155796,0.0,25
2413,2015-01-18,-0.290128,-0.3818,25
2414,2015-01-19,-0.20808,-0.25,25
2415,2015-01-20,-0.15284799999999998,-0.0,25
2416,2015-01-21,-0.251924,-0.2732,25
2417,2015-01-22,-0.39051600000000003,-0.4767,25
2418,2015-01-23,-0.22444,-0.25,25
2419,2015-01-24,-0.182492,0.0,25
2420,2015-01-25,-0.295568,-0.4767,25
2421,2015-01-26,-0.20056000000000002,0.0,25
2422,2015-01-27,-0.219204,-0.2732,25
2423,2015-01-28,-0.20089600000000002,-0.0516,25
2424,2015-01-29,-0.33655999999999997,-0.296,25
2425,2015-01-30,-0.165036,0.0,25
2426,2015-01-31,-0.271524,-0.0516,25
2427,2015-02-01,-0.20906,-0.0772,25
2428,2015-02-02,-0.294836,-0.3818,25
2429,2015-02-03,-0.09147599999999999,-0.1027,25
2430,2015-02-04,-0.378596,-0.5106,25
2431,2015-02-05,-0.060104000000000005,0.0,25
2432,2015-02-06,-0.152316,0.0,25
2433,2015-02-07,-0.198944,-0.1027,25
2434,2015-02-08,-0.181692,-0.0258,25
2435,2015-02-09,-0.21742799999999998,-0.25,25
2436,2015-02-10,-0.186996,-0.1779,25
2437,2015-02-11,-0.246248,0.0,25
2438,2015-02-12,-0.16255199999999997,0.0,25
2439,2015-02-13,-0.366456,-0.4767,25
2440,2015-02-14,-0.147828,0.0,25
2441,2015-02-15,-0.276316,-0.3182,25
2442,2015-02-16,-0.364884,-0.34,25
2443,2015-02-17,-0.330776,-0.4404,25
2444,2015-02-18,-0.36818799999999996,-0.5267,25
2445,2015-02-19,-0.05507999999999999,0.0,25
2446,2015-02-20,-0.222176,-0.2023,25
2447,2015-02-21,-0.307052,-0.3612,25
2448,2015-02-22,-0.26686,-0.3182,25
2449,2015-02-23,-0.09483599999999999,0.0,25
2450,2015-02-24,-0.155344,0.0,25
2451,2015-02-25,-0.156868,0.0,25
2452,2015-02-26,-0.2933,-0.3182,25
2453,2015-02-27,-0.08299999999999999,0.0,25
2454,2015-02-28,-0.268964,-0.296,25
2455,2015-03-01,-0.225516,-0.0772,25
2456,2015-03-02,-0.20122,-0.3818,25
2457,2015-03-03,-0.04224,0.0,25
2458,2015-03-04,-0.271212,-0.2263,25
2459,2015-03-05,-0.24252,-0.34,25
2460,2015-03-06,-0.396744,-0.4767,25
2461,2015-03-07,-0.212104,-0.2263,25
2462,2015-03-08,-0.229996,-0.2732,25
2463,2015-03-09,-0.298356,-0.3612,25
2464,2015-03-10,-0.125504,-0.1531,25
2465,2015-03-11,-0.168488,-0.128,25
2466,2015-03-12,-0.117788,0.0,25
2467,2015-03-13,-0.08950799999999999,-0.1027,25
2468,2015-03-14,-0.13866,0.0,25
2469,2015-03-15,-0.1562,-0.1027,25
2470,2015-03-16,-0.230096,-0.2263,25
2471,2015-03-17,0.015171999999999998,0.0,25
2472,2015-03-18,-0.08352399999999999,0.0,25
2473,2015-03-19,0.02823999999999999,0.0,25
2474,2015-03-20,-0.235704,-0.2732,25
2475,2015-03-21,-0.176048,0.0,25
2476,2015-03-22,-0.085732,0.0,25
2477,2015-03-23,-0.151448,0.0,25
2478,2015-03-24,-0.024916,0.0,25
2479,2015-03-25,-0.143768,-0.1027,25
2480,2015-03-26,-0.15976800000000002,0.0,25
2481,2015-03-27,-0.09211200000000001,0.0,25
2482,2015-03-28,-0.060624000000000004,0.0,25
2483,2015-03-29,-0.212,-0.2023,25
2484,2015-03-30,-0.34389600000000003,-0.5719,25
2485,2015-03-31,-0.186232,-0.2177,25
2486,2015-04-01,-0.084224,0.0,25
2487,2015-04-02,-0.297016,-0.5574,25
2488,2015-04-03,-0.046968,0.0,25
2489,2015-04-04,-0.10915599999999999,-0.25,25
2490,2015-04-05,-0.244636,-0.128,25
2491,2015-04-06,-0.11068,0.0,25
2492,2015-04-07,-0.259764,-0.4019,25
2493,2015-04-08,-0.225608,-0.25,25
2494,2015-04-09,-0.161432,0.0,25
2495,2015-04-10,-0.148824,-0.1027,25
2496,2015-04-11,-0.064512,0.0,25
2497,2015-04-12,-0.2531,-0.3818,25
2498,2015-04-13,-0.16194,-0.2732,25
2499,2015-04-14,-0.13460799999999998,-0.0772,25
2500,2015-04-15,-0.1886,0.0,25
2501,2015-04-16,-0.120364,0.0,25
2502,2015-04-17,-0.13213999999999998,0.0,25
2503,2015-04-18,-0.142188,0.0,25
2504,2015-04-19,-0.154228,0.0,25
2505,2015-04-20,-0.238508,-0.2732,25
2506,2015-04-21,-0.20058,0.0,25
2507,2015-04-22,-0.094312,0.0,25
2508,2015-04-23,-0.203984,-0.2023,25
2509,2015-04-24,-0.16898,0.0,25
2510,2015-04-25,-0.167848,0.0,25
2511,2015-04-26,-0.245396,-0.34,25
2512,2015-04-27,-0.21422799999999997,-0.128,25
2513,2015-04-28,-0.16842,0.0,25
2514,2015-04-29,-0.06458000000000001,-0.0498,25
2515,2015-04-30,-0.168764,0.0,25
2516,2015-05-01,-0.281584,-0.1779,25
2517,2015-05-02,-0.206372,0.0,25
2518,2015-05-03,-0.18743600000000002,-0.128,25
2519,2015-05-04,-0.337592,-0.3612,25
2520,2015-05-05,-0.18962800000000002,-0.3612,25
2521,2015-05-06,-0.15233999999999998,0.0,25
2522,2015-05-07,-0.135912,0.0,25
2523,2015-05-08,-0.050668,0.0,25
2524,2015-05-09,-0.209024,-0.296,25
2525,2015-05-10,-0.19806,-0.1779,25
2526,2015-05-11,-0.15674,-0.1531,25
2527,2015-05-12,-0.143424,-0.0258,25
2528,2015-05-13,-0.189164,-0.0516,25
2529,2015-05-14,-0.263312,-0.296,25
2530,2015-05-15,-0.316304,-0.3291,25
2531,2015-05-16,-0.14410399999999998,-0.0516,25
2532,2015-05-17,-0.297452,-0.2732,25
2533,2015-05-18,-0.314328,-0.4019,25
2534,2015-05-19,-0.28946,-0.3818,25
2535,2015-05-20,-0.23636,-0.296,25
2536,2015-05-21,-0.069308,0.0,25
2537,2015-05-22,-0.013007999999999997,0.0,25
2538,2015-05-23,-0.29275199999999996,-0.4215,25
2539,2015-05-24,-0.18747599999999998,0.0,25
2540,2015-05-25,-0.146788,-0.1027,25
2541,2015-05-26,-0.231012,-0.0516,25
2542,2015-05-27,-0.275308,-0.34,25
2543,2015-05-28,-0.18895199999999998,-0.1531,25
2544,2015-05-29,-0.127464,-0.0258,25
2545,2015-05-30,-0.117548,0.0,25
2546,2015-05-31,-0.37248,-0.3612,25
2547,2015-06-01,-0.365456,-0.4939,25
2548,2015-06-02,-0.106784,0.0,25
2549,2015-06-03,-0.1257,-0.128,25
2550,2015-06-04,-0.06307199999999999,0.0,25
2551,2015-06-05,-0.025383999999999993,0.0,25
2552,2015-06-06,-0.263624,-0.2263,25
2553,2015-06-07,-0.11897600000000001,0.0,25
2554,2015-06-08,-0.02323199999999999,0.0,25
2555,2015-06-09,-0.126724,0.0,25
2556,2015-06-10,-0.156216,-0.0772,25
2557,2015-06-11,-0.08484799999999999,0.0,25
2558,2015-06-12,-0.143272,0.0,25
2559,2015-06-13,-0.083084,0.0,25
2560,2015-06-14,-0.219884,-0.1027,25
2561,2015-06-15,-0.125328,0.0,25
2562,2015-06-16,-0.177804,0.0,25
2563,2015-06-17,-0.253616,-0.34,25
2564,2015-06-18,-0.056091999999999996,0.0,25
2565,2015-06-19,-0.256252,-0.2023,25
2566,2015-06-20,-0.134852,0.0,25
2567,2015-06-21,-0.233552,0.0,25
2568,2015-06-22,-0.097956,0.0,25
2569,2015-06-23,-0.14402,-0.34,25
2570,2015-06-24,-0.12614,0.0,25
2571,2015-06-25,-0.133488,-0.0258,25
2572,2015-06-26,-0.178916,-0.0191,25
2573,2015-06-27,-0.2614,-0.1027,25
2574,2015-06-28,-0.240932,-0.296,25
2575,2015-06-29,-0.118748,0.0,25
2576,2015-06-30,-0.140868,0.0,25
2577,2015-07-01,-0.258184,0.0,25
2578,2015-07-02,-0.15706,-0.1531,25
2579,2015-07-03,-0.107964,-0.0516,25
2580,2015-07-04,-0.186704,-0.3182,25
2581,2015-07-05,-0.035344,0.0,25
2582,2015-07-06,-0.271772,-0.34,25
2583,2015-07-07,-0.32156,-0.4939,25
2584,2015-07-08,-0.085816,0.0,25
2585,2015-07-09,-0.24802,-0.4019,25
2586,2015-07-10,-0.094576,0.0,25
2587,2015-07-11,-0.195568,-0.0258,25
2588,2015-07-12,-0.255528,-0.296,25
2589,2015-07-13,-0.176056,0.0,25
2590,2015-07-14,-0.139068,-0.0258,25
2591,2015-07-15,-0.14102800000000001,0.0,25
2592,2015-07-16,0.004971999999999999,0.0,25
2593,2015-07-17,-0.21928,-0.2023,25
2594,2015-07-18,-0.122224,0.0,25
2595,2015-07-19,-0.216524,-0.3182,25
2596,2015-07-20,-0.112456,0.0,25
2597,2015-07-21,-0.12955199999999997,0.0,25
2598,2015-07-22,-0.225364,-0.2732,25
2599,2015-07-23,-0.206784,-0.2023,25
2600,2015-07-24,-0.124784,0.0,25
2601,2015-07-25,-0.345052,-0.4601,25
2602,2015-07-26,-0.18252,-0.0772,25
2603,2015-07-27,-0.32331200000000004,-0.296,25
2604,2015-07-28,-0.266944,-0.296,25
2605,2015-07-29,-0.22155999999999998,-0.25,25
2606,2015-07-30,-0.194848,-0.2732,25
2607,2015-07-31,-0.1502,-0.128,25
2608,2015-08-01,-0.14036400000000002,-0.1531,25
2609,2015-08-02,-0.250268,-0.1531,25
2610,2015-08-03,-0.32412799999999997,-0.2023,25
2611,2015-08-04,-0.229176,-0.2263,25
2612,2015-08-05,-0.259256,0.0,25
2613,2015-08-06,-0.17468399999999998,-0.296,25
2614,2015-08-07,-0.34379999999999994,-0.4228,25
2615,2015-08-08,-0.256724,-0.4019,25
2616,2015-08-09,-0.176064,-0.2023,25
2617,2015-08-10,-0.123956,0.0,25
2618,2015-08-11,-0.196448,-0.2023,25
2619,2015-08-12,-0.17674800000000002,-0.0572,25
2620,2015-08-13,-0.07068,0.0,25
2621,2015-08-14,-0.17702400000000001,0.0,25
2622,2015-08-15,-0.140124,0.0,25
2623,2015-08-16,-0.21131999999999998,-0.2263,25
2624,2015-08-17,-0.282132,-0.4588,25
2625,2015-08-18,-0.16716,0.0,25
2626,2015-08-19,-0.0461,0.0,25
2627,2015-08-20,-0.166256,-0.128,25
2628,2015-08-21,-0.112672,0.0,25
2629,2015-08-22,-0.267728,-0.2755,25
2630,2015-08-23,-0.06709999999999999,0.0,25
2631,2015-08-24,-0.229152,-0.4019,25
2632,2015-08-25,-0.118084,0.0,25
2633,2015-08-26,-0.1684,-0.0516,25
2634,2015-08-27,-0.265596,-0.3818,25
2635,2015-08-28,-0.26994799999999997,-0.2732,25
2636,2015-08-29,-0.35010800000000003,-0.4323,25
2637,2015-08-30,-0.29244,-0.3612,25
2638,2015-08-31,-0.24221600000000001,-0.4404,25
2639,2015-09-01,-0.152224,-0.1531,25
2640,2015-09-02,-0.265788,-0.296,25
2641,2015-09-03,-0.124788,0.0,25
2642,2015-09-04,-0.209656,0.0,25
2643,2015-09-05,-0.011168000000000013,0.0,25
2644,2015-09-06,-0.024984000000000003,-0.0,25
2645,2015-09-07,-0.18323600000000004,0.0,25
2646,2015-09-08,-0.22803199999999996,-0.3818,25
2647,2015-09-09,-0.095004,0.0,25
2648,2015-09-10,-0.20463599999999998,0.0,25
2649,2015-09-11,-0.10986000000000001,0.0,25
2650,2015-09-12,-0.16846,-0.1531,25
2651,2015-09-13,-0.212032,-0.1531,25
2652,2015-09-14,-0.135056,-0.128,25
2653,2015-09-15,-0.20151599999999997,-0.1551,25
2654,2015-09-16,-0.13800800000000002,-0.2023,25
2655,2015-09-17,-0.12546,0.0,25
2656,2015-09-18,-0.07551999999999999,0.0,25
2657,2015-09-19,-0.16956,-0.1027,25
2658,2015-09-20,-0.251428,-0.2263,25
2659,2015-09-21,-0.194544,-0.2023,25
2660,2015-09-22,-0.2279,-0.2023,25
2661,2015-09-23,-0.160796,0.0,25
2662,2015-09-24,-0.346372,-0.4019,25
2663,2015-09-25,-0.11161599999999999,-0.0516,25
2664,2015-09-26,-0.288076,-0.34,25
2665,2015-09-27,-0.216092,-0.2263,25
2666,2015-09-28,-0.069828,0.0,25
2667,2015-09-29,-0.215288,-0.296,25
2668,2015-09-30,-0.03956,0.0,25
2669,2015-10-01,-0.183976,0.0,25
2670,2015-10-02,-0.299304,-0.2023,25
2671,2015-10-03,-0.261716,-0.34,25
2672,2015-10-04,-0.274032,-0.2263,25
2673,2015-10-05,-0.16614,-0.2023,25
2674,2015-10-06,-0.246448,-0.0936,25
2675,2015-10-07,-0.041424,0.0,25
2676,2015-10-08,-0.201436,0.0,25
2677,2015-10-09,-0.147768,-0.0418,25
2678,2015-10-10,-0.187212,-0.0129,25
2679,2015-10-11,-0.278304,-0.3818,25
2680,2015-10-12,-0.23311199999999999,-0.2732,25
2681,2015-10-13,-0.17140799999999998,0.0,25
2682,2015-10-14,-0.209484,-0.5574,25
2683,2015-10-15,-0.235312,-0.34,25
2684,2015-10-16,-0.09378399999999999,0.0,25
2685,2015-10-17,-0.213584,-0.34,25
2686,2015-10-18,-0.23428000000000002,-0.296,25
2687,2015-10-19,-0.290812,-0.4939,25
2688,2015-10-20,-0.220032,-0.296,25
2689,2015-10-21,-0.190504,0.0,25
2690,2015-10-22,-0.24097200000000002,-0.3818,25
2691,2015-10-23,-0.22959600000000002,-0.2023,25
2692,2015-10-24,-0.0022799999999999886,0.0,25
2693,2015-10-25,-0.107848,0.0,25
2694,2015-10-26,-0.197684,0.0,25
2695,2015-10-27,-0.130404,0.0,25
2696,2015-10-28,-0.0933,0.0,25
2697,2015-10-29,-0.1702,-0.0772,25
2698,2015-10-30,-0.240732,-0.296,25
2699,2015-10-31,-0.161404,0.0,25
2700,2015-11-01,-0.106228,0.0,25
2701,2015-11-02,-0.17198799999999997,-0.25,25
2702,2015-11-03,-0.222688,0.0,25
2703,2015-11-04,-0.087772,0.0,25
2704,2015-11-05,-0.09376000000000001,0.0,25
2705,2015-11-06,-0.199788,-0.0258,25
2706,2015-11-07,-0.186132,-0.0772,25
2707,2015-11-08,-0.165456,0.0,25
2708,2015-11-09,-0.128752,-0.0516,25
2709,2015-11-10,-0.364948,-0.5574,25
2710,2015-11-11,-0.12387599999999999,0.0,25
2711,2015-11-12,-0.133716,0.0,25
2712,2015-11-13,-0.299912,-0.4588,25
2713,2015-11-14,-0.46182,-0.5267,25
2714,2015-11-15,-0.5169,-0.5994,25
2715,2015-11-16,-0.335584,-0.3818,25
2716,2015-11-17,-0.24866,-0.3818,25
2717,2015-11-18,-0.42894,-0.5859,25
2718,2015-11-19,-0.33447200000000005,-0.4939,25
2719,2015-11-20,-0.286732,-0.4767,25
2720,2015-11-21,-0.315384,-0.2023,25
2721,2015-11-22,-0.296472,-0.4404,25
2722,2015-11-23,-0.225832,-0.2263,25
2723,2015-11-24,-0.089436,0.0,25
2724,2015-11-25,-0.225608,-0.2023,25
2725,2015-11-26,-0.276508,-0.296,25
2726,2015-11-27,-0.123524,0.0,25
2727,2015-11-28,-0.346012,-0.4576,25
2728,2015-11-29,-0.317444,-0.4767,25
2729,2015-11-30,-0.12179599999999999,0.0,25
2730,2015-12-01,-0.186232,0.0,25
2731,2015-12-02,-0.07274000000000001,0.0,25
2732,2015-12-03,-0.189204,-0.296,25
2733,2015-12-04,-0.211912,-0.3182,25
2734,2015-12-05,-0.285712,-0.3182,25
2735,2015-12-06,-0.237028,-0.2263,25
2736,2015-12-07,-0.24694400000000002,-0.3182,25
2737,2015-12-08,-0.2763,-0.3818,25
2738,2015-12-09,-0.28756800000000005,-0.4404,25
2739,2015-12-10,-0.30726400000000004,-0.4404,25
2740,2015-12-11,-0.270084,-0.4168,25
2741,2015-12-12,-0.341824,-0.3818,25
2742,2015-12-13,-0.21500799999999998,-0.3182,25
2743,2015-12-14,-0.18875999999999998,0.0,25
2744,2015-12-15,-0.23382000000000003,-0.3182,25
2745,2015-12-16,-0.138144,0.0,25
2746,2015-12-17,-0.159476,0.0,25
2747,2015-12-18,-0.218516,-0.2263,25
2748,2015-12-19,-0.21608799999999997,-0.2023,25
2749,2015-12-20,-0.268092,-0.4019,25
2750,2015-12-21,-0.20491199999999998,-0.2263,25
2751,2015-12-22,-0.25192800000000004,-0.3182,25
2752,2015-12-23,-0.21262,-0.1531,25
2753,2015-12-24,-0.304548,-0.3182,25
2754,2015-12-25,-0.08917200000000002,0.0,25
2755,2015-12-26,-0.2758,-0.296,25
2756,2015-12-27,-0.23052,-0.1531,25
2757,2015-12-28,-0.26184799999999997,-0.2732,25
2758,2015-12-29,-0.21438,0.0,25
2759,2015-12-30,-0.25374,-0.2732,25
2760,2015-12-31,-0.082616,0.0,25
2761,2016-01-01,-0.11010000000000002,-0.0516,25
2762,2016-01-02,-0.293224,-0.34,25
2763,2016-01-03,-0.144012,0.0,25
2764,2016-01-04,-0.27561199999999997,-0.34,25
2765,2016-01-05,-0.337908,-0.4019,25
2766,2016-01-06,-0.375156,-0.3818,25
2767,2016-01-07,-0.18740400000000002,-0.1027,25
2768,2016-01-08,-0.262212,-0.4404,25
2769,2016-01-09,-0.096164,0.0,25
2770,2016-01-10,-0.20976,-0.34,25
2771,2016-01-11,-0.153868,0.0,25
2772,2016-01-12,-0.19308399999999998,0.0,25
2773,2016-01-13,-0.07288,0.0,25
2774,2016-01-14,-0.307256,-0.4019,25
2775,2016-01-15,-0.294236,-0.25,25
2776,2016-01-16,-0.14078,0.0,25
2777,2016-01-17,-0.23826799999999998,-0.1027,25
2778,2016-01-18,-0.29132,-0.296,25
2779,2016-01-19,-0.216084,-0.1027,25
2780,2016-01-20,-0.14673999999999998,0.0,25
2781,2016-01-21,-0.11240399999999999,0.0,25
2782,2016-01-22,-0.33796,-0.2887,25
2783,2016-01-23,-0.134112,0.0,25
2784,2016-01-24,-0.39435200000000004,-0.5267,25
2785,2016-01-25,-0.14082,0.0,25
2786,2016-01-26,-0.365884,-0.4404,25
2787,2016-01-27,-0.305084,-0.3811,25
2788,2016-01-28,-0.082964,0.0,25
2789,2016-01-29,-0.171124,-0.1531,25
2790,2016-01-30,-0.29718,-0.4404,25
2791,2016-01-31,-0.220816,-0.25,25
2792,2016-02-01,-0.06248,0.0,25
2793,2016-02-02,-0.16584800000000002,0.0,25
2794,2016-02-03,-0.23440000000000003,-0.4019,25
2795,2016-02-04,-0.133156,0.0,25
2796,2016-02-05,-0.176608,0.0,25
2797,2016-02-06,-0.071396,0.0,25
2798,2016-02-07,-0.12308400000000001,-0.1027,25
2799,2016-02-08,-0.24814799999999998,-0.4019,25
2800,2016-02-09,-0.21808799999999998,-0.2732,25
2801,2016-02-10,-0.289868,-0.4019,25
2802,2016-02-11,-0.243644,0.0,25
2803,2016-02-12,-0.048852,0.0,25
2804,2016-02-13,-0.05804,0.0,25
2805,2016-02-14,-0.15528,0.0,25
2806,2016-02-15,-0.297584,-0.34,25
2807,2016-02-16,-0.141712,0.0,25
2808,2016-02-17,-0.166876,0.0,25
2809,2016-02-18,-0.301628,-0.3818,25
2810,2016-02-19,-0.204424,0.0,25
2811,2016-02-20,-0.21376799999999999,0.0,25
2812,2016-02-21,-0.132104,-0.2263,25
2813,2016-02-22,-0.16456400000000002,-0.296,25
2814,2016-02-23,-0.097632,0.0,25
2815,2016-02-24,-0.205664,0.0,25
2816,2016-02-25,-0.145976,-0.2263,25
2817,2016-02-26,-0.35094000000000003,-0.3612,25
2818,2016-02-27,-0.066136,0.0,25
2819,2016-02-28,-0.259928,-0.296,25
2820,2016-02-29,-0.226208,-0.2732,25
2821,2016-03-01,-0.34865999999999997,-0.4404,25
2822,2016-03-02,-0.21096,-0.3182,25
2823,2016-03-03,-0.255652,-0.296,25
2824,2016-03-04,-0.276396,-0.3182,25
2825,2016-03-05,-0.18759599999999998,0.0,25
2826,2016-03-06,-0.197016,0.0,25
2827,2016-03-07,-0.10234,0.0,25
2828,2016-03-08,-0.274468,-0.3818,25
2829,2016-03-09,-0.194448,-0.1027,25
2830,2016-03-10,-0.35422,-0.4588,25
2831,2016-03-11,-0.316944,-0.4404,25
2832,2016-03-12,-0.180852,0.0,25
2833,2016-03-13,-0.003215999999999998,0.0,25
2834,2016-03-14,-0.166772,0.0,25
2835,2016-03-15,-0.23078400000000002,-0.296,25
2836,2016-03-16,-0.097728,0.0,25
2837,2016-03-17,-0.148444,-0.1779,25
2838,2016-03-18,-0.264176,-0.34,25
2839,2016-03-19,-0.377416,-0.4939,25
2840,2016-03-20,-0.093416,-0.1027,25
2841,2016-03-21,-0.128252,0.0,25
2842,2016-03-22,-0.347976,-0.4939,25
2843,2016-03-23,-0.27936,-0.2732,25
2844,2016-03-24,-0.335432,-0.4404,25
2845,2016-03-25,-0.39529600000000004,-0.5994,25
2846,2016-03-26,-0.301484,-0.296,25
2847,2016-03-28,-0.2515,-0.2732,25
2848,2016-03-29,-0.136976,0.0,25
2849,2016-03-30,-0.258184,-0.296,25
2850,2016-03-31,-0.158796,-0.2263,25
2851,2016-04-01,-0.17103200000000002,0.0,25
2852,2016-04-02,-0.259376,0.0,25
2853,2016-04-03,-0.19256800000000002,-0.25,25
2854,2016-04-04,-0.220568,-0.296,25
2855,2016-04-05,-0.19964400000000002,-0.2263,25
2856,2016-04-06,-0.13755599999999998,0.0,25
2857,2016-04-07,-0.132592,0.0,25
2858,2016-04-08,-0.165232,-0.1779,25
2859,2016-04-09,-0.19777999999999998,-0.0772,25
2860,2016-04-10,-0.11299999999999999,0.0,25
2861,2016-04-11,-0.106372,0.0,25
2862,2016-04-12,-0.126588,0.0,25
2863,2016-04-13,-0.272452,-0.25,25
2864,2016-04-14,-0.22469999999999998,-0.296,25
2865,2016-04-15,-0.139536,0.0,25
2866,2016-04-16,-0.12331199999999999,0.0,25
2867,2016-04-17,-0.24716000000000002,-0.34,25
2868,2016-04-18,-0.214364,-0.2023,25
2869,2016-04-19,-0.25557199999999997,-0.0516,25
2870,2016-04-20,-0.123352,0.0,25
2871,2016-04-21,-0.09306,-0.128,25
2872,2016-04-22,-0.12436,-0.1779,25
2873,2016-04-23,-0.250584,-0.2263,25
2874,2016-04-24,-0.196856,-0.296,25
2875,2016-04-25,-0.27645600000000004,-0.1531,25
2876,2016-04-26,-0.224192,-0.34,25
2877,2016-04-27,-0.230276,-0.4404,25
2878,2016-04-28,-0.159168,-0.25,25
2879,2016-04-29,-0.18942399999999998,0.0,25
2880,2016-04-30,-0.199252,-0.2023,25
2881,2016-05-01,-0.017127999999999994,0.0,25
2882,2016-05-02,-0.322048,-0.34,25
2883,2016-05-03,-0.063276,0.0,25
2884,2016-05-04,-0.326128,-0.4767,25
2885,2016-05-05,-0.19060000000000002,-0.296,25
2886,2016-05-06,-0.26246400000000003,-0.34,25
2887,2016-05-07,-0.22246399999999997,-0.296,25
2888,2016-05-08,-0.094968,0.0,25
2889,2016-05-09,-0.14076799999999998,0.0,25
2890,2016-05-10,-0.31436,-0.4404,25
2891,2016-05-11,-0.102744,0.0,25
2892,2016-05-12,-0.208888,-0.0258,25
2893,2016-05-13,-0.06906000000000001,0.0,25
2894,2016-05-14,-0.152912,-0.128,25
2895,2016-05-15,-0.168788,-0.1027,25
2896,2016-05-16,-0.17963200000000001,0.0,25
2897,2016-05-17,-0.1733,-0.128,25
2898,2016-05-18,-0.154624,0.0,25
2899,2016-05-19,-0.205576,-0.1531,25
2900,2016-05-20,-0.17790399999999998,0.0,25
2901,2016-05-21,-0.359216,-0.3818,25
2902,2016-05-22,-0.39649999999999996,-0.4404,25
2903,2016-05-23,-0.319948,-0.4939,25
2904,2016-05-24,-0.14551999999999998,0.0,25
2905,2016-05-25,-0.34588,-0.4019,25
2906,2016-05-26,-0.237692,-0.128,25
2907,2016-05-27,-0.249088,-0.34,25
2908,2016-05-28,-0.242264,-0.4391,25
2909,2016-05-29,-0.078212,-0.0258,25
2910,2016-05-30,-0.11976799999999999,0.0,25
2911,2016-05-31,-0.204176,-0.3612,25
2912,2016-06-01,-0.35397199999999995,-0.4588,25
2913,2016-06-02,-0.27406400000000003,-0.34,25
2914,2016-06-03,-0.12276,0.0,25
2915,2016-06-04,-0.166884,-0.1027,25
2916,2016-06-05,-0.17945599999999998,-0.4019,25
2917,2016-06-06,-0.259328,-0.2263,25
2918,2016-06-07,-0.113812,-0.0258,25
2919,2016-06-08,-0.07653599999999999,0.0,25
2920,2016-06-09,-0.112252,0.0,25
2921,2016-06-10,-0.14982800000000002,0.0,25
2922,2016-06-11,-0.21806,-0.296,25
2923,2016-06-12,-0.21814,-0.1027,25
2924,2016-06-13,-0.15316400000000002,-0.128,25
2925,2016-06-14,-0.152276,0.0,25
2926,2016-06-15,-0.272508,-0.4019,25
2927,2016-06-16,-0.264452,-0.3612,25
2928,2016-06-17,-0.295452,-0.4404,25
2929,2016-06-18,-0.254428,-0.3818,25
2930,2016-06-19,-0.090992,0.0,25
2931,2016-06-20,-0.352092,-0.4939,25
2932,2016-06-21,-0.37329999999999997,-0.34,25
2933,2016-06-22,-0.095448,0.0,25
2934,2016-06-23,-0.1825,-0.0572,25
2935,2016-06-24,-0.04683199999999999,0.0,25
2936,2016-06-25,-0.116852,0.0,25
2937,2016-06-26,-0.048491999999999987,0.0,25
2938,2016-06-27,-0.10077200000000001,-0.0772,25
2939,2016-06-28,-0.05045200000000001,0.0,25
2940,2016-06-29,-0.18404399999999999,0.0,25
2941,2016-06-30,-0.279312,-0.3182,25
2942,2016-07-01,-0.363268,-0.4019,25
